source name	characteristics[organism]	characteristics[organism part]	characteristics[organism part]	characteristics[cell type]	characteristics[age]	characteristics[ancestry category]	characteristics[sex]	characteristics[disease]	characteristics[sample identifier]	characteristics[developmental stage]	characteristics[biological replicate]	characteristics[individual]	comment[proteomexchange accession number]	comment[data file]	assay name	comment[file uri]	comment[fraction identifier]	comment[technical replicate]	comment[instrument]	comment[modification parameters]	comment[modification parameters]	comment[modification parameters]	comment[modification parameters]	comment[cleavage agent details]	comment[label]	comment[precursor mass tolerance]	comment[fragment mass tolerance]	comment[batch identifier]
PXD062642-Sample-1	Homo sapiens	Mesenchymal	Aortic smooth muscle cells	Aortic smooth muscle cells	not applicable	not available	not available	normal	AoSMC_CellMap_SCX_r1_f01	not available	1	not applicable	PXD062642	AoSMC_CellMap_SCX_r1_f01.raw	Aortic smooth muscle cells	ftp://ftp.pride.ebi.ac.uk/pride/data/archive/2026/01/PXD062642/AoSMC_CellMap_SCX_r1_f01.raw	1	1	NT=Orbitrap Fusion Lumos;AC=MS:1002732	NT=Carbamidomethyl;TA=C;MT=fixed;AC=UNIMOD:4	NT=Acetyl; MT=Variable; PP=Protein N-term; AC=UNIMOD:1	NT=Oxidation;MT=Variable;TA=M;AC=UNIMOD:35	"NT=Phospho;MT=Variable;TA=S,T,Y;AC=UNIMOD:21"	AC=MS:1001251;NT=Trypsin	AC=MS:1002038;NT=label free sample	10 ppm	20 ppm	1
PXD062642-Sample-1	Homo sapiens	Mesenchymal	Aortic smooth muscle cells	Aortic smooth muscle cells	not applicable	not available	not available	normal	AoSMC_CellMap_SCX_r1_f02	not available	1	not applicable	PXD062642	AoSMC_CellMap_SCX_r1_f02.raw	Aortic smooth muscle cells	ftp://ftp.pride.ebi.ac.uk/pride/data/archive/2026/01/PXD062642/AoSMC_CellMap_SCX_r1_f02.raw	2	1	NT=Orbitrap Fusion Lumos;AC=MS:1002732	NT=Carbamidomethyl;TA=C;MT=fixed;AC=UNIMOD:4	NT=Acetyl; MT=Variable; PP=Protein N-term; AC=UNIMOD:1	NT=Oxidation;MT=Variable;TA=M;AC=UNIMOD:35	"NT=Phospho;MT=Variable;TA=S,T,Y;AC=UNIMOD:21"	AC=MS:1001251;NT=Trypsin	AC=MS:1002038;NT=label free sample	10 ppm	20 ppm	1
PXD062642-Sample-1	Homo sapiens	Mesenchymal	Aortic smooth muscle cells	Aortic smooth muscle cells	not applicable	not available	not available	normal	AoSMC_CellMap_SCX_r1_f03	not available	1	not applicable	PXD062642	AoSMC_CellMap_SCX_r1_f03.raw	Aortic smooth muscle cells	ftp://ftp.pride.ebi.ac.uk/pride/data/archive/2026/01/PXD062642/AoSMC_CellMap_SCX_r1_f03.raw	3	1	NT=Orbitrap Fusion Lumos;AC=MS:1002732	NT=Carbamidomethyl;TA=C;MT=fixed;AC=UNIMOD:4	NT=Acetyl; MT=Variable; PP=Protein N-term; AC=UNIMOD:1	NT=Oxidation;MT=Variable;TA=M;AC=UNIMOD:35	"NT=Phospho;MT=Variable;TA=S,T,Y;AC=UNIMOD:21"	AC=MS:1001251;NT=Trypsin	AC=MS:1002038;NT=label free sample	10 ppm	20 ppm	1
PXD062642-Sample-1	Homo sapiens	Mesenchymal	Aortic smooth muscle cells	Aortic smooth muscle cells	not applicable	not available	not available	normal	AoSMC_CellMap_SCX_r1_f04	not available	1	not applicable	PXD062642	AoSMC_CellMap_SCX_r1_f04.raw	Aortic smooth muscle cells	ftp://ftp.pride.ebi.ac.uk/pride/data/archive/2026/01/PXD062642/AoSMC_CellMap_SCX_r1_f04.raw	4	1	NT=Orbitrap Fusion Lumos;AC=MS:1002732	NT=Carbamidomethyl;TA=C;MT=fixed;AC=UNIMOD:4	NT=Acetyl; MT=Variable; PP=Protein N-term; AC=UNIMOD:1	NT=Oxidation;MT=Variable;TA=M;AC=UNIMOD:35	"NT=Phospho;MT=Variable;TA=S,T,Y;AC=UNIMOD:21"	AC=MS:1001251;NT=Trypsin	AC=MS:1002038;NT=label free sample	10 ppm	20 ppm	1
PXD062642-Sample-1	Homo sapiens	Mesenchymal	Aortic smooth muscle cells	Aortic smooth muscle cells	not applicable	not available	not available	normal	AoSMC_CellMap_SCX_r1_f05	not available	1	not applicable	PXD062642	AoSMC_CellMap_SCX_r1_f05.raw	Aortic smooth muscle cells	ftp://ftp.pride.ebi.ac.uk/pride/data/archive/2026/01/PXD062642/AoSMC_CellMap_SCX_r1_f05.raw	5	1	NT=Orbitrap Fusion Lumos;AC=MS:1002732	NT=Carbamidomethyl;TA=C;MT=fixed;AC=UNIMOD:4	NT=Acetyl; MT=Variable; PP=Protein N-term; AC=UNIMOD:1	NT=Oxidation;MT=Variable;TA=M;AC=UNIMOD:35	"NT=Phospho;MT=Variable;TA=S,T,Y;AC=UNIMOD:21"	AC=MS:1001251;NT=Trypsin	AC=MS:1002038;NT=label free sample	10 ppm	20 ppm	1
PXD062642-Sample-1	Homo sapiens	Mesenchymal	Aortic smooth muscle cells	Aortic smooth muscle cells	not applicable	not available	not available	normal	AoSMC_CellMap_SCX_r1_f06	not available	1	not applicable	PXD062642	AoSMC_CellMap_SCX_r1_f06.raw	Aortic smooth muscle cells	ftp://ftp.pride.ebi.ac.uk/pride/data/archive/2026/01/PXD062642/AoSMC_CellMap_SCX_r1_f06.raw	6	1	NT=Orbitrap Fusion Lumos;AC=MS:1002732	NT=Carbamidomethyl;TA=C;MT=fixed;AC=UNIMOD:4	NT=Acetyl; MT=Variable; PP=Protein N-term; AC=UNIMOD:1	NT=Oxidation;MT=Variable;TA=M;AC=UNIMOD:35	"NT=Phospho;MT=Variable;TA=S,T,Y;AC=UNIMOD:21"	AC=MS:1001251;NT=Trypsin	AC=MS:1002038;NT=label free sample	10 ppm	20 ppm	1
PXD062642-Sample-1	Homo sapiens	Mesenchymal	Aortic smooth muscle cells	Aortic smooth muscle cells	not applicable	not available	not available	normal	AoSMC_CellMap_SCX_r2_f01	not available	1	not applicable	PXD062642	AoSMC_CellMap_SCX_r2_f01.raw	Aortic smooth muscle cells	ftp://ftp.pride.ebi.ac.uk/pride/data/archive/2026/01/PXD062642/AoSMC_CellMap_SCX_r2_f01.raw	1	2	NT=Orbitrap Fusion Lumos;AC=MS:1002732	NT=Carbamidomethyl;TA=C;MT=fixed;AC=UNIMOD:4	NT=Acetyl; MT=Variable; PP=Protein N-term; AC=UNIMOD:1	NT=Oxidation;MT=Variable;TA=M;AC=UNIMOD:35	"NT=Phospho;MT=Variable;TA=S,T,Y;AC=UNIMOD:21"	AC=MS:1001251;NT=Trypsin	AC=MS:1002038;NT=label free sample	10 ppm	20 ppm	1
PXD062642-Sample-1	Homo sapiens	Mesenchymal	Aortic smooth muscle cells	Aortic smooth muscle cells	not applicable	not available	not available	normal	AoSMC_CellMap_SCX_r2_f02	not available	1	not applicable	PXD062642	AoSMC_CellMap_SCX_r2_f02.raw	Aortic smooth muscle cells	ftp://ftp.pride.ebi.ac.uk/pride/data/archive/2026/01/PXD062642/AoSMC_CellMap_SCX_r2_f02.raw	2	2	NT=Orbitrap Fusion Lumos;AC=MS:1002732	NT=Carbamidomethyl;TA=C;MT=fixed;AC=UNIMOD:4	NT=Acetyl; MT=Variable; PP=Protein N-term; AC=UNIMOD:1	NT=Oxidation;MT=Variable;TA=M;AC=UNIMOD:35	"NT=Phospho;MT=Variable;TA=S,T,Y;AC=UNIMOD:21"	AC=MS:1001251;NT=Trypsin	AC=MS:1002038;NT=label free sample	10 ppm	20 ppm	1
PXD062642-Sample-1	Homo sapiens	Mesenchymal	Aortic smooth muscle cells	Aortic smooth muscle cells	not applicable	not available	not available	normal	AoSMC_CellMap_SCX_r2_f03	not available	1	not applicable	PXD062642	AoSMC_CellMap_SCX_r2_f03.raw	Aortic smooth muscle cells	ftp://ftp.pride.ebi.ac.uk/pride/data/archive/2026/01/PXD062642/AoSMC_CellMap_SCX_r2_f03.raw	3	2	NT=Orbitrap Fusion Lumos;AC=MS:1002732	NT=Carbamidomethyl;TA=C;MT=fixed;AC=UNIMOD:4	NT=Acetyl; MT=Variable; PP=Protein N-term; AC=UNIMOD:1	NT=Oxidation;MT=Variable;TA=M;AC=UNIMOD:35	"NT=Phospho;MT=Variable;TA=S,T,Y;AC=UNIMOD:21"	AC=MS:1001251;NT=Trypsin	AC=MS:1002038;NT=label free sample	10 ppm	20 ppm	1
PXD062642-Sample-1	Homo sapiens	Mesenchymal	Aortic smooth muscle cells	Aortic smooth muscle cells	not applicable	not available	not available	normal	AoSMC_CellMap_SCX_r2_f04	not available	1	not applicable	PXD062642	AoSMC_CellMap_SCX_r2_f04.raw	Aortic smooth muscle cells	ftp://ftp.pride.ebi.ac.uk/pride/data/archive/2026/01/PXD062642/AoSMC_CellMap_SCX_r2_f04.raw	4	2	NT=Orbitrap Fusion Lumos;AC=MS:1002732	NT=Carbamidomethyl;TA=C;MT=fixed;AC=UNIMOD:4	NT=Acetyl; MT=Variable; PP=Protein N-term; AC=UNIMOD:1	NT=Oxidation;MT=Variable;TA=M;AC=UNIMOD:35	"NT=Phospho;MT=Variable;TA=S,T,Y;AC=UNIMOD:21"	AC=MS:1001251;NT=Trypsin	AC=MS:1002038;NT=label free sample	10 ppm	20 ppm	1
PXD062642-Sample-1	Homo sapiens	Mesenchymal	Aortic smooth muscle cells	Aortic smooth muscle cells	not applicable	not available	not available	normal	AoSMC_CellMap_SCX_r2_f05	not available	1	not applicable	PXD062642	AoSMC_CellMap_SCX_r2_f05.raw	Aortic smooth muscle cells	ftp://ftp.pride.ebi.ac.uk/pride/data/archive/2026/01/PXD062642/AoSMC_CellMap_SCX_r2_f05.raw	5	2	NT=Orbitrap Fusion Lumos;AC=MS:1002732	NT=Carbamidomethyl;TA=C;MT=fixed;AC=UNIMOD:4	NT=Acetyl; MT=Variable; PP=Protein N-term; AC=UNIMOD:1	NT=Oxidation;MT=Variable;TA=M;AC=UNIMOD:35	"NT=Phospho;MT=Variable;TA=S,T,Y;AC=UNIMOD:21"	AC=MS:1001251;NT=Trypsin	AC=MS:1002038;NT=label free sample	10 ppm	20 ppm	1
PXD062642-Sample-1	Homo sapiens	Mesenchymal	Aortic smooth muscle cells	Aortic smooth muscle cells	not applicable	not available	not available	normal	AoSMC_CellMap_SCX_r2_f06	not available	1	not applicable	PXD062642	AoSMC_CellMap_SCX_r2_f06.raw	Aortic smooth muscle cells	ftp://ftp.pride.ebi.ac.uk/pride/data/archive/2026/01/PXD062642/AoSMC_CellMap_SCX_r2_f06.raw	6	2	NT=Orbitrap Fusion Lumos;AC=MS:1002732	NT=Carbamidomethyl;TA=C;MT=fixed;AC=UNIMOD:4	NT=Acetyl; MT=Variable; PP=Protein N-term; AC=UNIMOD:1	NT=Oxidation;MT=Variable;TA=M;AC=UNIMOD:35	"NT=Phospho;MT=Variable;TA=S,T,Y;AC=UNIMOD:21"	AC=MS:1001251;NT=Trypsin	AC=MS:1002038;NT=label free sample	10 ppm	20 ppm	1
PXD062642-Sample-1	Homo sapiens	Mesenchymal	Aortic smooth muscle cells	Aortic smooth muscle cells	not applicable	not available	not available	normal	AoSMC_CellMap_SCX_r3_f01	not available	1	not applicable	PXD062642	AoSMC_CellMap_SCX_r3_f01.raw	Aortic smooth muscle cells	ftp://ftp.pride.ebi.ac.uk/pride/data/archive/2026/01/PXD062642/AoSMC_CellMap_SCX_r3_f01.raw	1	3	NT=Orbitrap Fusion Lumos;AC=MS:1002732	NT=Carbamidomethyl;TA=C;MT=fixed;AC=UNIMOD:4	NT=Acetyl; MT=Variable; PP=Protein N-term; AC=UNIMOD:1	NT=Oxidation;MT=Variable;TA=M;AC=UNIMOD:35	"NT=Phospho;MT=Variable;TA=S,T,Y;AC=UNIMOD:21"	AC=MS:1001251;NT=Trypsin	AC=MS:1002038;NT=label free sample	10 ppm	20 ppm	1
PXD062642-Sample-1	Homo sapiens	Mesenchymal	Aortic smooth muscle cells	Aortic smooth muscle cells	not applicable	not available	not available	normal	AoSMC_CellMap_SCX_r3_f02	not available	1	not applicable	PXD062642	AoSMC_CellMap_SCX_r3_f02.raw	Aortic smooth muscle cells	ftp://ftp.pride.ebi.ac.uk/pride/data/archive/2026/01/PXD062642/AoSMC_CellMap_SCX_r3_f02.raw	2	3	NT=Orbitrap Fusion Lumos;AC=MS:1002732	NT=Carbamidomethyl;TA=C;MT=fixed;AC=UNIMOD:4	NT=Acetyl; MT=Variable; PP=Protein N-term; AC=UNIMOD:1	NT=Oxidation;MT=Variable;TA=M;AC=UNIMOD:35	"NT=Phospho;MT=Variable;TA=S,T,Y;AC=UNIMOD:21"	AC=MS:1001251;NT=Trypsin	AC=MS:1002038;NT=label free sample	10 ppm	20 ppm	1
PXD062642-Sample-1	Homo sapiens	Mesenchymal	Aortic smooth muscle cells	Aortic smooth muscle cells	not applicable	not available	not available	normal	AoSMC_CellMap_SCX_r3_f03	not available	1	not applicable	PXD062642	AoSMC_CellMap_SCX_r3_f03.raw	Aortic smooth muscle cells	ftp://ftp.pride.ebi.ac.uk/pride/data/archive/2026/01/PXD062642/AoSMC_CellMap_SCX_r3_f03.raw	3	3	NT=Orbitrap Fusion Lumos;AC=MS:1002732	NT=Carbamidomethyl;TA=C;MT=fixed;AC=UNIMOD:4	NT=Acetyl; MT=Variable; PP=Protein N-term; AC=UNIMOD:1	NT=Oxidation;MT=Variable;TA=M;AC=UNIMOD:35	"NT=Phospho;MT=Variable;TA=S,T,Y;AC=UNIMOD:21"	AC=MS:1001251;NT=Trypsin	AC=MS:1002038;NT=label free sample	10 ppm	20 ppm	1
PXD062642-Sample-1	Homo sapiens	Mesenchymal	Aortic smooth muscle cells	Aortic smooth muscle cells	not applicable	not available	not available	normal	AoSMC_CellMap_SCX_r3_f04	not available	1	not applicable	PXD062642	AoSMC_CellMap_SCX_r3_f04.raw	Aortic smooth muscle cells	ftp://ftp.pride.ebi.ac.uk/pride/data/archive/2026/01/PXD062642/AoSMC_CellMap_SCX_r3_f04.raw	4	3	NT=Orbitrap Fusion Lumos;AC=MS:1002732	NT=Carbamidomethyl;TA=C;MT=fixed;AC=UNIMOD:4	NT=Acetyl; MT=Variable; PP=Protein N-term; AC=UNIMOD:1	NT=Oxidation;MT=Variable;TA=M;AC=UNIMOD:35	"NT=Phospho;MT=Variable;TA=S,T,Y;AC=UNIMOD:21"	AC=MS:1001251;NT=Trypsin	AC=MS:1002038;NT=label free sample	10 ppm	20 ppm	1
PXD062642-Sample-1	Homo sapiens	Mesenchymal	Aortic smooth muscle cells	Aortic smooth muscle cells	not applicable	not available	not available	normal	AoSMC_CellMap_SCX_r3_f05	not available	1	not applicable	PXD062642	AoSMC_CellMap_SCX_r3_f05.raw	Aortic smooth muscle cells	ftp://ftp.pride.ebi.ac.uk/pride/data/archive/2026/01/PXD062642/AoSMC_CellMap_SCX_r3_f05.raw	5	3	NT=Orbitrap Fusion Lumos;AC=MS:1002732	NT=Carbamidomethyl;TA=C;MT=fixed;AC=UNIMOD:4	NT=Acetyl; MT=Variable; PP=Protein N-term; AC=UNIMOD:1	NT=Oxidation;MT=Variable;TA=M;AC=UNIMOD:35	"NT=Phospho;MT=Variable;TA=S,T,Y;AC=UNIMOD:21"	AC=MS:1001251;NT=Trypsin	AC=MS:1002038;NT=label free sample	10 ppm	20 ppm	1
PXD062642-Sample-1	Homo sapiens	Mesenchymal	Aortic smooth muscle cells	Aortic smooth muscle cells	not applicable	not available	not available	normal	AoSMC_CellMap_SCX_r3_f06	not available	1	not applicable	PXD062642	AoSMC_CellMap_SCX_r3_f06.raw	Aortic smooth muscle cells	ftp://ftp.pride.ebi.ac.uk/pride/data/archive/2026/01/PXD062642/AoSMC_CellMap_SCX_r3_f06.raw	6	3	NT=Orbitrap Fusion Lumos;AC=MS:1002732	NT=Carbamidomethyl;TA=C;MT=fixed;AC=UNIMOD:4	NT=Acetyl; MT=Variable; PP=Protein N-term; AC=UNIMOD:1	NT=Oxidation;MT=Variable;TA=M;AC=UNIMOD:35	"NT=Phospho;MT=Variable;TA=S,T,Y;AC=UNIMOD:21"	AC=MS:1001251;NT=Trypsin	AC=MS:1002038;NT=label free sample	10 ppm	20 ppm	1
PXD062642-Sample-2	Homo sapiens	Others	Astrocytes	Astrocytes	not applicable	not available	not available	normal	Astrocytes_CellMap_SCX_r1_f01	not available	1	not applicable	PXD062642	Astrocytes_CellMap_SCX_r1_f01.raw	Astrocytes	ftp://ftp.pride.ebi.ac.uk/pride/data/archive/2026/01/PXD062642/Astrocytes_CellMap_SCX_r1_f01.raw	1	1	NT=Orbitrap Fusion Lumos;AC=MS:1002732	NT=Carbamidomethyl;TA=C;MT=fixed;AC=UNIMOD:4	NT=Acetyl; MT=Variable; PP=Protein N-term; AC=UNIMOD:1	NT=Oxidation;MT=Variable;TA=M;AC=UNIMOD:35	"NT=Phospho;MT=Variable;TA=S,T,Y;AC=UNIMOD:21"	AC=MS:1001251;NT=Trypsin	AC=MS:1002038;NT=label free sample	10 ppm	20 ppm	1
PXD062642-Sample-2	Homo sapiens	Others	Astrocytes	Astrocytes	not applicable	not available	not available	normal	Astrocytes_CellMap_SCX_r1_f02	not available	1	not applicable	PXD062642	Astrocytes_CellMap_SCX_r1_f02.raw	Astrocytes	ftp://ftp.pride.ebi.ac.uk/pride/data/archive/2026/01/PXD062642/Astrocytes_CellMap_SCX_r1_f02.raw	2	1	NT=Orbitrap Fusion Lumos;AC=MS:1002732	NT=Carbamidomethyl;TA=C;MT=fixed;AC=UNIMOD:4	NT=Acetyl; MT=Variable; PP=Protein N-term; AC=UNIMOD:1	NT=Oxidation;MT=Variable;TA=M;AC=UNIMOD:35	"NT=Phospho;MT=Variable;TA=S,T,Y;AC=UNIMOD:21"	AC=MS:1001251;NT=Trypsin	AC=MS:1002038;NT=label free sample	10 ppm	20 ppm	1
PXD062642-Sample-2	Homo sapiens	Others	Astrocytes	Astrocytes	not applicable	not available	not available	normal	Astrocytes_CellMap_SCX_r1_f03	not available	1	not applicable	PXD062642	Astrocytes_CellMap_SCX_r1_f03.raw	Astrocytes	ftp://ftp.pride.ebi.ac.uk/pride/data/archive/2026/01/PXD062642/Astrocytes_CellMap_SCX_r1_f03.raw	3	1	NT=Orbitrap Fusion Lumos;AC=MS:1002732	NT=Carbamidomethyl;TA=C;MT=fixed;AC=UNIMOD:4	NT=Acetyl; MT=Variable; PP=Protein N-term; AC=UNIMOD:1	NT=Oxidation;MT=Variable;TA=M;AC=UNIMOD:35	"NT=Phospho;MT=Variable;TA=S,T,Y;AC=UNIMOD:21"	AC=MS:1001251;NT=Trypsin	AC=MS:1002038;NT=label free sample	10 ppm	20 ppm	1
PXD062642-Sample-2	Homo sapiens	Others	Astrocytes	Astrocytes	not applicable	not available	not available	normal	Astrocytes_CellMap_SCX_r1_f04	not available	1	not applicable	PXD062642	Astrocytes_CellMap_SCX_r1_f04.raw	Astrocytes	ftp://ftp.pride.ebi.ac.uk/pride/data/archive/2026/01/PXD062642/Astrocytes_CellMap_SCX_r1_f04.raw	4	1	NT=Orbitrap Fusion Lumos;AC=MS:1002732	NT=Carbamidomethyl;TA=C;MT=fixed;AC=UNIMOD:4	NT=Acetyl; MT=Variable; PP=Protein N-term; AC=UNIMOD:1	NT=Oxidation;MT=Variable;TA=M;AC=UNIMOD:35	"NT=Phospho;MT=Variable;TA=S,T,Y;AC=UNIMOD:21"	AC=MS:1001251;NT=Trypsin	AC=MS:1002038;NT=label free sample	10 ppm	20 ppm	1
PXD062642-Sample-2	Homo sapiens	Others	Astrocytes	Astrocytes	not applicable	not available	not available	normal	Astrocytes_CellMap_SCX_r1_f05	not available	1	not applicable	PXD062642	Astrocytes_CellMap_SCX_r1_f05.raw	Astrocytes	ftp://ftp.pride.ebi.ac.uk/pride/data/archive/2026/01/PXD062642/Astrocytes_CellMap_SCX_r1_f05.raw	5	1	NT=Orbitrap Fusion Lumos;AC=MS:1002732	NT=Carbamidomethyl;TA=C;MT=fixed;AC=UNIMOD:4	NT=Acetyl; MT=Variable; PP=Protein N-term; AC=UNIMOD:1	NT=Oxidation;MT=Variable;TA=M;AC=UNIMOD:35	"NT=Phospho;MT=Variable;TA=S,T,Y;AC=UNIMOD:21"	AC=MS:1001251;NT=Trypsin	AC=MS:1002038;NT=label free sample	10 ppm	20 ppm	1
PXD062642-Sample-2	Homo sapiens	Others	Astrocytes	Astrocytes	not applicable	not available	not available	normal	Astrocytes_CellMap_SCX_r1_f06	not available	1	not applicable	PXD062642	Astrocytes_CellMap_SCX_r1_f06.raw	Astrocytes	ftp://ftp.pride.ebi.ac.uk/pride/data/archive/2026/01/PXD062642/Astrocytes_CellMap_SCX_r1_f06.raw	6	1	NT=Orbitrap Fusion Lumos;AC=MS:1002732	NT=Carbamidomethyl;TA=C;MT=fixed;AC=UNIMOD:4	NT=Acetyl; MT=Variable; PP=Protein N-term; AC=UNIMOD:1	NT=Oxidation;MT=Variable;TA=M;AC=UNIMOD:35	"NT=Phospho;MT=Variable;TA=S,T,Y;AC=UNIMOD:21"	AC=MS:1001251;NT=Trypsin	AC=MS:1002038;NT=label free sample	10 ppm	20 ppm	1
PXD062642-Sample-2	Homo sapiens	Others	Astrocytes	Astrocytes	not applicable	not available	not available	normal	Astrocytes_CellMap_SCX_r2_f01	not available	1	not applicable	PXD062642	Astrocytes_CellMap_SCX_r2_f01.raw	Astrocytes	ftp://ftp.pride.ebi.ac.uk/pride/data/archive/2026/01/PXD062642/Astrocytes_CellMap_SCX_r2_f01.raw	1	2	NT=Orbitrap Fusion Lumos;AC=MS:1002732	NT=Carbamidomethyl;TA=C;MT=fixed;AC=UNIMOD:4	NT=Acetyl; MT=Variable; PP=Protein N-term; AC=UNIMOD:1	NT=Oxidation;MT=Variable;TA=M;AC=UNIMOD:35	"NT=Phospho;MT=Variable;TA=S,T,Y;AC=UNIMOD:21"	AC=MS:1001251;NT=Trypsin	AC=MS:1002038;NT=label free sample	10 ppm	20 ppm	1
PXD062642-Sample-2	Homo sapiens	Others	Astrocytes	Astrocytes	not applicable	not available	not available	normal	Astrocytes_CellMap_SCX_r2_f02	not available	1	not applicable	PXD062642	Astrocytes_CellMap_SCX_r2_f02.raw	Astrocytes	ftp://ftp.pride.ebi.ac.uk/pride/data/archive/2026/01/PXD062642/Astrocytes_CellMap_SCX_r2_f02.raw	2	2	NT=Orbitrap Fusion Lumos;AC=MS:1002732	NT=Carbamidomethyl;TA=C;MT=fixed;AC=UNIMOD:4	NT=Acetyl; MT=Variable; PP=Protein N-term; AC=UNIMOD:1	NT=Oxidation;MT=Variable;TA=M;AC=UNIMOD:35	"NT=Phospho;MT=Variable;TA=S,T,Y;AC=UNIMOD:21"	AC=MS:1001251;NT=Trypsin	AC=MS:1002038;NT=label free sample	10 ppm	20 ppm	1
PXD062642-Sample-2	Homo sapiens	Others	Astrocytes	Astrocytes	not applicable	not available	not available	normal	Astrocytes_CellMap_SCX_r2_f03	not available	1	not applicable	PXD062642	Astrocytes_CellMap_SCX_r2_f03.raw	Astrocytes	ftp://ftp.pride.ebi.ac.uk/pride/data/archive/2026/01/PXD062642/Astrocytes_CellMap_SCX_r2_f03.raw	3	2	NT=Orbitrap Fusion Lumos;AC=MS:1002732	NT=Carbamidomethyl;TA=C;MT=fixed;AC=UNIMOD:4	NT=Acetyl; MT=Variable; PP=Protein N-term; AC=UNIMOD:1	NT=Oxidation;MT=Variable;TA=M;AC=UNIMOD:35	"NT=Phospho;MT=Variable;TA=S,T,Y;AC=UNIMOD:21"	AC=MS:1001251;NT=Trypsin	AC=MS:1002038;NT=label free sample	10 ppm	20 ppm	1
PXD062642-Sample-2	Homo sapiens	Others	Astrocytes	Astrocytes	not applicable	not available	not available	normal	Astrocytes_CellMap_SCX_r2_f04	not available	1	not applicable	PXD062642	Astrocytes_CellMap_SCX_r2_f04.raw	Astrocytes	ftp://ftp.pride.ebi.ac.uk/pride/data/archive/2026/01/PXD062642/Astrocytes_CellMap_SCX_r2_f04.raw	4	2	NT=Orbitrap Fusion Lumos;AC=MS:1002732	NT=Carbamidomethyl;TA=C;MT=fixed;AC=UNIMOD:4	NT=Acetyl; MT=Variable; PP=Protein N-term; AC=UNIMOD:1	NT=Oxidation;MT=Variable;TA=M;AC=UNIMOD:35	"NT=Phospho;MT=Variable;TA=S,T,Y;AC=UNIMOD:21"	AC=MS:1001251;NT=Trypsin	AC=MS:1002038;NT=label free sample	10 ppm	20 ppm	1
PXD062642-Sample-2	Homo sapiens	Others	Astrocytes	Astrocytes	not applicable	not available	not available	normal	Astrocytes_CellMap_SCX_r2_f05	not available	1	not applicable	PXD062642	Astrocytes_CellMap_SCX_r2_f05.raw	Astrocytes	ftp://ftp.pride.ebi.ac.uk/pride/data/archive/2026/01/PXD062642/Astrocytes_CellMap_SCX_r2_f05.raw	5	2	NT=Orbitrap Fusion Lumos;AC=MS:1002732	NT=Carbamidomethyl;TA=C;MT=fixed;AC=UNIMOD:4	NT=Acetyl; MT=Variable; PP=Protein N-term; AC=UNIMOD:1	NT=Oxidation;MT=Variable;TA=M;AC=UNIMOD:35	"NT=Phospho;MT=Variable;TA=S,T,Y;AC=UNIMOD:21"	AC=MS:1001251;NT=Trypsin	AC=MS:1002038;NT=label free sample	10 ppm	20 ppm	1
PXD062642-Sample-2	Homo sapiens	Others	Astrocytes	Astrocytes	not applicable	not available	not available	normal	Astrocytes_CellMap_SCX_r2_f06	not available	1	not applicable	PXD062642	Astrocytes_CellMap_SCX_r2_f06.raw	Astrocytes	ftp://ftp.pride.ebi.ac.uk/pride/data/archive/2026/01/PXD062642/Astrocytes_CellMap_SCX_r2_f06.raw	6	2	NT=Orbitrap Fusion Lumos;AC=MS:1002732	NT=Carbamidomethyl;TA=C;MT=fixed;AC=UNIMOD:4	NT=Acetyl; MT=Variable; PP=Protein N-term; AC=UNIMOD:1	NT=Oxidation;MT=Variable;TA=M;AC=UNIMOD:35	"NT=Phospho;MT=Variable;TA=S,T,Y;AC=UNIMOD:21"	AC=MS:1001251;NT=Trypsin	AC=MS:1002038;NT=label free sample	10 ppm	20 ppm	1
PXD062642-Sample-2	Homo sapiens	Others	Astrocytes	Astrocytes	not applicable	not available	not available	normal	Astrocytes_CellMap_SCX_r3_f01	not available	1	not applicable	PXD062642	Astrocytes_CellMap_SCX_r3_f01.raw	Astrocytes	ftp://ftp.pride.ebi.ac.uk/pride/data/archive/2026/01/PXD062642/Astrocytes_CellMap_SCX_r3_f01.raw	1	3	NT=Orbitrap Fusion Lumos;AC=MS:1002732	NT=Carbamidomethyl;TA=C;MT=fixed;AC=UNIMOD:4	NT=Acetyl; MT=Variable; PP=Protein N-term; AC=UNIMOD:1	NT=Oxidation;MT=Variable;TA=M;AC=UNIMOD:35	"NT=Phospho;MT=Variable;TA=S,T,Y;AC=UNIMOD:21"	AC=MS:1001251;NT=Trypsin	AC=MS:1002038;NT=label free sample	10 ppm	20 ppm	1
PXD062642-Sample-2	Homo sapiens	Others	Astrocytes	Astrocytes	not applicable	not available	not available	normal	Astrocytes_CellMap_SCX_r3_f02	not available	1	not applicable	PXD062642	Astrocytes_CellMap_SCX_r3_f02.raw	Astrocytes	ftp://ftp.pride.ebi.ac.uk/pride/data/archive/2026/01/PXD062642/Astrocytes_CellMap_SCX_r3_f02.raw	2	3	NT=Orbitrap Fusion Lumos;AC=MS:1002732	NT=Carbamidomethyl;TA=C;MT=fixed;AC=UNIMOD:4	NT=Acetyl; MT=Variable; PP=Protein N-term; AC=UNIMOD:1	NT=Oxidation;MT=Variable;TA=M;AC=UNIMOD:35	"NT=Phospho;MT=Variable;TA=S,T,Y;AC=UNIMOD:21"	AC=MS:1001251;NT=Trypsin	AC=MS:1002038;NT=label free sample	10 ppm	20 ppm	1
PXD062642-Sample-2	Homo sapiens	Others	Astrocytes	Astrocytes	not applicable	not available	not available	normal	Astrocytes_CellMap_SCX_r3_f03	not available	1	not applicable	PXD062642	Astrocytes_CellMap_SCX_r3_f03.raw	Astrocytes	ftp://ftp.pride.ebi.ac.uk/pride/data/archive/2026/01/PXD062642/Astrocytes_CellMap_SCX_r3_f03.raw	3	3	NT=Orbitrap Fusion Lumos;AC=MS:1002732	NT=Carbamidomethyl;TA=C;MT=fixed;AC=UNIMOD:4	NT=Acetyl; MT=Variable; PP=Protein N-term; AC=UNIMOD:1	NT=Oxidation;MT=Variable;TA=M;AC=UNIMOD:35	"NT=Phospho;MT=Variable;TA=S,T,Y;AC=UNIMOD:21"	AC=MS:1001251;NT=Trypsin	AC=MS:1002038;NT=label free sample	10 ppm	20 ppm	1
PXD062642-Sample-2	Homo sapiens	Others	Astrocytes	Astrocytes	not applicable	not available	not available	normal	Astrocytes_CellMap_SCX_r3_f04	not available	1	not applicable	PXD062642	Astrocytes_CellMap_SCX_r3_f04.raw	Astrocytes	ftp://ftp.pride.ebi.ac.uk/pride/data/archive/2026/01/PXD062642/Astrocytes_CellMap_SCX_r3_f04.raw	4	3	NT=Orbitrap Fusion Lumos;AC=MS:1002732	NT=Carbamidomethyl;TA=C;MT=fixed;AC=UNIMOD:4	NT=Acetyl; MT=Variable; PP=Protein N-term; AC=UNIMOD:1	NT=Oxidation;MT=Variable;TA=M;AC=UNIMOD:35	"NT=Phospho;MT=Variable;TA=S,T,Y;AC=UNIMOD:21"	AC=MS:1001251;NT=Trypsin	AC=MS:1002038;NT=label free sample	10 ppm	20 ppm	1
PXD062642-Sample-2	Homo sapiens	Others	Astrocytes	Astrocytes	not applicable	not available	not available	normal	Astrocytes_CellMap_SCX_r3_f05	not available	1	not applicable	PXD062642	Astrocytes_CellMap_SCX_r3_f05.raw	Astrocytes	ftp://ftp.pride.ebi.ac.uk/pride/data/archive/2026/01/PXD062642/Astrocytes_CellMap_SCX_r3_f05.raw	5	3	NT=Orbitrap Fusion Lumos;AC=MS:1002732	NT=Carbamidomethyl;TA=C;MT=fixed;AC=UNIMOD:4	NT=Acetyl; MT=Variable; PP=Protein N-term; AC=UNIMOD:1	NT=Oxidation;MT=Variable;TA=M;AC=UNIMOD:35	"NT=Phospho;MT=Variable;TA=S,T,Y;AC=UNIMOD:21"	AC=MS:1001251;NT=Trypsin	AC=MS:1002038;NT=label free sample	10 ppm	20 ppm	1
PXD062642-Sample-2	Homo sapiens	Others	Astrocytes	Astrocytes	not applicable	not available	not available	normal	Astrocytes_CellMap_SCX_r3_f06	not available	1	not applicable	PXD062642	Astrocytes_CellMap_SCX_r3_f06.raw	Astrocytes	ftp://ftp.pride.ebi.ac.uk/pride/data/archive/2026/01/PXD062642/Astrocytes_CellMap_SCX_r3_f06.raw	6	3	NT=Orbitrap Fusion Lumos;AC=MS:1002732	NT=Carbamidomethyl;TA=C;MT=fixed;AC=UNIMOD:4	NT=Acetyl; MT=Variable; PP=Protein N-term; AC=UNIMOD:1	NT=Oxidation;MT=Variable;TA=M;AC=UNIMOD:35	"NT=Phospho;MT=Variable;TA=S,T,Y;AC=UNIMOD:21"	AC=MS:1001251;NT=Trypsin	AC=MS:1002038;NT=label free sample	10 ppm	20 ppm	1
PXD062642-Sample-3	Homo sapiens	Mesenchymal	Bladder smooth muscle cells	Bladder smooth muscle cells	not applicable	not available	not available	normal	BdSMC_CellMap_SCX_r1_f01	not available	1	not applicable	PXD062642	BdSMC_CellMap_SCX_r1_f01.raw	Bladder smooth muscle cells	ftp://ftp.pride.ebi.ac.uk/pride/data/archive/2026/01/PXD062642/BdSMC_CellMap_SCX_r1_f01.raw	1	1	NT=Orbitrap Fusion Lumos;AC=MS:1002732	NT=Carbamidomethyl;TA=C;MT=fixed;AC=UNIMOD:4	NT=Acetyl; MT=Variable; PP=Protein N-term; AC=UNIMOD:1	NT=Oxidation;MT=Variable;TA=M;AC=UNIMOD:35	"NT=Phospho;MT=Variable;TA=S,T,Y;AC=UNIMOD:21"	AC=MS:1001251;NT=Trypsin	AC=MS:1002038;NT=label free sample	10 ppm	20 ppm	1
PXD062642-Sample-3	Homo sapiens	Mesenchymal	Bladder smooth muscle cells	Bladder smooth muscle cells	not applicable	not available	not available	normal	BdSMC_CellMap_SCX_r1_f02	not available	1	not applicable	PXD062642	BdSMC_CellMap_SCX_r1_f02.raw	Bladder smooth muscle cells	ftp://ftp.pride.ebi.ac.uk/pride/data/archive/2026/01/PXD062642/BdSMC_CellMap_SCX_r1_f02.raw	2	1	NT=Orbitrap Fusion Lumos;AC=MS:1002732	NT=Carbamidomethyl;TA=C;MT=fixed;AC=UNIMOD:4	NT=Acetyl; MT=Variable; PP=Protein N-term; AC=UNIMOD:1	NT=Oxidation;MT=Variable;TA=M;AC=UNIMOD:35	"NT=Phospho;MT=Variable;TA=S,T,Y;AC=UNIMOD:21"	AC=MS:1001251;NT=Trypsin	AC=MS:1002038;NT=label free sample	10 ppm	20 ppm	1
PXD062642-Sample-3	Homo sapiens	Mesenchymal	Bladder smooth muscle cells	Bladder smooth muscle cells	not applicable	not available	not available	normal	BdSMC_CellMap_SCX_r1_f03	not available	1	not applicable	PXD062642	BdSMC_CellMap_SCX_r1_f03.raw	Bladder smooth muscle cells	ftp://ftp.pride.ebi.ac.uk/pride/data/archive/2026/01/PXD062642/BdSMC_CellMap_SCX_r1_f03.raw	3	1	NT=Orbitrap Fusion Lumos;AC=MS:1002732	NT=Carbamidomethyl;TA=C;MT=fixed;AC=UNIMOD:4	NT=Acetyl; MT=Variable; PP=Protein N-term; AC=UNIMOD:1	NT=Oxidation;MT=Variable;TA=M;AC=UNIMOD:35	"NT=Phospho;MT=Variable;TA=S,T,Y;AC=UNIMOD:21"	AC=MS:1001251;NT=Trypsin	AC=MS:1002038;NT=label free sample	10 ppm	20 ppm	1
PXD062642-Sample-3	Homo sapiens	Mesenchymal	Bladder smooth muscle cells	Bladder smooth muscle cells	not applicable	not available	not available	normal	BdSMC_CellMap_SCX_r1_f04	not available	1	not applicable	PXD062642	BdSMC_CellMap_SCX_r1_f04.raw	Bladder smooth muscle cells	ftp://ftp.pride.ebi.ac.uk/pride/data/archive/2026/01/PXD062642/BdSMC_CellMap_SCX_r1_f04.raw	4	1	NT=Orbitrap Fusion Lumos;AC=MS:1002732	NT=Carbamidomethyl;TA=C;MT=fixed;AC=UNIMOD:4	NT=Acetyl; MT=Variable; PP=Protein N-term; AC=UNIMOD:1	NT=Oxidation;MT=Variable;TA=M;AC=UNIMOD:35	"NT=Phospho;MT=Variable;TA=S,T,Y;AC=UNIMOD:21"	AC=MS:1001251;NT=Trypsin	AC=MS:1002038;NT=label free sample	10 ppm	20 ppm	1
PXD062642-Sample-3	Homo sapiens	Mesenchymal	Bladder smooth muscle cells	Bladder smooth muscle cells	not applicable	not available	not available	normal	BdSMC_CellMap_SCX_r1_f05	not available	1	not applicable	PXD062642	BdSMC_CellMap_SCX_r1_f05.raw	Bladder smooth muscle cells	ftp://ftp.pride.ebi.ac.uk/pride/data/archive/2026/01/PXD062642/BdSMC_CellMap_SCX_r1_f05.raw	5	1	NT=Orbitrap Fusion Lumos;AC=MS:1002732	NT=Carbamidomethyl;TA=C;MT=fixed;AC=UNIMOD:4	NT=Acetyl; MT=Variable; PP=Protein N-term; AC=UNIMOD:1	NT=Oxidation;MT=Variable;TA=M;AC=UNIMOD:35	"NT=Phospho;MT=Variable;TA=S,T,Y;AC=UNIMOD:21"	AC=MS:1001251;NT=Trypsin	AC=MS:1002038;NT=label free sample	10 ppm	20 ppm	1
PXD062642-Sample-3	Homo sapiens	Mesenchymal	Bladder smooth muscle cells	Bladder smooth muscle cells	not applicable	not available	not available	normal	BdSMC_CellMap_SCX_r1_f06	not available	1	not applicable	PXD062642	BdSMC_CellMap_SCX_r1_f06.raw	Bladder smooth muscle cells	ftp://ftp.pride.ebi.ac.uk/pride/data/archive/2026/01/PXD062642/BdSMC_CellMap_SCX_r1_f06.raw	6	1	NT=Orbitrap Fusion Lumos;AC=MS:1002732	NT=Carbamidomethyl;TA=C;MT=fixed;AC=UNIMOD:4	NT=Acetyl; MT=Variable; PP=Protein N-term; AC=UNIMOD:1	NT=Oxidation;MT=Variable;TA=M;AC=UNIMOD:35	"NT=Phospho;MT=Variable;TA=S,T,Y;AC=UNIMOD:21"	AC=MS:1001251;NT=Trypsin	AC=MS:1002038;NT=label free sample	10 ppm	20 ppm	1
PXD062642-Sample-3	Homo sapiens	Mesenchymal	Bladder smooth muscle cells	Bladder smooth muscle cells	not applicable	not available	not available	normal	BdSMC_CellMap_SCX_r2_f01	not available	1	not applicable	PXD062642	BdSMC_CellMap_SCX_r2_f01.raw	Bladder smooth muscle cells	ftp://ftp.pride.ebi.ac.uk/pride/data/archive/2026/01/PXD062642/BdSMC_CellMap_SCX_r2_f01.raw	1	2	NT=Orbitrap Fusion Lumos;AC=MS:1002732	NT=Carbamidomethyl;TA=C;MT=fixed;AC=UNIMOD:4	NT=Acetyl; MT=Variable; PP=Protein N-term; AC=UNIMOD:1	NT=Oxidation;MT=Variable;TA=M;AC=UNIMOD:35	"NT=Phospho;MT=Variable;TA=S,T,Y;AC=UNIMOD:21"	AC=MS:1001251;NT=Trypsin	AC=MS:1002038;NT=label free sample	10 ppm	20 ppm	1
PXD062642-Sample-3	Homo sapiens	Mesenchymal	Bladder smooth muscle cells	Bladder smooth muscle cells	not applicable	not available	not available	normal	BdSMC_CellMap_SCX_r2_f02	not available	1	not applicable	PXD062642	BdSMC_CellMap_SCX_r2_f02.raw	Bladder smooth muscle cells	ftp://ftp.pride.ebi.ac.uk/pride/data/archive/2026/01/PXD062642/BdSMC_CellMap_SCX_r2_f02.raw	2	2	NT=Orbitrap Fusion Lumos;AC=MS:1002732	NT=Carbamidomethyl;TA=C;MT=fixed;AC=UNIMOD:4	NT=Acetyl; MT=Variable; PP=Protein N-term; AC=UNIMOD:1	NT=Oxidation;MT=Variable;TA=M;AC=UNIMOD:35	"NT=Phospho;MT=Variable;TA=S,T,Y;AC=UNIMOD:21"	AC=MS:1001251;NT=Trypsin	AC=MS:1002038;NT=label free sample	10 ppm	20 ppm	1
PXD062642-Sample-3	Homo sapiens	Mesenchymal	Bladder smooth muscle cells	Bladder smooth muscle cells	not applicable	not available	not available	normal	BdSMC_CellMap_SCX_r2_f03	not available	1	not applicable	PXD062642	BdSMC_CellMap_SCX_r2_f03.raw	Bladder smooth muscle cells	ftp://ftp.pride.ebi.ac.uk/pride/data/archive/2026/01/PXD062642/BdSMC_CellMap_SCX_r2_f03.raw	3	2	NT=Orbitrap Fusion Lumos;AC=MS:1002732	NT=Carbamidomethyl;TA=C;MT=fixed;AC=UNIMOD:4	NT=Acetyl; MT=Variable; PP=Protein N-term; AC=UNIMOD:1	NT=Oxidation;MT=Variable;TA=M;AC=UNIMOD:35	"NT=Phospho;MT=Variable;TA=S,T,Y;AC=UNIMOD:21"	AC=MS:1001251;NT=Trypsin	AC=MS:1002038;NT=label free sample	10 ppm	20 ppm	1
PXD062642-Sample-3	Homo sapiens	Mesenchymal	Bladder smooth muscle cells	Bladder smooth muscle cells	not applicable	not available	not available	normal	BdSMC_CellMap_SCX_r2_f04	not available	1	not applicable	PXD062642	BdSMC_CellMap_SCX_r2_f04.raw	Bladder smooth muscle cells	ftp://ftp.pride.ebi.ac.uk/pride/data/archive/2026/01/PXD062642/BdSMC_CellMap_SCX_r2_f04.raw	4	2	NT=Orbitrap Fusion Lumos;AC=MS:1002732	NT=Carbamidomethyl;TA=C;MT=fixed;AC=UNIMOD:4	NT=Acetyl; MT=Variable; PP=Protein N-term; AC=UNIMOD:1	NT=Oxidation;MT=Variable;TA=M;AC=UNIMOD:35	"NT=Phospho;MT=Variable;TA=S,T,Y;AC=UNIMOD:21"	AC=MS:1001251;NT=Trypsin	AC=MS:1002038;NT=label free sample	10 ppm	20 ppm	1
PXD062642-Sample-3	Homo sapiens	Mesenchymal	Bladder smooth muscle cells	Bladder smooth muscle cells	not applicable	not available	not available	normal	BdSMC_CellMap_SCX_r2_f05	not available	1	not applicable	PXD062642	BdSMC_CellMap_SCX_r2_f05.raw	Bladder smooth muscle cells	ftp://ftp.pride.ebi.ac.uk/pride/data/archive/2026/01/PXD062642/BdSMC_CellMap_SCX_r2_f05.raw	5	2	NT=Orbitrap Fusion Lumos;AC=MS:1002732	NT=Carbamidomethyl;TA=C;MT=fixed;AC=UNIMOD:4	NT=Acetyl; MT=Variable; PP=Protein N-term; AC=UNIMOD:1	NT=Oxidation;MT=Variable;TA=M;AC=UNIMOD:35	"NT=Phospho;MT=Variable;TA=S,T,Y;AC=UNIMOD:21"	AC=MS:1001251;NT=Trypsin	AC=MS:1002038;NT=label free sample	10 ppm	20 ppm	1
PXD062642-Sample-3	Homo sapiens	Mesenchymal	Bladder smooth muscle cells	Bladder smooth muscle cells	not applicable	not available	not available	normal	BdSMC_CellMap_SCX_r2_f06	not available	1	not applicable	PXD062642	BdSMC_CellMap_SCX_r2_f06.raw	Bladder smooth muscle cells	ftp://ftp.pride.ebi.ac.uk/pride/data/archive/2026/01/PXD062642/BdSMC_CellMap_SCX_r2_f06.raw	6	2	NT=Orbitrap Fusion Lumos;AC=MS:1002732	NT=Carbamidomethyl;TA=C;MT=fixed;AC=UNIMOD:4	NT=Acetyl; MT=Variable; PP=Protein N-term; AC=UNIMOD:1	NT=Oxidation;MT=Variable;TA=M;AC=UNIMOD:35	"NT=Phospho;MT=Variable;TA=S,T,Y;AC=UNIMOD:21"	AC=MS:1001251;NT=Trypsin	AC=MS:1002038;NT=label free sample	10 ppm	20 ppm	1
PXD062642-Sample-3	Homo sapiens	Mesenchymal	Bladder smooth muscle cells	Bladder smooth muscle cells	not applicable	not available	not available	normal	BdSMC_CellMap_SCX_r3_f01	not available	1	not applicable	PXD062642	BdSMC_CellMap_SCX_r3_f01.raw	Bladder smooth muscle cells	ftp://ftp.pride.ebi.ac.uk/pride/data/archive/2026/01/PXD062642/BdSMC_CellMap_SCX_r3_f01.raw	1	3	NT=Orbitrap Fusion Lumos;AC=MS:1002732	NT=Carbamidomethyl;TA=C;MT=fixed;AC=UNIMOD:4	NT=Acetyl; MT=Variable; PP=Protein N-term; AC=UNIMOD:1	NT=Oxidation;MT=Variable;TA=M;AC=UNIMOD:35	"NT=Phospho;MT=Variable;TA=S,T,Y;AC=UNIMOD:21"	AC=MS:1001251;NT=Trypsin	AC=MS:1002038;NT=label free sample	10 ppm	20 ppm	1
PXD062642-Sample-3	Homo sapiens	Mesenchymal	Bladder smooth muscle cells	Bladder smooth muscle cells	not applicable	not available	not available	normal	BdSMC_CellMap_SCX_r3_f02	not available	1	not applicable	PXD062642	BdSMC_CellMap_SCX_r3_f02.raw	Bladder smooth muscle cells	ftp://ftp.pride.ebi.ac.uk/pride/data/archive/2026/01/PXD062642/BdSMC_CellMap_SCX_r3_f02.raw	2	3	NT=Orbitrap Fusion Lumos;AC=MS:1002732	NT=Carbamidomethyl;TA=C;MT=fixed;AC=UNIMOD:4	NT=Acetyl; MT=Variable; PP=Protein N-term; AC=UNIMOD:1	NT=Oxidation;MT=Variable;TA=M;AC=UNIMOD:35	"NT=Phospho;MT=Variable;TA=S,T,Y;AC=UNIMOD:21"	AC=MS:1001251;NT=Trypsin	AC=MS:1002038;NT=label free sample	10 ppm	20 ppm	1
PXD062642-Sample-3	Homo sapiens	Mesenchymal	Bladder smooth muscle cells	Bladder smooth muscle cells	not applicable	not available	not available	normal	BdSMC_CellMap_SCX_r3_f03	not available	1	not applicable	PXD062642	BdSMC_CellMap_SCX_r3_f03.raw	Bladder smooth muscle cells	ftp://ftp.pride.ebi.ac.uk/pride/data/archive/2026/01/PXD062642/BdSMC_CellMap_SCX_r3_f03.raw	3	3	NT=Orbitrap Fusion Lumos;AC=MS:1002732	NT=Carbamidomethyl;TA=C;MT=fixed;AC=UNIMOD:4	NT=Acetyl; MT=Variable; PP=Protein N-term; AC=UNIMOD:1	NT=Oxidation;MT=Variable;TA=M;AC=UNIMOD:35	"NT=Phospho;MT=Variable;TA=S,T,Y;AC=UNIMOD:21"	AC=MS:1001251;NT=Trypsin	AC=MS:1002038;NT=label free sample	10 ppm	20 ppm	1
PXD062642-Sample-3	Homo sapiens	Mesenchymal	Bladder smooth muscle cells	Bladder smooth muscle cells	not applicable	not available	not available	normal	BdSMC_CellMap_SCX_r3_f04	not available	1	not applicable	PXD062642	BdSMC_CellMap_SCX_r3_f04.raw	Bladder smooth muscle cells	ftp://ftp.pride.ebi.ac.uk/pride/data/archive/2026/01/PXD062642/BdSMC_CellMap_SCX_r3_f04.raw	4	3	NT=Orbitrap Fusion Lumos;AC=MS:1002732	NT=Carbamidomethyl;TA=C;MT=fixed;AC=UNIMOD:4	NT=Acetyl; MT=Variable; PP=Protein N-term; AC=UNIMOD:1	NT=Oxidation;MT=Variable;TA=M;AC=UNIMOD:35	"NT=Phospho;MT=Variable;TA=S,T,Y;AC=UNIMOD:21"	AC=MS:1001251;NT=Trypsin	AC=MS:1002038;NT=label free sample	10 ppm	20 ppm	1
PXD062642-Sample-3	Homo sapiens	Mesenchymal	Bladder smooth muscle cells	Bladder smooth muscle cells	not applicable	not available	not available	normal	BdSMC_CellMap_SCX_r3_f05	not available	1	not applicable	PXD062642	BdSMC_CellMap_SCX_r3_f05.raw	Bladder smooth muscle cells	ftp://ftp.pride.ebi.ac.uk/pride/data/archive/2026/01/PXD062642/BdSMC_CellMap_SCX_r3_f05.raw	5	3	NT=Orbitrap Fusion Lumos;AC=MS:1002732	NT=Carbamidomethyl;TA=C;MT=fixed;AC=UNIMOD:4	NT=Acetyl; MT=Variable; PP=Protein N-term; AC=UNIMOD:1	NT=Oxidation;MT=Variable;TA=M;AC=UNIMOD:35	"NT=Phospho;MT=Variable;TA=S,T,Y;AC=UNIMOD:21"	AC=MS:1001251;NT=Trypsin	AC=MS:1002038;NT=label free sample	10 ppm	20 ppm	1
PXD062642-Sample-3	Homo sapiens	Mesenchymal	Bladder smooth muscle cells	Bladder smooth muscle cells	not applicable	not available	not available	normal	BdSMC_CellMap_SCX_r3_f06	not available	1	not applicable	PXD062642	BdSMC_CellMap_SCX_r3_f06.raw	Bladder smooth muscle cells	ftp://ftp.pride.ebi.ac.uk/pride/data/archive/2026/01/PXD062642/BdSMC_CellMap_SCX_r3_f06.raw	6	3	NT=Orbitrap Fusion Lumos;AC=MS:1002732	NT=Carbamidomethyl;TA=C;MT=fixed;AC=UNIMOD:4	NT=Acetyl; MT=Variable; PP=Protein N-term; AC=UNIMOD:1	NT=Oxidation;MT=Variable;TA=M;AC=UNIMOD:35	"NT=Phospho;MT=Variable;TA=S,T,Y;AC=UNIMOD:21"	AC=MS:1001251;NT=Trypsin	AC=MS:1002038;NT=label free sample	10 ppm	20 ppm	1
PXD062642-Sample-4	Homo sapiens	Endothelial	Aortic endothelial cells	Aortic endothelial cells	not applicable	not available	not available	normal	HAEC_CellMap_SCX_r1_f01	not available	1	not applicable	PXD062642	HAEC_CellMap_SCX_r1_f01.raw	Aortic endothelial cells	ftp://ftp.pride.ebi.ac.uk/pride/data/archive/2026/01/PXD062642/HAEC_CellMap_SCX_r1_f01.raw	1	1	NT=Orbitrap Fusion Lumos;AC=MS:1002732	NT=Carbamidomethyl;TA=C;MT=fixed;AC=UNIMOD:4	NT=Acetyl; MT=Variable; PP=Protein N-term; AC=UNIMOD:1	NT=Oxidation;MT=Variable;TA=M;AC=UNIMOD:35	"NT=Phospho;MT=Variable;TA=S,T,Y;AC=UNIMOD:21"	AC=MS:1001251;NT=Trypsin	AC=MS:1002038;NT=label free sample	10 ppm	20 ppm	1
PXD062642-Sample-4	Homo sapiens	Endothelial	Aortic endothelial cells	Aortic endothelial cells	not applicable	not available	not available	normal	HAEC_CellMap_SCX_r1_f02	not available	1	not applicable	PXD062642	HAEC_CellMap_SCX_r1_f02.raw	Aortic endothelial cells	ftp://ftp.pride.ebi.ac.uk/pride/data/archive/2026/01/PXD062642/HAEC_CellMap_SCX_r1_f02.raw	2	1	NT=Orbitrap Fusion Lumos;AC=MS:1002732	NT=Carbamidomethyl;TA=C;MT=fixed;AC=UNIMOD:4	NT=Acetyl; MT=Variable; PP=Protein N-term; AC=UNIMOD:1	NT=Oxidation;MT=Variable;TA=M;AC=UNIMOD:35	"NT=Phospho;MT=Variable;TA=S,T,Y;AC=UNIMOD:21"	AC=MS:1001251;NT=Trypsin	AC=MS:1002038;NT=label free sample	10 ppm	20 ppm	1
PXD062642-Sample-4	Homo sapiens	Endothelial	Aortic endothelial cells	Aortic endothelial cells	not applicable	not available	not available	normal	HAEC_CellMap_SCX_r1_f03	not available	1	not applicable	PXD062642	HAEC_CellMap_SCX_r1_f03.raw	Aortic endothelial cells	ftp://ftp.pride.ebi.ac.uk/pride/data/archive/2026/01/PXD062642/HAEC_CellMap_SCX_r1_f03.raw	3	1	NT=Orbitrap Fusion Lumos;AC=MS:1002732	NT=Carbamidomethyl;TA=C;MT=fixed;AC=UNIMOD:4	NT=Acetyl; MT=Variable; PP=Protein N-term; AC=UNIMOD:1	NT=Oxidation;MT=Variable;TA=M;AC=UNIMOD:35	"NT=Phospho;MT=Variable;TA=S,T,Y;AC=UNIMOD:21"	AC=MS:1001251;NT=Trypsin	AC=MS:1002038;NT=label free sample	10 ppm	20 ppm	1
PXD062642-Sample-4	Homo sapiens	Endothelial	Aortic endothelial cells	Aortic endothelial cells	not applicable	not available	not available	normal	HAEC_CellMap_SCX_r1_f04	not available	1	not applicable	PXD062642	HAEC_CellMap_SCX_r1_f04.raw	Aortic endothelial cells	ftp://ftp.pride.ebi.ac.uk/pride/data/archive/2026/01/PXD062642/HAEC_CellMap_SCX_r1_f04.raw	4	1	NT=Orbitrap Fusion Lumos;AC=MS:1002732	NT=Carbamidomethyl;TA=C;MT=fixed;AC=UNIMOD:4	NT=Acetyl; MT=Variable; PP=Protein N-term; AC=UNIMOD:1	NT=Oxidation;MT=Variable;TA=M;AC=UNIMOD:35	"NT=Phospho;MT=Variable;TA=S,T,Y;AC=UNIMOD:21"	AC=MS:1001251;NT=Trypsin	AC=MS:1002038;NT=label free sample	10 ppm	20 ppm	1
PXD062642-Sample-4	Homo sapiens	Endothelial	Aortic endothelial cells	Aortic endothelial cells	not applicable	not available	not available	normal	HAEC_CellMap_SCX_r1_f05	not available	1	not applicable	PXD062642	HAEC_CellMap_SCX_r1_f05.raw	Aortic endothelial cells	ftp://ftp.pride.ebi.ac.uk/pride/data/archive/2026/01/PXD062642/HAEC_CellMap_SCX_r1_f05.raw	5	1	NT=Orbitrap Fusion Lumos;AC=MS:1002732	NT=Carbamidomethyl;TA=C;MT=fixed;AC=UNIMOD:4	NT=Acetyl; MT=Variable; PP=Protein N-term; AC=UNIMOD:1	NT=Oxidation;MT=Variable;TA=M;AC=UNIMOD:35	"NT=Phospho;MT=Variable;TA=S,T,Y;AC=UNIMOD:21"	AC=MS:1001251;NT=Trypsin	AC=MS:1002038;NT=label free sample	10 ppm	20 ppm	1
PXD062642-Sample-4	Homo sapiens	Endothelial	Aortic endothelial cells	Aortic endothelial cells	not applicable	not available	not available	normal	HAEC_CellMap_SCX_r1_f06	not available	1	not applicable	PXD062642	HAEC_CellMap_SCX_r1_f06.raw	Aortic endothelial cells	ftp://ftp.pride.ebi.ac.uk/pride/data/archive/2026/01/PXD062642/HAEC_CellMap_SCX_r1_f06.raw	6	1	NT=Orbitrap Fusion Lumos;AC=MS:1002732	NT=Carbamidomethyl;TA=C;MT=fixed;AC=UNIMOD:4	NT=Acetyl; MT=Variable; PP=Protein N-term; AC=UNIMOD:1	NT=Oxidation;MT=Variable;TA=M;AC=UNIMOD:35	"NT=Phospho;MT=Variable;TA=S,T,Y;AC=UNIMOD:21"	AC=MS:1001251;NT=Trypsin	AC=MS:1002038;NT=label free sample	10 ppm	20 ppm	1
PXD062642-Sample-4	Homo sapiens	Endothelial	Aortic endothelial cells	Aortic endothelial cells	not applicable	not available	not available	normal	HAEC_CellMap_SCX_r2_f01	not available	1	not applicable	PXD062642	HAEC_CellMap_SCX_r2_f01.raw	Aortic endothelial cells	ftp://ftp.pride.ebi.ac.uk/pride/data/archive/2026/01/PXD062642/HAEC_CellMap_SCX_r2_f01.raw	1	2	NT=Orbitrap Fusion Lumos;AC=MS:1002732	NT=Carbamidomethyl;TA=C;MT=fixed;AC=UNIMOD:4	NT=Acetyl; MT=Variable; PP=Protein N-term; AC=UNIMOD:1	NT=Oxidation;MT=Variable;TA=M;AC=UNIMOD:35	"NT=Phospho;MT=Variable;TA=S,T,Y;AC=UNIMOD:21"	AC=MS:1001251;NT=Trypsin	AC=MS:1002038;NT=label free sample	10 ppm	20 ppm	1
PXD062642-Sample-4	Homo sapiens	Endothelial	Aortic endothelial cells	Aortic endothelial cells	not applicable	not available	not available	normal	HAEC_CellMap_SCX_r2_f02	not available	1	not applicable	PXD062642	HAEC_CellMap_SCX_r2_f02.raw	Aortic endothelial cells	ftp://ftp.pride.ebi.ac.uk/pride/data/archive/2026/01/PXD062642/HAEC_CellMap_SCX_r2_f02.raw	2	2	NT=Orbitrap Fusion Lumos;AC=MS:1002732	NT=Carbamidomethyl;TA=C;MT=fixed;AC=UNIMOD:4	NT=Acetyl; MT=Variable; PP=Protein N-term; AC=UNIMOD:1	NT=Oxidation;MT=Variable;TA=M;AC=UNIMOD:35	"NT=Phospho;MT=Variable;TA=S,T,Y;AC=UNIMOD:21"	AC=MS:1001251;NT=Trypsin	AC=MS:1002038;NT=label free sample	10 ppm	20 ppm	1
PXD062642-Sample-4	Homo sapiens	Endothelial	Aortic endothelial cells	Aortic endothelial cells	not applicable	not available	not available	normal	HAEC_CellMap_SCX_r2_f03	not available	1	not applicable	PXD062642	HAEC_CellMap_SCX_r2_f03.raw	Aortic endothelial cells	ftp://ftp.pride.ebi.ac.uk/pride/data/archive/2026/01/PXD062642/HAEC_CellMap_SCX_r2_f03.raw	3	2	NT=Orbitrap Fusion Lumos;AC=MS:1002732	NT=Carbamidomethyl;TA=C;MT=fixed;AC=UNIMOD:4	NT=Acetyl; MT=Variable; PP=Protein N-term; AC=UNIMOD:1	NT=Oxidation;MT=Variable;TA=M;AC=UNIMOD:35	"NT=Phospho;MT=Variable;TA=S,T,Y;AC=UNIMOD:21"	AC=MS:1001251;NT=Trypsin	AC=MS:1002038;NT=label free sample	10 ppm	20 ppm	1
PXD062642-Sample-4	Homo sapiens	Endothelial	Aortic endothelial cells	Aortic endothelial cells	not applicable	not available	not available	normal	HAEC_CellMap_SCX_r2_f04	not available	1	not applicable	PXD062642	HAEC_CellMap_SCX_r2_f04.raw	Aortic endothelial cells	ftp://ftp.pride.ebi.ac.uk/pride/data/archive/2026/01/PXD062642/HAEC_CellMap_SCX_r2_f04.raw	4	2	NT=Orbitrap Fusion Lumos;AC=MS:1002732	NT=Carbamidomethyl;TA=C;MT=fixed;AC=UNIMOD:4	NT=Acetyl; MT=Variable; PP=Protein N-term; AC=UNIMOD:1	NT=Oxidation;MT=Variable;TA=M;AC=UNIMOD:35	"NT=Phospho;MT=Variable;TA=S,T,Y;AC=UNIMOD:21"	AC=MS:1001251;NT=Trypsin	AC=MS:1002038;NT=label free sample	10 ppm	20 ppm	1
PXD062642-Sample-4	Homo sapiens	Endothelial	Aortic endothelial cells	Aortic endothelial cells	not applicable	not available	not available	normal	HAEC_CellMap_SCX_r2_f05	not available	1	not applicable	PXD062642	HAEC_CellMap_SCX_r2_f05.raw	Aortic endothelial cells	ftp://ftp.pride.ebi.ac.uk/pride/data/archive/2026/01/PXD062642/HAEC_CellMap_SCX_r2_f05.raw	5	2	NT=Orbitrap Fusion Lumos;AC=MS:1002732	NT=Carbamidomethyl;TA=C;MT=fixed;AC=UNIMOD:4	NT=Acetyl; MT=Variable; PP=Protein N-term; AC=UNIMOD:1	NT=Oxidation;MT=Variable;TA=M;AC=UNIMOD:35	"NT=Phospho;MT=Variable;TA=S,T,Y;AC=UNIMOD:21"	AC=MS:1001251;NT=Trypsin	AC=MS:1002038;NT=label free sample	10 ppm	20 ppm	1
PXD062642-Sample-4	Homo sapiens	Endothelial	Aortic endothelial cells	Aortic endothelial cells	not applicable	not available	not available	normal	HAEC_CellMap_SCX_r2_f06	not available	1	not applicable	PXD062642	HAEC_CellMap_SCX_r2_f06.raw	Aortic endothelial cells	ftp://ftp.pride.ebi.ac.uk/pride/data/archive/2026/01/PXD062642/HAEC_CellMap_SCX_r2_f06.raw	6	2	NT=Orbitrap Fusion Lumos;AC=MS:1002732	NT=Carbamidomethyl;TA=C;MT=fixed;AC=UNIMOD:4	NT=Acetyl; MT=Variable; PP=Protein N-term; AC=UNIMOD:1	NT=Oxidation;MT=Variable;TA=M;AC=UNIMOD:35	"NT=Phospho;MT=Variable;TA=S,T,Y;AC=UNIMOD:21"	AC=MS:1001251;NT=Trypsin	AC=MS:1002038;NT=label free sample	10 ppm	20 ppm	1
PXD062642-Sample-4	Homo sapiens	Endothelial	Aortic endothelial cells	Aortic endothelial cells	not applicable	not available	not available	normal	HAEC_CellMap_SCX_r3_f01	not available	1	not applicable	PXD062642	HAEC_CellMap_SCX_r3_f01.raw	Aortic endothelial cells	ftp://ftp.pride.ebi.ac.uk/pride/data/archive/2026/01/PXD062642/HAEC_CellMap_SCX_r3_f01.raw	1	3	NT=Orbitrap Fusion Lumos;AC=MS:1002732	NT=Carbamidomethyl;TA=C;MT=fixed;AC=UNIMOD:4	NT=Acetyl; MT=Variable; PP=Protein N-term; AC=UNIMOD:1	NT=Oxidation;MT=Variable;TA=M;AC=UNIMOD:35	"NT=Phospho;MT=Variable;TA=S,T,Y;AC=UNIMOD:21"	AC=MS:1001251;NT=Trypsin	AC=MS:1002038;NT=label free sample	10 ppm	20 ppm	1
PXD062642-Sample-4	Homo sapiens	Endothelial	Aortic endothelial cells	Aortic endothelial cells	not applicable	not available	not available	normal	HAEC_CellMap_SCX_r3_f02	not available	1	not applicable	PXD062642	HAEC_CellMap_SCX_r3_f02.raw	Aortic endothelial cells	ftp://ftp.pride.ebi.ac.uk/pride/data/archive/2026/01/PXD062642/HAEC_CellMap_SCX_r3_f02.raw	2	3	NT=Orbitrap Fusion Lumos;AC=MS:1002732	NT=Carbamidomethyl;TA=C;MT=fixed;AC=UNIMOD:4	NT=Acetyl; MT=Variable; PP=Protein N-term; AC=UNIMOD:1	NT=Oxidation;MT=Variable;TA=M;AC=UNIMOD:35	"NT=Phospho;MT=Variable;TA=S,T,Y;AC=UNIMOD:21"	AC=MS:1001251;NT=Trypsin	AC=MS:1002038;NT=label free sample	10 ppm	20 ppm	1
PXD062642-Sample-4	Homo sapiens	Endothelial	Aortic endothelial cells	Aortic endothelial cells	not applicable	not available	not available	normal	HAEC_CellMap_SCX_r3_f03	not available	1	not applicable	PXD062642	HAEC_CellMap_SCX_r3_f03.raw	Aortic endothelial cells	ftp://ftp.pride.ebi.ac.uk/pride/data/archive/2026/01/PXD062642/HAEC_CellMap_SCX_r3_f03.raw	3	3	NT=Orbitrap Fusion Lumos;AC=MS:1002732	NT=Carbamidomethyl;TA=C;MT=fixed;AC=UNIMOD:4	NT=Acetyl; MT=Variable; PP=Protein N-term; AC=UNIMOD:1	NT=Oxidation;MT=Variable;TA=M;AC=UNIMOD:35	"NT=Phospho;MT=Variable;TA=S,T,Y;AC=UNIMOD:21"	AC=MS:1001251;NT=Trypsin	AC=MS:1002038;NT=label free sample	10 ppm	20 ppm	1
PXD062642-Sample-4	Homo sapiens	Endothelial	Aortic endothelial cells	Aortic endothelial cells	not applicable	not available	not available	normal	HAEC_CellMap_SCX_r3_f04	not available	1	not applicable	PXD062642	HAEC_CellMap_SCX_r3_f04.raw	Aortic endothelial cells	ftp://ftp.pride.ebi.ac.uk/pride/data/archive/2026/01/PXD062642/HAEC_CellMap_SCX_r3_f04.raw	4	3	NT=Orbitrap Fusion Lumos;AC=MS:1002732	NT=Carbamidomethyl;TA=C;MT=fixed;AC=UNIMOD:4	NT=Acetyl; MT=Variable; PP=Protein N-term; AC=UNIMOD:1	NT=Oxidation;MT=Variable;TA=M;AC=UNIMOD:35	"NT=Phospho;MT=Variable;TA=S,T,Y;AC=UNIMOD:21"	AC=MS:1001251;NT=Trypsin	AC=MS:1002038;NT=label free sample	10 ppm	20 ppm	1
PXD062642-Sample-4	Homo sapiens	Endothelial	Aortic endothelial cells	Aortic endothelial cells	not applicable	not available	not available	normal	HAEC_CellMap_SCX_r3_f05	not available	1	not applicable	PXD062642	HAEC_CellMap_SCX_r3_f05.raw	Aortic endothelial cells	ftp://ftp.pride.ebi.ac.uk/pride/data/archive/2026/01/PXD062642/HAEC_CellMap_SCX_r3_f05.raw	5	3	NT=Orbitrap Fusion Lumos;AC=MS:1002732	NT=Carbamidomethyl;TA=C;MT=fixed;AC=UNIMOD:4	NT=Acetyl; MT=Variable; PP=Protein N-term; AC=UNIMOD:1	NT=Oxidation;MT=Variable;TA=M;AC=UNIMOD:35	"NT=Phospho;MT=Variable;TA=S,T,Y;AC=UNIMOD:21"	AC=MS:1001251;NT=Trypsin	AC=MS:1002038;NT=label free sample	10 ppm	20 ppm	1
PXD062642-Sample-4	Homo sapiens	Endothelial	Aortic endothelial cells	Aortic endothelial cells	not applicable	not available	not available	normal	HAEC_CellMap_SCX_r3_f06	not available	1	not applicable	PXD062642	HAEC_CellMap_SCX_r3_f06.raw	Aortic endothelial cells	ftp://ftp.pride.ebi.ac.uk/pride/data/archive/2026/01/PXD062642/HAEC_CellMap_SCX_r3_f06.raw	6	3	NT=Orbitrap Fusion Lumos;AC=MS:1002732	NT=Carbamidomethyl;TA=C;MT=fixed;AC=UNIMOD:4	NT=Acetyl; MT=Variable; PP=Protein N-term; AC=UNIMOD:1	NT=Oxidation;MT=Variable;TA=M;AC=UNIMOD:35	"NT=Phospho;MT=Variable;TA=S,T,Y;AC=UNIMOD:21"	AC=MS:1001251;NT=Trypsin	AC=MS:1002038;NT=label free sample	10 ppm	20 ppm	1
PXD062642-Sample-5	Homo sapiens	Endothelial	Lung microvascular endothelial cells	Lung microvascular endothelial cells	not applicable	not available	not available	normal	HMVEC-L_SCX_r1_f01	not available	1	not applicable	PXD062642	HMVEC-L_SCX_r1_f01.raw	Lung microvascular endothelial cells	ftp://ftp.pride.ebi.ac.uk/pride/data/archive/2026/01/PXD062642/HMVEC-L_SCX_r1_f01.raw	1	1	NT=Orbitrap Fusion Lumos;AC=MS:1002732	NT=Carbamidomethyl;TA=C;MT=fixed;AC=UNIMOD:4	NT=Acetyl; MT=Variable; PP=Protein N-term; AC=UNIMOD:1	NT=Oxidation;MT=Variable;TA=M;AC=UNIMOD:35	"NT=Phospho;MT=Variable;TA=S,T,Y;AC=UNIMOD:21"	AC=MS:1001251;NT=Trypsin	AC=MS:1002038;NT=label free sample	10 ppm	20 ppm	1
PXD062642-Sample-5	Homo sapiens	Endothelial	Lung microvascular endothelial cells	Lung microvascular endothelial cells	not applicable	not available	not available	normal	HMVEC-L_SCX_r1_f02	not available	1	not applicable	PXD062642	HMVEC-L_SCX_r1_f02.raw	Lung microvascular endothelial cells	ftp://ftp.pride.ebi.ac.uk/pride/data/archive/2026/01/PXD062642/HMVEC-L_SCX_r1_f02.raw	2	1	NT=Orbitrap Fusion Lumos;AC=MS:1002732	NT=Carbamidomethyl;TA=C;MT=fixed;AC=UNIMOD:4	NT=Acetyl; MT=Variable; PP=Protein N-term; AC=UNIMOD:1	NT=Oxidation;MT=Variable;TA=M;AC=UNIMOD:35	"NT=Phospho;MT=Variable;TA=S,T,Y;AC=UNIMOD:21"	AC=MS:1001251;NT=Trypsin	AC=MS:1002038;NT=label free sample	10 ppm	20 ppm	1
PXD062642-Sample-5	Homo sapiens	Endothelial	Lung microvascular endothelial cells	Lung microvascular endothelial cells	not applicable	not available	not available	normal	HMVEC-L_SCX_r1_f03	not available	1	not applicable	PXD062642	HMVEC-L_SCX_r1_f03.raw	Lung microvascular endothelial cells	ftp://ftp.pride.ebi.ac.uk/pride/data/archive/2026/01/PXD062642/HMVEC-L_SCX_r1_f03.raw	3	1	NT=Orbitrap Fusion Lumos;AC=MS:1002732	NT=Carbamidomethyl;TA=C;MT=fixed;AC=UNIMOD:4	NT=Acetyl; MT=Variable; PP=Protein N-term; AC=UNIMOD:1	NT=Oxidation;MT=Variable;TA=M;AC=UNIMOD:35	"NT=Phospho;MT=Variable;TA=S,T,Y;AC=UNIMOD:21"	AC=MS:1001251;NT=Trypsin	AC=MS:1002038;NT=label free sample	10 ppm	20 ppm	1
PXD062642-Sample-5	Homo sapiens	Endothelial	Lung microvascular endothelial cells	Lung microvascular endothelial cells	not applicable	not available	not available	normal	HMVEC-L_SCX_r1_f04	not available	1	not applicable	PXD062642	HMVEC-L_SCX_r1_f04.raw	Lung microvascular endothelial cells	ftp://ftp.pride.ebi.ac.uk/pride/data/archive/2026/01/PXD062642/HMVEC-L_SCX_r1_f04.raw	4	1	NT=Orbitrap Fusion Lumos;AC=MS:1002732	NT=Carbamidomethyl;TA=C;MT=fixed;AC=UNIMOD:4	NT=Acetyl; MT=Variable; PP=Protein N-term; AC=UNIMOD:1	NT=Oxidation;MT=Variable;TA=M;AC=UNIMOD:35	"NT=Phospho;MT=Variable;TA=S,T,Y;AC=UNIMOD:21"	AC=MS:1001251;NT=Trypsin	AC=MS:1002038;NT=label free sample	10 ppm	20 ppm	1
PXD062642-Sample-5	Homo sapiens	Endothelial	Lung microvascular endothelial cells	Lung microvascular endothelial cells	not applicable	not available	not available	normal	HMVEC-L_SCX_r1_f05	not available	1	not applicable	PXD062642	HMVEC-L_SCX_r1_f05.raw	Lung microvascular endothelial cells	ftp://ftp.pride.ebi.ac.uk/pride/data/archive/2026/01/PXD062642/HMVEC-L_SCX_r1_f05.raw	5	1	NT=Orbitrap Fusion Lumos;AC=MS:1002732	NT=Carbamidomethyl;TA=C;MT=fixed;AC=UNIMOD:4	NT=Acetyl; MT=Variable; PP=Protein N-term; AC=UNIMOD:1	NT=Oxidation;MT=Variable;TA=M;AC=UNIMOD:35	"NT=Phospho;MT=Variable;TA=S,T,Y;AC=UNIMOD:21"	AC=MS:1001251;NT=Trypsin	AC=MS:1002038;NT=label free sample	10 ppm	20 ppm	1
PXD062642-Sample-5	Homo sapiens	Endothelial	Lung microvascular endothelial cells	Lung microvascular endothelial cells	not applicable	not available	not available	normal	HMVEC-L_SCX_r1_f06	not available	1	not applicable	PXD062642	HMVEC-L_SCX_r1_f06.raw	Lung microvascular endothelial cells	ftp://ftp.pride.ebi.ac.uk/pride/data/archive/2026/01/PXD062642/HMVEC-L_SCX_r1_f06.raw	6	1	NT=Orbitrap Fusion Lumos;AC=MS:1002732	NT=Carbamidomethyl;TA=C;MT=fixed;AC=UNIMOD:4	NT=Acetyl; MT=Variable; PP=Protein N-term; AC=UNIMOD:1	NT=Oxidation;MT=Variable;TA=M;AC=UNIMOD:35	"NT=Phospho;MT=Variable;TA=S,T,Y;AC=UNIMOD:21"	AC=MS:1001251;NT=Trypsin	AC=MS:1002038;NT=label free sample	10 ppm	20 ppm	1
PXD062642-Sample-5	Homo sapiens	Endothelial	Lung microvascular endothelial cells	Lung microvascular endothelial cells	not applicable	not available	not available	normal	HMVEC-L_SCX_r2_f01	not available	1	not applicable	PXD062642	HMVEC-L_SCX_r2_f01.raw	Lung microvascular endothelial cells	ftp://ftp.pride.ebi.ac.uk/pride/data/archive/2026/01/PXD062642/HMVEC-L_SCX_r2_f01.raw	1	2	NT=Orbitrap Fusion Lumos;AC=MS:1002732	NT=Carbamidomethyl;TA=C;MT=fixed;AC=UNIMOD:4	NT=Acetyl; MT=Variable; PP=Protein N-term; AC=UNIMOD:1	NT=Oxidation;MT=Variable;TA=M;AC=UNIMOD:35	"NT=Phospho;MT=Variable;TA=S,T,Y;AC=UNIMOD:21"	AC=MS:1001251;NT=Trypsin	AC=MS:1002038;NT=label free sample	10 ppm	20 ppm	1
PXD062642-Sample-5	Homo sapiens	Endothelial	Lung microvascular endothelial cells	Lung microvascular endothelial cells	not applicable	not available	not available	normal	HMVEC-L_SCX_r2_f02	not available	1	not applicable	PXD062642	HMVEC-L_SCX_r2_f02.raw	Lung microvascular endothelial cells	ftp://ftp.pride.ebi.ac.uk/pride/data/archive/2026/01/PXD062642/HMVEC-L_SCX_r2_f02.raw	2	2	NT=Orbitrap Fusion Lumos;AC=MS:1002732	NT=Carbamidomethyl;TA=C;MT=fixed;AC=UNIMOD:4	NT=Acetyl; MT=Variable; PP=Protein N-term; AC=UNIMOD:1	NT=Oxidation;MT=Variable;TA=M;AC=UNIMOD:35	"NT=Phospho;MT=Variable;TA=S,T,Y;AC=UNIMOD:21"	AC=MS:1001251;NT=Trypsin	AC=MS:1002038;NT=label free sample	10 ppm	20 ppm	1
PXD062642-Sample-5	Homo sapiens	Endothelial	Lung microvascular endothelial cells	Lung microvascular endothelial cells	not applicable	not available	not available	normal	HMVEC-L_SCX_r2_f03	not available	1	not applicable	PXD062642	HMVEC-L_SCX_r2_f03.raw	Lung microvascular endothelial cells	ftp://ftp.pride.ebi.ac.uk/pride/data/archive/2026/01/PXD062642/HMVEC-L_SCX_r2_f03.raw	3	2	NT=Orbitrap Fusion Lumos;AC=MS:1002732	NT=Carbamidomethyl;TA=C;MT=fixed;AC=UNIMOD:4	NT=Acetyl; MT=Variable; PP=Protein N-term; AC=UNIMOD:1	NT=Oxidation;MT=Variable;TA=M;AC=UNIMOD:35	"NT=Phospho;MT=Variable;TA=S,T,Y;AC=UNIMOD:21"	AC=MS:1001251;NT=Trypsin	AC=MS:1002038;NT=label free sample	10 ppm	20 ppm	1
PXD062642-Sample-5	Homo sapiens	Endothelial	Lung microvascular endothelial cells	Lung microvascular endothelial cells	not applicable	not available	not available	normal	HMVEC-L_SCX_r2_f04	not available	1	not applicable	PXD062642	HMVEC-L_SCX_r2_f04.raw	Lung microvascular endothelial cells	ftp://ftp.pride.ebi.ac.uk/pride/data/archive/2026/01/PXD062642/HMVEC-L_SCX_r2_f04.raw	4	2	NT=Orbitrap Fusion Lumos;AC=MS:1002732	NT=Carbamidomethyl;TA=C;MT=fixed;AC=UNIMOD:4	NT=Acetyl; MT=Variable; PP=Protein N-term; AC=UNIMOD:1	NT=Oxidation;MT=Variable;TA=M;AC=UNIMOD:35	"NT=Phospho;MT=Variable;TA=S,T,Y;AC=UNIMOD:21"	AC=MS:1001251;NT=Trypsin	AC=MS:1002038;NT=label free sample	10 ppm	20 ppm	1
PXD062642-Sample-5	Homo sapiens	Endothelial	Lung microvascular endothelial cells	Lung microvascular endothelial cells	not applicable	not available	not available	normal	HMVEC-L_SCX_r2_f05	not available	1	not applicable	PXD062642	HMVEC-L_SCX_r2_f05.raw	Lung microvascular endothelial cells	ftp://ftp.pride.ebi.ac.uk/pride/data/archive/2026/01/PXD062642/HMVEC-L_SCX_r2_f05.raw	5	2	NT=Orbitrap Fusion Lumos;AC=MS:1002732	NT=Carbamidomethyl;TA=C;MT=fixed;AC=UNIMOD:4	NT=Acetyl; MT=Variable; PP=Protein N-term; AC=UNIMOD:1	NT=Oxidation;MT=Variable;TA=M;AC=UNIMOD:35	"NT=Phospho;MT=Variable;TA=S,T,Y;AC=UNIMOD:21"	AC=MS:1001251;NT=Trypsin	AC=MS:1002038;NT=label free sample	10 ppm	20 ppm	1
PXD062642-Sample-5	Homo sapiens	Endothelial	Lung microvascular endothelial cells	Lung microvascular endothelial cells	not applicable	not available	not available	normal	HMVEC-L_SCX_r2_f06	not available	1	not applicable	PXD062642	HMVEC-L_SCX_r2_f06.raw	Lung microvascular endothelial cells	ftp://ftp.pride.ebi.ac.uk/pride/data/archive/2026/01/PXD062642/HMVEC-L_SCX_r2_f06.raw	6	2	NT=Orbitrap Fusion Lumos;AC=MS:1002732	NT=Carbamidomethyl;TA=C;MT=fixed;AC=UNIMOD:4	NT=Acetyl; MT=Variable; PP=Protein N-term; AC=UNIMOD:1	NT=Oxidation;MT=Variable;TA=M;AC=UNIMOD:35	"NT=Phospho;MT=Variable;TA=S,T,Y;AC=UNIMOD:21"	AC=MS:1001251;NT=Trypsin	AC=MS:1002038;NT=label free sample	10 ppm	20 ppm	1
PXD062642-Sample-5	Homo sapiens	Endothelial	Lung microvascular endothelial cells	Lung microvascular endothelial cells	not applicable	not available	not available	normal	HMVEC-L_SCX_r3_f01	not available	1	not applicable	PXD062642	HMVEC-L_SCX_r3_f01.raw	Lung microvascular endothelial cells	ftp://ftp.pride.ebi.ac.uk/pride/data/archive/2026/01/PXD062642/HMVEC-L_SCX_r3_f01.raw	1	3	NT=Orbitrap Fusion Lumos;AC=MS:1002732	NT=Carbamidomethyl;TA=C;MT=fixed;AC=UNIMOD:4	NT=Acetyl; MT=Variable; PP=Protein N-term; AC=UNIMOD:1	NT=Oxidation;MT=Variable;TA=M;AC=UNIMOD:35	"NT=Phospho;MT=Variable;TA=S,T,Y;AC=UNIMOD:21"	AC=MS:1001251;NT=Trypsin	AC=MS:1002038;NT=label free sample	10 ppm	20 ppm	1
PXD062642-Sample-5	Homo sapiens	Endothelial	Lung microvascular endothelial cells	Lung microvascular endothelial cells	not applicable	not available	not available	normal	HMVEC-L_SCX_r3_f02	not available	1	not applicable	PXD062642	HMVEC-L_SCX_r3_f02.raw	Lung microvascular endothelial cells	ftp://ftp.pride.ebi.ac.uk/pride/data/archive/2026/01/PXD062642/HMVEC-L_SCX_r3_f02.raw	2	3	NT=Orbitrap Fusion Lumos;AC=MS:1002732	NT=Carbamidomethyl;TA=C;MT=fixed;AC=UNIMOD:4	NT=Acetyl; MT=Variable; PP=Protein N-term; AC=UNIMOD:1	NT=Oxidation;MT=Variable;TA=M;AC=UNIMOD:35	"NT=Phospho;MT=Variable;TA=S,T,Y;AC=UNIMOD:21"	AC=MS:1001251;NT=Trypsin	AC=MS:1002038;NT=label free sample	10 ppm	20 ppm	1
PXD062642-Sample-5	Homo sapiens	Endothelial	Lung microvascular endothelial cells	Lung microvascular endothelial cells	not applicable	not available	not available	normal	HMVEC-L_SCX_r3_f03	not available	1	not applicable	PXD062642	HMVEC-L_SCX_r3_f03.raw	Lung microvascular endothelial cells	ftp://ftp.pride.ebi.ac.uk/pride/data/archive/2026/01/PXD062642/HMVEC-L_SCX_r3_f03.raw	3	3	NT=Orbitrap Fusion Lumos;AC=MS:1002732	NT=Carbamidomethyl;TA=C;MT=fixed;AC=UNIMOD:4	NT=Acetyl; MT=Variable; PP=Protein N-term; AC=UNIMOD:1	NT=Oxidation;MT=Variable;TA=M;AC=UNIMOD:35	"NT=Phospho;MT=Variable;TA=S,T,Y;AC=UNIMOD:21"	AC=MS:1001251;NT=Trypsin	AC=MS:1002038;NT=label free sample	10 ppm	20 ppm	1
PXD062642-Sample-5	Homo sapiens	Endothelial	Lung microvascular endothelial cells	Lung microvascular endothelial cells	not applicable	not available	not available	normal	HMVEC-L_SCX_r3_f04	not available	1	not applicable	PXD062642	HMVEC-L_SCX_r3_f04.raw	Lung microvascular endothelial cells	ftp://ftp.pride.ebi.ac.uk/pride/data/archive/2026/01/PXD062642/HMVEC-L_SCX_r3_f04.raw	4	3	NT=Orbitrap Fusion Lumos;AC=MS:1002732	NT=Carbamidomethyl;TA=C;MT=fixed;AC=UNIMOD:4	NT=Acetyl; MT=Variable; PP=Protein N-term; AC=UNIMOD:1	NT=Oxidation;MT=Variable;TA=M;AC=UNIMOD:35	"NT=Phospho;MT=Variable;TA=S,T,Y;AC=UNIMOD:21"	AC=MS:1001251;NT=Trypsin	AC=MS:1002038;NT=label free sample	10 ppm	20 ppm	1
PXD062642-Sample-5	Homo sapiens	Endothelial	Lung microvascular endothelial cells	Lung microvascular endothelial cells	not applicable	not available	not available	normal	HMVEC-L_SCX_r3_f05	not available	1	not applicable	PXD062642	HMVEC-L_SCX_r3_f05.raw	Lung microvascular endothelial cells	ftp://ftp.pride.ebi.ac.uk/pride/data/archive/2026/01/PXD062642/HMVEC-L_SCX_r3_f05.raw	5	3	NT=Orbitrap Fusion Lumos;AC=MS:1002732	NT=Carbamidomethyl;TA=C;MT=fixed;AC=UNIMOD:4	NT=Acetyl; MT=Variable; PP=Protein N-term; AC=UNIMOD:1	NT=Oxidation;MT=Variable;TA=M;AC=UNIMOD:35	"NT=Phospho;MT=Variable;TA=S,T,Y;AC=UNIMOD:21"	AC=MS:1001251;NT=Trypsin	AC=MS:1002038;NT=label free sample	10 ppm	20 ppm	1
PXD062642-Sample-5	Homo sapiens	Endothelial	Lung microvascular endothelial cells	Lung microvascular endothelial cells	not applicable	not available	not available	normal	HMVEC-L_SCX_r3_f06	not available	1	not applicable	PXD062642	HMVEC-L_SCX_r3_f06.raw	Lung microvascular endothelial cells	ftp://ftp.pride.ebi.ac.uk/pride/data/archive/2026/01/PXD062642/HMVEC-L_SCX_r3_f06.raw	6	3	NT=Orbitrap Fusion Lumos;AC=MS:1002732	NT=Carbamidomethyl;TA=C;MT=fixed;AC=UNIMOD:4	NT=Acetyl; MT=Variable; PP=Protein N-term; AC=UNIMOD:1	NT=Oxidation;MT=Variable;TA=M;AC=UNIMOD:35	"NT=Phospho;MT=Variable;TA=S,T,Y;AC=UNIMOD:21"	AC=MS:1001251;NT=Trypsin	AC=MS:1002038;NT=label free sample	10 ppm	20 ppm	1
PXD062642-Sample-6	Homo sapiens	Endothelial	Umbilical vein endothelial cells	Umbilical vein endothelial cells	not applicable	not available	not available	normal	HUVEC_CellMap_SCX_r1_f01	not available	1	not applicable	PXD062642	HUVEC_CellMap_SCX_r1_f01.raw	Umbilical vein endothelial cells	ftp://ftp.pride.ebi.ac.uk/pride/data/archive/2026/01/PXD062642/HUVEC_CellMap_SCX_r1_f01.raw	1	1	NT=Orbitrap Fusion Lumos;AC=MS:1002732	NT=Carbamidomethyl;TA=C;MT=fixed;AC=UNIMOD:4	NT=Acetyl; MT=Variable; PP=Protein N-term; AC=UNIMOD:1	NT=Oxidation;MT=Variable;TA=M;AC=UNIMOD:35	"NT=Phospho;MT=Variable;TA=S,T,Y;AC=UNIMOD:21"	AC=MS:1001251;NT=Trypsin	AC=MS:1002038;NT=label free sample	10 ppm	20 ppm	1
PXD062642-Sample-6	Homo sapiens	Endothelial	Umbilical vein endothelial cells	Umbilical vein endothelial cells	not applicable	not available	not available	normal	HUVEC_CellMap_SCX_r1_f02	not available	1	not applicable	PXD062642	HUVEC_CellMap_SCX_r1_f02.raw	Umbilical vein endothelial cells	ftp://ftp.pride.ebi.ac.uk/pride/data/archive/2026/01/PXD062642/HUVEC_CellMap_SCX_r1_f02.raw	2	1	NT=Orbitrap Fusion Lumos;AC=MS:1002732	NT=Carbamidomethyl;TA=C;MT=fixed;AC=UNIMOD:4	NT=Acetyl; MT=Variable; PP=Protein N-term; AC=UNIMOD:1	NT=Oxidation;MT=Variable;TA=M;AC=UNIMOD:35	"NT=Phospho;MT=Variable;TA=S,T,Y;AC=UNIMOD:21"	AC=MS:1001251;NT=Trypsin	AC=MS:1002038;NT=label free sample	10 ppm	20 ppm	1
PXD062642-Sample-6	Homo sapiens	Endothelial	Umbilical vein endothelial cells	Umbilical vein endothelial cells	not applicable	not available	not available	normal	HUVEC_CellMap_SCX_r1_f03	not available	1	not applicable	PXD062642	HUVEC_CellMap_SCX_r1_f03.raw	Umbilical vein endothelial cells	ftp://ftp.pride.ebi.ac.uk/pride/data/archive/2026/01/PXD062642/HUVEC_CellMap_SCX_r1_f03.raw	3	1	NT=Orbitrap Fusion Lumos;AC=MS:1002732	NT=Carbamidomethyl;TA=C;MT=fixed;AC=UNIMOD:4	NT=Acetyl; MT=Variable; PP=Protein N-term; AC=UNIMOD:1	NT=Oxidation;MT=Variable;TA=M;AC=UNIMOD:35	"NT=Phospho;MT=Variable;TA=S,T,Y;AC=UNIMOD:21"	AC=MS:1001251;NT=Trypsin	AC=MS:1002038;NT=label free sample	10 ppm	20 ppm	1
PXD062642-Sample-6	Homo sapiens	Endothelial	Umbilical vein endothelial cells	Umbilical vein endothelial cells	not applicable	not available	not available	normal	HUVEC_CellMap_SCX_r1_f04	not available	1	not applicable	PXD062642	HUVEC_CellMap_SCX_r1_f04.raw	Umbilical vein endothelial cells	ftp://ftp.pride.ebi.ac.uk/pride/data/archive/2026/01/PXD062642/HUVEC_CellMap_SCX_r1_f04.raw	4	1	NT=Orbitrap Fusion Lumos;AC=MS:1002732	NT=Carbamidomethyl;TA=C;MT=fixed;AC=UNIMOD:4	NT=Acetyl; MT=Variable; PP=Protein N-term; AC=UNIMOD:1	NT=Oxidation;MT=Variable;TA=M;AC=UNIMOD:35	"NT=Phospho;MT=Variable;TA=S,T,Y;AC=UNIMOD:21"	AC=MS:1001251;NT=Trypsin	AC=MS:1002038;NT=label free sample	10 ppm	20 ppm	1
PXD062642-Sample-6	Homo sapiens	Endothelial	Umbilical vein endothelial cells	Umbilical vein endothelial cells	not applicable	not available	not available	normal	HUVEC_CellMap_SCX_r1_f05	not available	1	not applicable	PXD062642	HUVEC_CellMap_SCX_r1_f05.raw	Umbilical vein endothelial cells	ftp://ftp.pride.ebi.ac.uk/pride/data/archive/2026/01/PXD062642/HUVEC_CellMap_SCX_r1_f05.raw	5	1	NT=Orbitrap Fusion Lumos;AC=MS:1002732	NT=Carbamidomethyl;TA=C;MT=fixed;AC=UNIMOD:4	NT=Acetyl; MT=Variable; PP=Protein N-term; AC=UNIMOD:1	NT=Oxidation;MT=Variable;TA=M;AC=UNIMOD:35	"NT=Phospho;MT=Variable;TA=S,T,Y;AC=UNIMOD:21"	AC=MS:1001251;NT=Trypsin	AC=MS:1002038;NT=label free sample	10 ppm	20 ppm	1
PXD062642-Sample-6	Homo sapiens	Endothelial	Umbilical vein endothelial cells	Umbilical vein endothelial cells	not applicable	not available	not available	normal	HUVEC_CellMap_SCX_r1_f06	not available	1	not applicable	PXD062642	HUVEC_CellMap_SCX_r1_f06.raw	Umbilical vein endothelial cells	ftp://ftp.pride.ebi.ac.uk/pride/data/archive/2026/01/PXD062642/HUVEC_CellMap_SCX_r1_f06.raw	6	1	NT=Orbitrap Fusion Lumos;AC=MS:1002732	NT=Carbamidomethyl;TA=C;MT=fixed;AC=UNIMOD:4	NT=Acetyl; MT=Variable; PP=Protein N-term; AC=UNIMOD:1	NT=Oxidation;MT=Variable;TA=M;AC=UNIMOD:35	"NT=Phospho;MT=Variable;TA=S,T,Y;AC=UNIMOD:21"	AC=MS:1001251;NT=Trypsin	AC=MS:1002038;NT=label free sample	10 ppm	20 ppm	1
PXD062642-Sample-6	Homo sapiens	Endothelial	Umbilical vein endothelial cells	Umbilical vein endothelial cells	not applicable	not available	not available	normal	HUVEC_CellMap_SCX_r2_f01	not available	1	not applicable	PXD062642	HUVEC_CellMap_SCX_r2_f01.raw	Umbilical vein endothelial cells	ftp://ftp.pride.ebi.ac.uk/pride/data/archive/2026/01/PXD062642/HUVEC_CellMap_SCX_r2_f01.raw	1	2	NT=Orbitrap Fusion Lumos;AC=MS:1002732	NT=Carbamidomethyl;TA=C;MT=fixed;AC=UNIMOD:4	NT=Acetyl; MT=Variable; PP=Protein N-term; AC=UNIMOD:1	NT=Oxidation;MT=Variable;TA=M;AC=UNIMOD:35	"NT=Phospho;MT=Variable;TA=S,T,Y;AC=UNIMOD:21"	AC=MS:1001251;NT=Trypsin	AC=MS:1002038;NT=label free sample	10 ppm	20 ppm	1
PXD062642-Sample-6	Homo sapiens	Endothelial	Umbilical vein endothelial cells	Umbilical vein endothelial cells	not applicable	not available	not available	normal	HUVEC_CellMap_SCX_r2_f02	not available	1	not applicable	PXD062642	HUVEC_CellMap_SCX_r2_f02.raw	Umbilical vein endothelial cells	ftp://ftp.pride.ebi.ac.uk/pride/data/archive/2026/01/PXD062642/HUVEC_CellMap_SCX_r2_f02.raw	2	2	NT=Orbitrap Fusion Lumos;AC=MS:1002732	NT=Carbamidomethyl;TA=C;MT=fixed;AC=UNIMOD:4	NT=Acetyl; MT=Variable; PP=Protein N-term; AC=UNIMOD:1	NT=Oxidation;MT=Variable;TA=M;AC=UNIMOD:35	"NT=Phospho;MT=Variable;TA=S,T,Y;AC=UNIMOD:21"	AC=MS:1001251;NT=Trypsin	AC=MS:1002038;NT=label free sample	10 ppm	20 ppm	1
PXD062642-Sample-6	Homo sapiens	Endothelial	Umbilical vein endothelial cells	Umbilical vein endothelial cells	not applicable	not available	not available	normal	HUVEC_CellMap_SCX_r2_f03	not available	1	not applicable	PXD062642	HUVEC_CellMap_SCX_r2_f03.raw	Umbilical vein endothelial cells	ftp://ftp.pride.ebi.ac.uk/pride/data/archive/2026/01/PXD062642/HUVEC_CellMap_SCX_r2_f03.raw	3	2	NT=Orbitrap Fusion Lumos;AC=MS:1002732	NT=Carbamidomethyl;TA=C;MT=fixed;AC=UNIMOD:4	NT=Acetyl; MT=Variable; PP=Protein N-term; AC=UNIMOD:1	NT=Oxidation;MT=Variable;TA=M;AC=UNIMOD:35	"NT=Phospho;MT=Variable;TA=S,T,Y;AC=UNIMOD:21"	AC=MS:1001251;NT=Trypsin	AC=MS:1002038;NT=label free sample	10 ppm	20 ppm	1
PXD062642-Sample-6	Homo sapiens	Endothelial	Umbilical vein endothelial cells	Umbilical vein endothelial cells	not applicable	not available	not available	normal	HUVEC_CellMap_SCX_r2_f04	not available	1	not applicable	PXD062642	HUVEC_CellMap_SCX_r2_f04.raw	Umbilical vein endothelial cells	ftp://ftp.pride.ebi.ac.uk/pride/data/archive/2026/01/PXD062642/HUVEC_CellMap_SCX_r2_f04.raw	4	2	NT=Orbitrap Fusion Lumos;AC=MS:1002732	NT=Carbamidomethyl;TA=C;MT=fixed;AC=UNIMOD:4	NT=Acetyl; MT=Variable; PP=Protein N-term; AC=UNIMOD:1	NT=Oxidation;MT=Variable;TA=M;AC=UNIMOD:35	"NT=Phospho;MT=Variable;TA=S,T,Y;AC=UNIMOD:21"	AC=MS:1001251;NT=Trypsin	AC=MS:1002038;NT=label free sample	10 ppm	20 ppm	1
PXD062642-Sample-6	Homo sapiens	Endothelial	Umbilical vein endothelial cells	Umbilical vein endothelial cells	not applicable	not available	not available	normal	HUVEC_CellMap_SCX_r2_f05	not available	1	not applicable	PXD062642	HUVEC_CellMap_SCX_r2_f05.raw	Umbilical vein endothelial cells	ftp://ftp.pride.ebi.ac.uk/pride/data/archive/2026/01/PXD062642/HUVEC_CellMap_SCX_r2_f05.raw	5	2	NT=Orbitrap Fusion Lumos;AC=MS:1002732	NT=Carbamidomethyl;TA=C;MT=fixed;AC=UNIMOD:4	NT=Acetyl; MT=Variable; PP=Protein N-term; AC=UNIMOD:1	NT=Oxidation;MT=Variable;TA=M;AC=UNIMOD:35	"NT=Phospho;MT=Variable;TA=S,T,Y;AC=UNIMOD:21"	AC=MS:1001251;NT=Trypsin	AC=MS:1002038;NT=label free sample	10 ppm	20 ppm	1
PXD062642-Sample-6	Homo sapiens	Endothelial	Umbilical vein endothelial cells	Umbilical vein endothelial cells	not applicable	not available	not available	normal	HUVEC_CellMap_SCX_r2_f06	not available	1	not applicable	PXD062642	HUVEC_CellMap_SCX_r2_f06.raw	Umbilical vein endothelial cells	ftp://ftp.pride.ebi.ac.uk/pride/data/archive/2026/01/PXD062642/HUVEC_CellMap_SCX_r2_f06.raw	6	2	NT=Orbitrap Fusion Lumos;AC=MS:1002732	NT=Carbamidomethyl;TA=C;MT=fixed;AC=UNIMOD:4	NT=Acetyl; MT=Variable; PP=Protein N-term; AC=UNIMOD:1	NT=Oxidation;MT=Variable;TA=M;AC=UNIMOD:35	"NT=Phospho;MT=Variable;TA=S,T,Y;AC=UNIMOD:21"	AC=MS:1001251;NT=Trypsin	AC=MS:1002038;NT=label free sample	10 ppm	20 ppm	1
PXD062642-Sample-6	Homo sapiens	Endothelial	Umbilical vein endothelial cells	Umbilical vein endothelial cells	not applicable	not available	not available	normal	HUVEC_CellMap_SCX_r3_f01	not available	1	not applicable	PXD062642	HUVEC_CellMap_SCX_r3_f01.raw	Umbilical vein endothelial cells	ftp://ftp.pride.ebi.ac.uk/pride/data/archive/2026/01/PXD062642/HUVEC_CellMap_SCX_r3_f01.raw	1	3	NT=Orbitrap Fusion Lumos;AC=MS:1002732	NT=Carbamidomethyl;TA=C;MT=fixed;AC=UNIMOD:4	NT=Acetyl; MT=Variable; PP=Protein N-term; AC=UNIMOD:1	NT=Oxidation;MT=Variable;TA=M;AC=UNIMOD:35	"NT=Phospho;MT=Variable;TA=S,T,Y;AC=UNIMOD:21"	AC=MS:1001251;NT=Trypsin	AC=MS:1002038;NT=label free sample	10 ppm	20 ppm	1
PXD062642-Sample-6	Homo sapiens	Endothelial	Umbilical vein endothelial cells	Umbilical vein endothelial cells	not applicable	not available	not available	normal	HUVEC_CellMap_SCX_r3_f02	not available	1	not applicable	PXD062642	HUVEC_CellMap_SCX_r3_f02.raw	Umbilical vein endothelial cells	ftp://ftp.pride.ebi.ac.uk/pride/data/archive/2026/01/PXD062642/HUVEC_CellMap_SCX_r3_f02.raw	2	3	NT=Orbitrap Fusion Lumos;AC=MS:1002732	NT=Carbamidomethyl;TA=C;MT=fixed;AC=UNIMOD:4	NT=Acetyl; MT=Variable; PP=Protein N-term; AC=UNIMOD:1	NT=Oxidation;MT=Variable;TA=M;AC=UNIMOD:35	"NT=Phospho;MT=Variable;TA=S,T,Y;AC=UNIMOD:21"	AC=MS:1001251;NT=Trypsin	AC=MS:1002038;NT=label free sample	10 ppm	20 ppm	1
PXD062642-Sample-6	Homo sapiens	Endothelial	Umbilical vein endothelial cells	Umbilical vein endothelial cells	not applicable	not available	not available	normal	HUVEC_CellMap_SCX_r3_f03	not available	1	not applicable	PXD062642	HUVEC_CellMap_SCX_r3_f03.raw	Umbilical vein endothelial cells	ftp://ftp.pride.ebi.ac.uk/pride/data/archive/2026/01/PXD062642/HUVEC_CellMap_SCX_r3_f03.raw	3	3	NT=Orbitrap Fusion Lumos;AC=MS:1002732	NT=Carbamidomethyl;TA=C;MT=fixed;AC=UNIMOD:4	NT=Acetyl; MT=Variable; PP=Protein N-term; AC=UNIMOD:1	NT=Oxidation;MT=Variable;TA=M;AC=UNIMOD:35	"NT=Phospho;MT=Variable;TA=S,T,Y;AC=UNIMOD:21"	AC=MS:1001251;NT=Trypsin	AC=MS:1002038;NT=label free sample	10 ppm	20 ppm	1
PXD062642-Sample-6	Homo sapiens	Endothelial	Umbilical vein endothelial cells	Umbilical vein endothelial cells	not applicable	not available	not available	normal	HUVEC_CellMap_SCX_r3_f04	not available	1	not applicable	PXD062642	HUVEC_CellMap_SCX_r3_f04.raw	Umbilical vein endothelial cells	ftp://ftp.pride.ebi.ac.uk/pride/data/archive/2026/01/PXD062642/HUVEC_CellMap_SCX_r3_f04.raw	4	3	NT=Orbitrap Fusion Lumos;AC=MS:1002732	NT=Carbamidomethyl;TA=C;MT=fixed;AC=UNIMOD:4	NT=Acetyl; MT=Variable; PP=Protein N-term; AC=UNIMOD:1	NT=Oxidation;MT=Variable;TA=M;AC=UNIMOD:35	"NT=Phospho;MT=Variable;TA=S,T,Y;AC=UNIMOD:21"	AC=MS:1001251;NT=Trypsin	AC=MS:1002038;NT=label free sample	10 ppm	20 ppm	1
PXD062642-Sample-6	Homo sapiens	Endothelial	Umbilical vein endothelial cells	Umbilical vein endothelial cells	not applicable	not available	not available	normal	HUVEC_CellMap_SCX_r3_f05	not available	1	not applicable	PXD062642	HUVEC_CellMap_SCX_r3_f05.raw	Umbilical vein endothelial cells	ftp://ftp.pride.ebi.ac.uk/pride/data/archive/2026/01/PXD062642/HUVEC_CellMap_SCX_r3_f05.raw	5	3	NT=Orbitrap Fusion Lumos;AC=MS:1002732	NT=Carbamidomethyl;TA=C;MT=fixed;AC=UNIMOD:4	NT=Acetyl; MT=Variable; PP=Protein N-term; AC=UNIMOD:1	NT=Oxidation;MT=Variable;TA=M;AC=UNIMOD:35	"NT=Phospho;MT=Variable;TA=S,T,Y;AC=UNIMOD:21"	AC=MS:1001251;NT=Trypsin	AC=MS:1002038;NT=label free sample	10 ppm	20 ppm	1
PXD062642-Sample-6	Homo sapiens	Endothelial	Umbilical vein endothelial cells	Umbilical vein endothelial cells	not applicable	not available	not available	normal	HUVEC_CellMap_SCX_r3_f06	not available	1	not applicable	PXD062642	HUVEC_CellMap_SCX_r3_f06.raw	Umbilical vein endothelial cells	ftp://ftp.pride.ebi.ac.uk/pride/data/archive/2026/01/PXD062642/HUVEC_CellMap_SCX_r3_f06.raw	6	3	NT=Orbitrap Fusion Lumos;AC=MS:1002732	NT=Carbamidomethyl;TA=C;MT=fixed;AC=UNIMOD:4	NT=Acetyl; MT=Variable; PP=Protein N-term; AC=UNIMOD:1	NT=Oxidation;MT=Variable;TA=M;AC=UNIMOD:35	"NT=Phospho;MT=Variable;TA=S,T,Y;AC=UNIMOD:21"	AC=MS:1001251;NT=Trypsin	AC=MS:1002038;NT=label free sample	10 ppm	20 ppm	1
PXD062642-Sample-7	Homo sapiens	Epithelial	Intestinal epithelial cells	Intestinal epithelial cells	not applicable	not available	not available	normal	InEPC_CellMap_SCX_r1_f01	not available	1	not applicable	PXD062642	InEPC_CellMap_SCX_r1_f01.raw	Intestinal epithelial cells	ftp://ftp.pride.ebi.ac.uk/pride/data/archive/2026/01/PXD062642/InEPC_CellMap_SCX_r1_f01.raw	1	1	NT=Orbitrap Fusion Lumos;AC=MS:1002732	NT=Carbamidomethyl;TA=C;MT=fixed;AC=UNIMOD:4	NT=Acetyl; MT=Variable; PP=Protein N-term; AC=UNIMOD:1	NT=Oxidation;MT=Variable;TA=M;AC=UNIMOD:35	"NT=Phospho;MT=Variable;TA=S,T,Y;AC=UNIMOD:21"	AC=MS:1001251;NT=Trypsin	AC=MS:1002038;NT=label free sample	10 ppm	20 ppm	1
PXD062642-Sample-7	Homo sapiens	Epithelial	Intestinal epithelial cells	Intestinal epithelial cells	not applicable	not available	not available	normal	InEPC_CellMap_SCX_r1_f02	not available	1	not applicable	PXD062642	InEPC_CellMap_SCX_r1_f02.raw	Intestinal epithelial cells	ftp://ftp.pride.ebi.ac.uk/pride/data/archive/2026/01/PXD062642/InEPC_CellMap_SCX_r1_f02.raw	2	1	NT=Orbitrap Fusion Lumos;AC=MS:1002732	NT=Carbamidomethyl;TA=C;MT=fixed;AC=UNIMOD:4	NT=Acetyl; MT=Variable; PP=Protein N-term; AC=UNIMOD:1	NT=Oxidation;MT=Variable;TA=M;AC=UNIMOD:35	"NT=Phospho;MT=Variable;TA=S,T,Y;AC=UNIMOD:21"	AC=MS:1001251;NT=Trypsin	AC=MS:1002038;NT=label free sample	10 ppm	20 ppm	1
PXD062642-Sample-7	Homo sapiens	Epithelial	Intestinal epithelial cells	Intestinal epithelial cells	not applicable	not available	not available	normal	InEPC_CellMap_SCX_r1_f03	not available	1	not applicable	PXD062642	InEPC_CellMap_SCX_r1_f03.raw	Intestinal epithelial cells	ftp://ftp.pride.ebi.ac.uk/pride/data/archive/2026/01/PXD062642/InEPC_CellMap_SCX_r1_f03.raw	3	1	NT=Orbitrap Fusion Lumos;AC=MS:1002732	NT=Carbamidomethyl;TA=C;MT=fixed;AC=UNIMOD:4	NT=Acetyl; MT=Variable; PP=Protein N-term; AC=UNIMOD:1	NT=Oxidation;MT=Variable;TA=M;AC=UNIMOD:35	"NT=Phospho;MT=Variable;TA=S,T,Y;AC=UNIMOD:21"	AC=MS:1001251;NT=Trypsin	AC=MS:1002038;NT=label free sample	10 ppm	20 ppm	1
PXD062642-Sample-7	Homo sapiens	Epithelial	Intestinal epithelial cells	Intestinal epithelial cells	not applicable	not available	not available	normal	InEPC_CellMap_SCX_r1_f04	not available	1	not applicable	PXD062642	InEPC_CellMap_SCX_r1_f04.raw	Intestinal epithelial cells	ftp://ftp.pride.ebi.ac.uk/pride/data/archive/2026/01/PXD062642/InEPC_CellMap_SCX_r1_f04.raw	4	1	NT=Orbitrap Fusion Lumos;AC=MS:1002732	NT=Carbamidomethyl;TA=C;MT=fixed;AC=UNIMOD:4	NT=Acetyl; MT=Variable; PP=Protein N-term; AC=UNIMOD:1	NT=Oxidation;MT=Variable;TA=M;AC=UNIMOD:35	"NT=Phospho;MT=Variable;TA=S,T,Y;AC=UNIMOD:21"	AC=MS:1001251;NT=Trypsin	AC=MS:1002038;NT=label free sample	10 ppm	20 ppm	1
PXD062642-Sample-7	Homo sapiens	Epithelial	Intestinal epithelial cells	Intestinal epithelial cells	not applicable	not available	not available	normal	InEPC_CellMap_SCX_r1_f05	not available	1	not applicable	PXD062642	InEPC_CellMap_SCX_r1_f05.raw	Intestinal epithelial cells	ftp://ftp.pride.ebi.ac.uk/pride/data/archive/2026/01/PXD062642/InEPC_CellMap_SCX_r1_f05.raw	5	1	NT=Orbitrap Fusion Lumos;AC=MS:1002732	NT=Carbamidomethyl;TA=C;MT=fixed;AC=UNIMOD:4	NT=Acetyl; MT=Variable; PP=Protein N-term; AC=UNIMOD:1	NT=Oxidation;MT=Variable;TA=M;AC=UNIMOD:35	"NT=Phospho;MT=Variable;TA=S,T,Y;AC=UNIMOD:21"	AC=MS:1001251;NT=Trypsin	AC=MS:1002038;NT=label free sample	10 ppm	20 ppm	1
PXD062642-Sample-7	Homo sapiens	Epithelial	Intestinal epithelial cells	Intestinal epithelial cells	not applicable	not available	not available	normal	InEPC_CellMap_SCX_r1_f06	not available	1	not applicable	PXD062642	InEPC_CellMap_SCX_r1_f06.raw	Intestinal epithelial cells	ftp://ftp.pride.ebi.ac.uk/pride/data/archive/2026/01/PXD062642/InEPC_CellMap_SCX_r1_f06.raw	6	1	NT=Orbitrap Fusion Lumos;AC=MS:1002732	NT=Carbamidomethyl;TA=C;MT=fixed;AC=UNIMOD:4	NT=Acetyl; MT=Variable; PP=Protein N-term; AC=UNIMOD:1	NT=Oxidation;MT=Variable;TA=M;AC=UNIMOD:35	"NT=Phospho;MT=Variable;TA=S,T,Y;AC=UNIMOD:21"	AC=MS:1001251;NT=Trypsin	AC=MS:1002038;NT=label free sample	10 ppm	20 ppm	1
PXD062642-Sample-7	Homo sapiens	Epithelial	Intestinal epithelial cells	Intestinal epithelial cells	not applicable	not available	not available	normal	InEPC_CellMap_SCX_r2_f01	not available	1	not applicable	PXD062642	InEPC_CellMap_SCX_r2_f01.raw	Intestinal epithelial cells	ftp://ftp.pride.ebi.ac.uk/pride/data/archive/2026/01/PXD062642/InEPC_CellMap_SCX_r2_f01.raw	1	2	NT=Orbitrap Fusion Lumos;AC=MS:1002732	NT=Carbamidomethyl;TA=C;MT=fixed;AC=UNIMOD:4	NT=Acetyl; MT=Variable; PP=Protein N-term; AC=UNIMOD:1	NT=Oxidation;MT=Variable;TA=M;AC=UNIMOD:35	"NT=Phospho;MT=Variable;TA=S,T,Y;AC=UNIMOD:21"	AC=MS:1001251;NT=Trypsin	AC=MS:1002038;NT=label free sample	10 ppm	20 ppm	1
PXD062642-Sample-7	Homo sapiens	Epithelial	Intestinal epithelial cells	Intestinal epithelial cells	not applicable	not available	not available	normal	InEPC_CellMap_SCX_r2_f02	not available	1	not applicable	PXD062642	InEPC_CellMap_SCX_r2_f02.raw	Intestinal epithelial cells	ftp://ftp.pride.ebi.ac.uk/pride/data/archive/2026/01/PXD062642/InEPC_CellMap_SCX_r2_f02.raw	2	2	NT=Orbitrap Fusion Lumos;AC=MS:1002732	NT=Carbamidomethyl;TA=C;MT=fixed;AC=UNIMOD:4	NT=Acetyl; MT=Variable; PP=Protein N-term; AC=UNIMOD:1	NT=Oxidation;MT=Variable;TA=M;AC=UNIMOD:35	"NT=Phospho;MT=Variable;TA=S,T,Y;AC=UNIMOD:21"	AC=MS:1001251;NT=Trypsin	AC=MS:1002038;NT=label free sample	10 ppm	20 ppm	1
PXD062642-Sample-7	Homo sapiens	Epithelial	Intestinal epithelial cells	Intestinal epithelial cells	not applicable	not available	not available	normal	InEPC_CellMap_SCX_r2_f03	not available	1	not applicable	PXD062642	InEPC_CellMap_SCX_r2_f03.raw	Intestinal epithelial cells	ftp://ftp.pride.ebi.ac.uk/pride/data/archive/2026/01/PXD062642/InEPC_CellMap_SCX_r2_f03.raw	3	2	NT=Orbitrap Fusion Lumos;AC=MS:1002732	NT=Carbamidomethyl;TA=C;MT=fixed;AC=UNIMOD:4	NT=Acetyl; MT=Variable; PP=Protein N-term; AC=UNIMOD:1	NT=Oxidation;MT=Variable;TA=M;AC=UNIMOD:35	"NT=Phospho;MT=Variable;TA=S,T,Y;AC=UNIMOD:21"	AC=MS:1001251;NT=Trypsin	AC=MS:1002038;NT=label free sample	10 ppm	20 ppm	1
PXD062642-Sample-7	Homo sapiens	Epithelial	Intestinal epithelial cells	Intestinal epithelial cells	not applicable	not available	not available	normal	InEPC_CellMap_SCX_r2_f04	not available	1	not applicable	PXD062642	InEPC_CellMap_SCX_r2_f04.raw	Intestinal epithelial cells	ftp://ftp.pride.ebi.ac.uk/pride/data/archive/2026/01/PXD062642/InEPC_CellMap_SCX_r2_f04.raw	4	2	NT=Orbitrap Fusion Lumos;AC=MS:1002732	NT=Carbamidomethyl;TA=C;MT=fixed;AC=UNIMOD:4	NT=Acetyl; MT=Variable; PP=Protein N-term; AC=UNIMOD:1	NT=Oxidation;MT=Variable;TA=M;AC=UNIMOD:35	"NT=Phospho;MT=Variable;TA=S,T,Y;AC=UNIMOD:21"	AC=MS:1001251;NT=Trypsin	AC=MS:1002038;NT=label free sample	10 ppm	20 ppm	1
PXD062642-Sample-7	Homo sapiens	Epithelial	Intestinal epithelial cells	Intestinal epithelial cells	not applicable	not available	not available	normal	InEPC_CellMap_SCX_r2_f05	not available	1	not applicable	PXD062642	InEPC_CellMap_SCX_r2_f05.raw	Intestinal epithelial cells	ftp://ftp.pride.ebi.ac.uk/pride/data/archive/2026/01/PXD062642/InEPC_CellMap_SCX_r2_f05.raw	5	2	NT=Orbitrap Fusion Lumos;AC=MS:1002732	NT=Carbamidomethyl;TA=C;MT=fixed;AC=UNIMOD:4	NT=Acetyl; MT=Variable; PP=Protein N-term; AC=UNIMOD:1	NT=Oxidation;MT=Variable;TA=M;AC=UNIMOD:35	"NT=Phospho;MT=Variable;TA=S,T,Y;AC=UNIMOD:21"	AC=MS:1001251;NT=Trypsin	AC=MS:1002038;NT=label free sample	10 ppm	20 ppm	1
PXD062642-Sample-7	Homo sapiens	Epithelial	Intestinal epithelial cells	Intestinal epithelial cells	not applicable	not available	not available	normal	InEPC_CellMap_SCX_r2_f06	not available	1	not applicable	PXD062642	InEPC_CellMap_SCX_r2_f06.raw	Intestinal epithelial cells	ftp://ftp.pride.ebi.ac.uk/pride/data/archive/2026/01/PXD062642/InEPC_CellMap_SCX_r2_f06.raw	6	2	NT=Orbitrap Fusion Lumos;AC=MS:1002732	NT=Carbamidomethyl;TA=C;MT=fixed;AC=UNIMOD:4	NT=Acetyl; MT=Variable; PP=Protein N-term; AC=UNIMOD:1	NT=Oxidation;MT=Variable;TA=M;AC=UNIMOD:35	"NT=Phospho;MT=Variable;TA=S,T,Y;AC=UNIMOD:21"	AC=MS:1001251;NT=Trypsin	AC=MS:1002038;NT=label free sample	10 ppm	20 ppm	1
PXD062642-Sample-7	Homo sapiens	Epithelial	Intestinal epithelial cells	Intestinal epithelial cells	not applicable	not available	not available	normal	InEPC_CellMap_SCX_r3_f01	not available	1	not applicable	PXD062642	InEPC_CellMap_SCX_r3_f01.raw	Intestinal epithelial cells	ftp://ftp.pride.ebi.ac.uk/pride/data/archive/2026/01/PXD062642/InEPC_CellMap_SCX_r3_f01.raw	1	3	NT=Orbitrap Fusion Lumos;AC=MS:1002732	NT=Carbamidomethyl;TA=C;MT=fixed;AC=UNIMOD:4	NT=Acetyl; MT=Variable; PP=Protein N-term; AC=UNIMOD:1	NT=Oxidation;MT=Variable;TA=M;AC=UNIMOD:35	"NT=Phospho;MT=Variable;TA=S,T,Y;AC=UNIMOD:21"	AC=MS:1001251;NT=Trypsin	AC=MS:1002038;NT=label free sample	10 ppm	20 ppm	1
PXD062642-Sample-7	Homo sapiens	Epithelial	Intestinal epithelial cells	Intestinal epithelial cells	not applicable	not available	not available	normal	InEPC_CellMap_SCX_r3_f02	not available	1	not applicable	PXD062642	InEPC_CellMap_SCX_r3_f02.raw	Intestinal epithelial cells	ftp://ftp.pride.ebi.ac.uk/pride/data/archive/2026/01/PXD062642/InEPC_CellMap_SCX_r3_f02.raw	2	3	NT=Orbitrap Fusion Lumos;AC=MS:1002732	NT=Carbamidomethyl;TA=C;MT=fixed;AC=UNIMOD:4	NT=Acetyl; MT=Variable; PP=Protein N-term; AC=UNIMOD:1	NT=Oxidation;MT=Variable;TA=M;AC=UNIMOD:35	"NT=Phospho;MT=Variable;TA=S,T,Y;AC=UNIMOD:21"	AC=MS:1001251;NT=Trypsin	AC=MS:1002038;NT=label free sample	10 ppm	20 ppm	1
PXD062642-Sample-7	Homo sapiens	Epithelial	Intestinal epithelial cells	Intestinal epithelial cells	not applicable	not available	not available	normal	InEPC_CellMap_SCX_r3_f03	not available	1	not applicable	PXD062642	InEPC_CellMap_SCX_r3_f03.raw	Intestinal epithelial cells	ftp://ftp.pride.ebi.ac.uk/pride/data/archive/2026/01/PXD062642/InEPC_CellMap_SCX_r3_f03.raw	3	3	NT=Orbitrap Fusion Lumos;AC=MS:1002732	NT=Carbamidomethyl;TA=C;MT=fixed;AC=UNIMOD:4	NT=Acetyl; MT=Variable; PP=Protein N-term; AC=UNIMOD:1	NT=Oxidation;MT=Variable;TA=M;AC=UNIMOD:35	"NT=Phospho;MT=Variable;TA=S,T,Y;AC=UNIMOD:21"	AC=MS:1001251;NT=Trypsin	AC=MS:1002038;NT=label free sample	10 ppm	20 ppm	1
PXD062642-Sample-7	Homo sapiens	Epithelial	Intestinal epithelial cells	Intestinal epithelial cells	not applicable	not available	not available	normal	InEPC_CellMap_SCX_r3_f04	not available	1	not applicable	PXD062642	InEPC_CellMap_SCX_r3_f04.raw	Intestinal epithelial cells	ftp://ftp.pride.ebi.ac.uk/pride/data/archive/2026/01/PXD062642/InEPC_CellMap_SCX_r3_f04.raw	4	3	NT=Orbitrap Fusion Lumos;AC=MS:1002732	NT=Carbamidomethyl;TA=C;MT=fixed;AC=UNIMOD:4	NT=Acetyl; MT=Variable; PP=Protein N-term; AC=UNIMOD:1	NT=Oxidation;MT=Variable;TA=M;AC=UNIMOD:35	"NT=Phospho;MT=Variable;TA=S,T,Y;AC=UNIMOD:21"	AC=MS:1001251;NT=Trypsin	AC=MS:1002038;NT=label free sample	10 ppm	20 ppm	1
PXD062642-Sample-7	Homo sapiens	Epithelial	Intestinal epithelial cells	Intestinal epithelial cells	not applicable	not available	not available	normal	InEPC_CellMap_SCX_r3_f05	not available	1	not applicable	PXD062642	InEPC_CellMap_SCX_r3_f05.raw	Intestinal epithelial cells	ftp://ftp.pride.ebi.ac.uk/pride/data/archive/2026/01/PXD062642/InEPC_CellMap_SCX_r3_f05.raw	5	3	NT=Orbitrap Fusion Lumos;AC=MS:1002732	NT=Carbamidomethyl;TA=C;MT=fixed;AC=UNIMOD:4	NT=Acetyl; MT=Variable; PP=Protein N-term; AC=UNIMOD:1	NT=Oxidation;MT=Variable;TA=M;AC=UNIMOD:35	"NT=Phospho;MT=Variable;TA=S,T,Y;AC=UNIMOD:21"	AC=MS:1001251;NT=Trypsin	AC=MS:1002038;NT=label free sample	10 ppm	20 ppm	1
PXD062642-Sample-7	Homo sapiens	Epithelial	Intestinal epithelial cells	Intestinal epithelial cells	not applicable	not available	not available	normal	InEPC_CellMap_SCX_r3_f06	not available	1	not applicable	PXD062642	InEPC_CellMap_SCX_r3_f06.raw	Intestinal epithelial cells	ftp://ftp.pride.ebi.ac.uk/pride/data/archive/2026/01/PXD062642/InEPC_CellMap_SCX_r3_f06.raw	6	3	NT=Orbitrap Fusion Lumos;AC=MS:1002732	NT=Carbamidomethyl;TA=C;MT=fixed;AC=UNIMOD:4	NT=Acetyl; MT=Variable; PP=Protein N-term; AC=UNIMOD:1	NT=Oxidation;MT=Variable;TA=M;AC=UNIMOD:35	"NT=Phospho;MT=Variable;TA=S,T,Y;AC=UNIMOD:21"	AC=MS:1001251;NT=Trypsin	AC=MS:1002038;NT=label free sample	10 ppm	20 ppm	1
PXD062642-Sample-8	Homo sapiens	Epithelial	Bronchial epithelial cells	Bronchial epithelial cells	not applicable	not available	not available	normal	JH02_NHBE_SCX_r1_f01	not available	1	not applicable	PXD062642	JH02_NHBE_SCX_r1_f01.raw	Bronchial epithelial cells	ftp://ftp.pride.ebi.ac.uk/pride/data/archive/2026/01/PXD062642/JH02_NHBE_SCX_r1_f01.raw	1	1	NT=Orbitrap Fusion Lumos;AC=MS:1002732	NT=Carbamidomethyl;TA=C;MT=fixed;AC=UNIMOD:4	NT=Acetyl; MT=Variable; PP=Protein N-term; AC=UNIMOD:1	NT=Oxidation;MT=Variable;TA=M;AC=UNIMOD:35	"NT=Phospho;MT=Variable;TA=S,T,Y;AC=UNIMOD:21"	AC=MS:1001251;NT=Trypsin	AC=MS:1002038;NT=label free sample	10 ppm	20 ppm	1
PXD062642-Sample-8	Homo sapiens	Epithelial	Bronchial epithelial cells	Bronchial epithelial cells	not applicable	not available	not available	normal	JH02_NHBE_SCX_r1_f02	not available	1	not applicable	PXD062642	JH02_NHBE_SCX_r1_f02.raw	Bronchial epithelial cells	ftp://ftp.pride.ebi.ac.uk/pride/data/archive/2026/01/PXD062642/JH02_NHBE_SCX_r1_f02.raw	2	1	NT=Orbitrap Fusion Lumos;AC=MS:1002732	NT=Carbamidomethyl;TA=C;MT=fixed;AC=UNIMOD:4	NT=Acetyl; MT=Variable; PP=Protein N-term; AC=UNIMOD:1	NT=Oxidation;MT=Variable;TA=M;AC=UNIMOD:35	"NT=Phospho;MT=Variable;TA=S,T,Y;AC=UNIMOD:21"	AC=MS:1001251;NT=Trypsin	AC=MS:1002038;NT=label free sample	10 ppm	20 ppm	1
PXD062642-Sample-8	Homo sapiens	Epithelial	Bronchial epithelial cells	Bronchial epithelial cells	not applicable	not available	not available	normal	JH02_NHBE_SCX_r1_f03	not available	1	not applicable	PXD062642	JH02_NHBE_SCX_r1_f03.raw	Bronchial epithelial cells	ftp://ftp.pride.ebi.ac.uk/pride/data/archive/2026/01/PXD062642/JH02_NHBE_SCX_r1_f03.raw	3	1	NT=Orbitrap Fusion Lumos;AC=MS:1002732	NT=Carbamidomethyl;TA=C;MT=fixed;AC=UNIMOD:4	NT=Acetyl; MT=Variable; PP=Protein N-term; AC=UNIMOD:1	NT=Oxidation;MT=Variable;TA=M;AC=UNIMOD:35	"NT=Phospho;MT=Variable;TA=S,T,Y;AC=UNIMOD:21"	AC=MS:1001251;NT=Trypsin	AC=MS:1002038;NT=label free sample	10 ppm	20 ppm	1
PXD062642-Sample-8	Homo sapiens	Epithelial	Bronchial epithelial cells	Bronchial epithelial cells	not applicable	not available	not available	normal	JH02_NHBE_SCX_r1_f04	not available	1	not applicable	PXD062642	JH02_NHBE_SCX_r1_f04.raw	Bronchial epithelial cells	ftp://ftp.pride.ebi.ac.uk/pride/data/archive/2026/01/PXD062642/JH02_NHBE_SCX_r1_f04.raw	4	1	NT=Orbitrap Fusion Lumos;AC=MS:1002732	NT=Carbamidomethyl;TA=C;MT=fixed;AC=UNIMOD:4	NT=Acetyl; MT=Variable; PP=Protein N-term; AC=UNIMOD:1	NT=Oxidation;MT=Variable;TA=M;AC=UNIMOD:35	"NT=Phospho;MT=Variable;TA=S,T,Y;AC=UNIMOD:21"	AC=MS:1001251;NT=Trypsin	AC=MS:1002038;NT=label free sample	10 ppm	20 ppm	1
PXD062642-Sample-8	Homo sapiens	Epithelial	Bronchial epithelial cells	Bronchial epithelial cells	not applicable	not available	not available	normal	JH02_NHBE_SCX_r1_f05	not available	1	not applicable	PXD062642	JH02_NHBE_SCX_r1_f05.raw	Bronchial epithelial cells	ftp://ftp.pride.ebi.ac.uk/pride/data/archive/2026/01/PXD062642/JH02_NHBE_SCX_r1_f05.raw	5	1	NT=Orbitrap Fusion Lumos;AC=MS:1002732	NT=Carbamidomethyl;TA=C;MT=fixed;AC=UNIMOD:4	NT=Acetyl; MT=Variable; PP=Protein N-term; AC=UNIMOD:1	NT=Oxidation;MT=Variable;TA=M;AC=UNIMOD:35	"NT=Phospho;MT=Variable;TA=S,T,Y;AC=UNIMOD:21"	AC=MS:1001251;NT=Trypsin	AC=MS:1002038;NT=label free sample	10 ppm	20 ppm	1
PXD062642-Sample-8	Homo sapiens	Epithelial	Bronchial epithelial cells	Bronchial epithelial cells	not applicable	not available	not available	normal	JH02_NHBE_SCX_r1_f06	not available	1	not applicable	PXD062642	JH02_NHBE_SCX_r1_f06.raw	Bronchial epithelial cells	ftp://ftp.pride.ebi.ac.uk/pride/data/archive/2026/01/PXD062642/JH02_NHBE_SCX_r1_f06.raw	6	1	NT=Orbitrap Fusion Lumos;AC=MS:1002732	NT=Carbamidomethyl;TA=C;MT=fixed;AC=UNIMOD:4	NT=Acetyl; MT=Variable; PP=Protein N-term; AC=UNIMOD:1	NT=Oxidation;MT=Variable;TA=M;AC=UNIMOD:35	"NT=Phospho;MT=Variable;TA=S,T,Y;AC=UNIMOD:21"	AC=MS:1001251;NT=Trypsin	AC=MS:1002038;NT=label free sample	10 ppm	20 ppm	1
PXD062642-Sample-8	Homo sapiens	Epithelial	Bronchial epithelial cells	Bronchial epithelial cells	not applicable	not available	not available	normal	JH02_NHBE_SCX_r2_f01	not available	1	not applicable	PXD062642	JH02_NHBE_SCX_r2_f01.raw	Bronchial epithelial cells	ftp://ftp.pride.ebi.ac.uk/pride/data/archive/2026/01/PXD062642/JH02_NHBE_SCX_r2_f01.raw	1	2	NT=Orbitrap Fusion Lumos;AC=MS:1002732	NT=Carbamidomethyl;TA=C;MT=fixed;AC=UNIMOD:4	NT=Acetyl; MT=Variable; PP=Protein N-term; AC=UNIMOD:1	NT=Oxidation;MT=Variable;TA=M;AC=UNIMOD:35	"NT=Phospho;MT=Variable;TA=S,T,Y;AC=UNIMOD:21"	AC=MS:1001251;NT=Trypsin	AC=MS:1002038;NT=label free sample	10 ppm	20 ppm	1
PXD062642-Sample-8	Homo sapiens	Epithelial	Bronchial epithelial cells	Bronchial epithelial cells	not applicable	not available	not available	normal	JH02_NHBE_SCX_r2_f02	not available	1	not applicable	PXD062642	JH02_NHBE_SCX_r2_f02.raw	Bronchial epithelial cells	ftp://ftp.pride.ebi.ac.uk/pride/data/archive/2026/01/PXD062642/JH02_NHBE_SCX_r2_f02.raw	2	2	NT=Orbitrap Fusion Lumos;AC=MS:1002732	NT=Carbamidomethyl;TA=C;MT=fixed;AC=UNIMOD:4	NT=Acetyl; MT=Variable; PP=Protein N-term; AC=UNIMOD:1	NT=Oxidation;MT=Variable;TA=M;AC=UNIMOD:35	"NT=Phospho;MT=Variable;TA=S,T,Y;AC=UNIMOD:21"	AC=MS:1001251;NT=Trypsin	AC=MS:1002038;NT=label free sample	10 ppm	20 ppm	1
PXD062642-Sample-8	Homo sapiens	Epithelial	Bronchial epithelial cells	Bronchial epithelial cells	not applicable	not available	not available	normal	JH02_NHBE_SCX_r2_f03	not available	1	not applicable	PXD062642	JH02_NHBE_SCX_r2_f03.raw	Bronchial epithelial cells	ftp://ftp.pride.ebi.ac.uk/pride/data/archive/2026/01/PXD062642/JH02_NHBE_SCX_r2_f03.raw	3	2	NT=Orbitrap Fusion Lumos;AC=MS:1002732	NT=Carbamidomethyl;TA=C;MT=fixed;AC=UNIMOD:4	NT=Acetyl; MT=Variable; PP=Protein N-term; AC=UNIMOD:1	NT=Oxidation;MT=Variable;TA=M;AC=UNIMOD:35	"NT=Phospho;MT=Variable;TA=S,T,Y;AC=UNIMOD:21"	AC=MS:1001251;NT=Trypsin	AC=MS:1002038;NT=label free sample	10 ppm	20 ppm	1
PXD062642-Sample-8	Homo sapiens	Epithelial	Bronchial epithelial cells	Bronchial epithelial cells	not applicable	not available	not available	normal	JH02_NHBE_SCX_r2_f04	not available	1	not applicable	PXD062642	JH02_NHBE_SCX_r2_f04.raw	Bronchial epithelial cells	ftp://ftp.pride.ebi.ac.uk/pride/data/archive/2026/01/PXD062642/JH02_NHBE_SCX_r2_f04.raw	4	2	NT=Orbitrap Fusion Lumos;AC=MS:1002732	NT=Carbamidomethyl;TA=C;MT=fixed;AC=UNIMOD:4	NT=Acetyl; MT=Variable; PP=Protein N-term; AC=UNIMOD:1	NT=Oxidation;MT=Variable;TA=M;AC=UNIMOD:35	"NT=Phospho;MT=Variable;TA=S,T,Y;AC=UNIMOD:21"	AC=MS:1001251;NT=Trypsin	AC=MS:1002038;NT=label free sample	10 ppm	20 ppm	1
PXD062642-Sample-8	Homo sapiens	Epithelial	Bronchial epithelial cells	Bronchial epithelial cells	not applicable	not available	not available	normal	JH02_NHBE_SCX_r2_f05	not available	1	not applicable	PXD062642	JH02_NHBE_SCX_r2_f05.raw	Bronchial epithelial cells	ftp://ftp.pride.ebi.ac.uk/pride/data/archive/2026/01/PXD062642/JH02_NHBE_SCX_r2_f05.raw	5	2	NT=Orbitrap Fusion Lumos;AC=MS:1002732	NT=Carbamidomethyl;TA=C;MT=fixed;AC=UNIMOD:4	NT=Acetyl; MT=Variable; PP=Protein N-term; AC=UNIMOD:1	NT=Oxidation;MT=Variable;TA=M;AC=UNIMOD:35	"NT=Phospho;MT=Variable;TA=S,T,Y;AC=UNIMOD:21"	AC=MS:1001251;NT=Trypsin	AC=MS:1002038;NT=label free sample	10 ppm	20 ppm	1
PXD062642-Sample-8	Homo sapiens	Epithelial	Bronchial epithelial cells	Bronchial epithelial cells	not applicable	not available	not available	normal	JH02_NHBE_SCX_r2_f06	not available	1	not applicable	PXD062642	JH02_NHBE_SCX_r2_f06.raw	Bronchial epithelial cells	ftp://ftp.pride.ebi.ac.uk/pride/data/archive/2026/01/PXD062642/JH02_NHBE_SCX_r2_f06.raw	6	2	NT=Orbitrap Fusion Lumos;AC=MS:1002732	NT=Carbamidomethyl;TA=C;MT=fixed;AC=UNIMOD:4	NT=Acetyl; MT=Variable; PP=Protein N-term; AC=UNIMOD:1	NT=Oxidation;MT=Variable;TA=M;AC=UNIMOD:35	"NT=Phospho;MT=Variable;TA=S,T,Y;AC=UNIMOD:21"	AC=MS:1001251;NT=Trypsin	AC=MS:1002038;NT=label free sample	10 ppm	20 ppm	1
PXD062642-Sample-8	Homo sapiens	Epithelial	Bronchial epithelial cells	Bronchial epithelial cells	not applicable	not available	not available	normal	JH02_NHBE_SCX_r3_f01	not available	1	not applicable	PXD062642	JH02_NHBE_SCX_r3_f01.raw	Bronchial epithelial cells	ftp://ftp.pride.ebi.ac.uk/pride/data/archive/2026/01/PXD062642/JH02_NHBE_SCX_r3_f01.raw	1	3	NT=Orbitrap Fusion Lumos;AC=MS:1002732	NT=Carbamidomethyl;TA=C;MT=fixed;AC=UNIMOD:4	NT=Acetyl; MT=Variable; PP=Protein N-term; AC=UNIMOD:1	NT=Oxidation;MT=Variable;TA=M;AC=UNIMOD:35	"NT=Phospho;MT=Variable;TA=S,T,Y;AC=UNIMOD:21"	AC=MS:1001251;NT=Trypsin	AC=MS:1002038;NT=label free sample	10 ppm	20 ppm	1
PXD062642-Sample-8	Homo sapiens	Epithelial	Bronchial epithelial cells	Bronchial epithelial cells	not applicable	not available	not available	normal	JH02_NHBE_SCX_r3_f02	not available	1	not applicable	PXD062642	JH02_NHBE_SCX_r3_f02.raw	Bronchial epithelial cells	ftp://ftp.pride.ebi.ac.uk/pride/data/archive/2026/01/PXD062642/JH02_NHBE_SCX_r3_f02.raw	2	3	NT=Orbitrap Fusion Lumos;AC=MS:1002732	NT=Carbamidomethyl;TA=C;MT=fixed;AC=UNIMOD:4	NT=Acetyl; MT=Variable; PP=Protein N-term; AC=UNIMOD:1	NT=Oxidation;MT=Variable;TA=M;AC=UNIMOD:35	"NT=Phospho;MT=Variable;TA=S,T,Y;AC=UNIMOD:21"	AC=MS:1001251;NT=Trypsin	AC=MS:1002038;NT=label free sample	10 ppm	20 ppm	1
PXD062642-Sample-8	Homo sapiens	Epithelial	Bronchial epithelial cells	Bronchial epithelial cells	not applicable	not available	not available	normal	JH02_NHBE_SCX_r3_f03	not available	1	not applicable	PXD062642	JH02_NHBE_SCX_r3_f03.raw	Bronchial epithelial cells	ftp://ftp.pride.ebi.ac.uk/pride/data/archive/2026/01/PXD062642/JH02_NHBE_SCX_r3_f03.raw	3	3	NT=Orbitrap Fusion Lumos;AC=MS:1002732	NT=Carbamidomethyl;TA=C;MT=fixed;AC=UNIMOD:4	NT=Acetyl; MT=Variable; PP=Protein N-term; AC=UNIMOD:1	NT=Oxidation;MT=Variable;TA=M;AC=UNIMOD:35	"NT=Phospho;MT=Variable;TA=S,T,Y;AC=UNIMOD:21"	AC=MS:1001251;NT=Trypsin	AC=MS:1002038;NT=label free sample	10 ppm	20 ppm	1
PXD062642-Sample-8	Homo sapiens	Epithelial	Bronchial epithelial cells	Bronchial epithelial cells	not applicable	not available	not available	normal	JH02_NHBE_SCX_r3_f04	not available	1	not applicable	PXD062642	JH02_NHBE_SCX_r3_f04.raw	Bronchial epithelial cells	ftp://ftp.pride.ebi.ac.uk/pride/data/archive/2026/01/PXD062642/JH02_NHBE_SCX_r3_f04.raw	4	3	NT=Orbitrap Fusion Lumos;AC=MS:1002732	NT=Carbamidomethyl;TA=C;MT=fixed;AC=UNIMOD:4	NT=Acetyl; MT=Variable; PP=Protein N-term; AC=UNIMOD:1	NT=Oxidation;MT=Variable;TA=M;AC=UNIMOD:35	"NT=Phospho;MT=Variable;TA=S,T,Y;AC=UNIMOD:21"	AC=MS:1001251;NT=Trypsin	AC=MS:1002038;NT=label free sample	10 ppm	20 ppm	1
PXD062642-Sample-8	Homo sapiens	Epithelial	Bronchial epithelial cells	Bronchial epithelial cells	not applicable	not available	not available	normal	JH02_NHBE_SCX_r3_f05	not available	1	not applicable	PXD062642	JH02_NHBE_SCX_r3_f05.raw	Bronchial epithelial cells	ftp://ftp.pride.ebi.ac.uk/pride/data/archive/2026/01/PXD062642/JH02_NHBE_SCX_r3_f05.raw	5	3	NT=Orbitrap Fusion Lumos;AC=MS:1002732	NT=Carbamidomethyl;TA=C;MT=fixed;AC=UNIMOD:4	NT=Acetyl; MT=Variable; PP=Protein N-term; AC=UNIMOD:1	NT=Oxidation;MT=Variable;TA=M;AC=UNIMOD:35	"NT=Phospho;MT=Variable;TA=S,T,Y;AC=UNIMOD:21"	AC=MS:1001251;NT=Trypsin	AC=MS:1002038;NT=label free sample	10 ppm	20 ppm	1
PXD062642-Sample-8	Homo sapiens	Epithelial	Bronchial epithelial cells	Bronchial epithelial cells	not applicable	not available	not available	normal	JH02_NHBE_SCX_r3_f06	not available	1	not applicable	PXD062642	JH02_NHBE_SCX_r3_f06.raw	Bronchial epithelial cells	ftp://ftp.pride.ebi.ac.uk/pride/data/archive/2026/01/PXD062642/JH02_NHBE_SCX_r3_f06.raw	6	3	NT=Orbitrap Fusion Lumos;AC=MS:1002732	NT=Carbamidomethyl;TA=C;MT=fixed;AC=UNIMOD:4	NT=Acetyl; MT=Variable; PP=Protein N-term; AC=UNIMOD:1	NT=Oxidation;MT=Variable;TA=M;AC=UNIMOD:35	"NT=Phospho;MT=Variable;TA=S,T,Y;AC=UNIMOD:21"	AC=MS:1001251;NT=Trypsin	AC=MS:1002038;NT=label free sample	10 ppm	20 ppm	1
PXD062642-Sample-9	Homo sapiens	Mesenchymal	Dermal fibroblast adult	Dermal fibroblast adult	not applicable	not available	not available	normal	JH06_NHDF-AD_SCX_r1_f01	adult	1	not applicable	PXD062642	JH06_NHDF-AD_SCX_r1_f01.raw	Dermal fibroblast adult	ftp://ftp.pride.ebi.ac.uk/pride/data/archive/2026/01/PXD062642/JH06_NHDF-AD_SCX_r1_f01.raw	1	1	NT=Orbitrap Fusion Lumos;AC=MS:1002732	NT=Carbamidomethyl;TA=C;MT=fixed;AC=UNIMOD:4	NT=Acetyl; MT=Variable; PP=Protein N-term; AC=UNIMOD:1	NT=Oxidation;MT=Variable;TA=M;AC=UNIMOD:35	"NT=Phospho;MT=Variable;TA=S,T,Y;AC=UNIMOD:21"	AC=MS:1001251;NT=Trypsin	AC=MS:1002038;NT=label free sample	10 ppm	20 ppm	1
PXD062642-Sample-9	Homo sapiens	Mesenchymal	Dermal fibroblast adult	Dermal fibroblast adult	not applicable	not available	not available	normal	JH06_NHDF-AD_SCX_r1_f02	adult	1	not applicable	PXD062642	JH06_NHDF-AD_SCX_r1_f02.raw	Dermal fibroblast adult	ftp://ftp.pride.ebi.ac.uk/pride/data/archive/2026/01/PXD062642/JH06_NHDF-AD_SCX_r1_f02.raw	2	1	NT=Orbitrap Fusion Lumos;AC=MS:1002732	NT=Carbamidomethyl;TA=C;MT=fixed;AC=UNIMOD:4	NT=Acetyl; MT=Variable; PP=Protein N-term; AC=UNIMOD:1	NT=Oxidation;MT=Variable;TA=M;AC=UNIMOD:35	"NT=Phospho;MT=Variable;TA=S,T,Y;AC=UNIMOD:21"	AC=MS:1001251;NT=Trypsin	AC=MS:1002038;NT=label free sample	10 ppm	20 ppm	1
PXD062642-Sample-9	Homo sapiens	Mesenchymal	Dermal fibroblast adult	Dermal fibroblast adult	not applicable	not available	not available	normal	JH06_NHDF-AD_SCX_r1_f03	adult	1	not applicable	PXD062642	JH06_NHDF-AD_SCX_r1_f03.raw	Dermal fibroblast adult	ftp://ftp.pride.ebi.ac.uk/pride/data/archive/2026/01/PXD062642/JH06_NHDF-AD_SCX_r1_f03.raw	3	1	NT=Orbitrap Fusion Lumos;AC=MS:1002732	NT=Carbamidomethyl;TA=C;MT=fixed;AC=UNIMOD:4	NT=Acetyl; MT=Variable; PP=Protein N-term; AC=UNIMOD:1	NT=Oxidation;MT=Variable;TA=M;AC=UNIMOD:35	"NT=Phospho;MT=Variable;TA=S,T,Y;AC=UNIMOD:21"	AC=MS:1001251;NT=Trypsin	AC=MS:1002038;NT=label free sample	10 ppm	20 ppm	1
PXD062642-Sample-9	Homo sapiens	Mesenchymal	Dermal fibroblast adult	Dermal fibroblast adult	not applicable	not available	not available	normal	JH06_NHDF-AD_SCX_r1_f04	adult	1	not applicable	PXD062642	JH06_NHDF-AD_SCX_r1_f04.raw	Dermal fibroblast adult	ftp://ftp.pride.ebi.ac.uk/pride/data/archive/2026/01/PXD062642/JH06_NHDF-AD_SCX_r1_f04.raw	4	1	NT=Orbitrap Fusion Lumos;AC=MS:1002732	NT=Carbamidomethyl;TA=C;MT=fixed;AC=UNIMOD:4	NT=Acetyl; MT=Variable; PP=Protein N-term; AC=UNIMOD:1	NT=Oxidation;MT=Variable;TA=M;AC=UNIMOD:35	"NT=Phospho;MT=Variable;TA=S,T,Y;AC=UNIMOD:21"	AC=MS:1001251;NT=Trypsin	AC=MS:1002038;NT=label free sample	10 ppm	20 ppm	1
PXD062642-Sample-9	Homo sapiens	Mesenchymal	Dermal fibroblast adult	Dermal fibroblast adult	not applicable	not available	not available	normal	JH06_NHDF-AD_SCX_r1_f05	adult	1	not applicable	PXD062642	JH06_NHDF-AD_SCX_r1_f05.raw	Dermal fibroblast adult	ftp://ftp.pride.ebi.ac.uk/pride/data/archive/2026/01/PXD062642/JH06_NHDF-AD_SCX_r1_f05.raw	5	1	NT=Orbitrap Fusion Lumos;AC=MS:1002732	NT=Carbamidomethyl;TA=C;MT=fixed;AC=UNIMOD:4	NT=Acetyl; MT=Variable; PP=Protein N-term; AC=UNIMOD:1	NT=Oxidation;MT=Variable;TA=M;AC=UNIMOD:35	"NT=Phospho;MT=Variable;TA=S,T,Y;AC=UNIMOD:21"	AC=MS:1001251;NT=Trypsin	AC=MS:1002038;NT=label free sample	10 ppm	20 ppm	1
PXD062642-Sample-9	Homo sapiens	Mesenchymal	Dermal fibroblast adult	Dermal fibroblast adult	not applicable	not available	not available	normal	JH06_NHDF-AD_SCX_r1_f06	adult	1	not applicable	PXD062642	JH06_NHDF-AD_SCX_r1_f06.raw	Dermal fibroblast adult	ftp://ftp.pride.ebi.ac.uk/pride/data/archive/2026/01/PXD062642/JH06_NHDF-AD_SCX_r1_f06.raw	6	1	NT=Orbitrap Fusion Lumos;AC=MS:1002732	NT=Carbamidomethyl;TA=C;MT=fixed;AC=UNIMOD:4	NT=Acetyl; MT=Variable; PP=Protein N-term; AC=UNIMOD:1	NT=Oxidation;MT=Variable;TA=M;AC=UNIMOD:35	"NT=Phospho;MT=Variable;TA=S,T,Y;AC=UNIMOD:21"	AC=MS:1001251;NT=Trypsin	AC=MS:1002038;NT=label free sample	10 ppm	20 ppm	1
PXD062642-Sample-9	Homo sapiens	Mesenchymal	Dermal fibroblast adult	Dermal fibroblast adult	not applicable	not available	not available	normal	JH06_NHDF-AD_SCX_r2_f01	adult	1	not applicable	PXD062642	JH06_NHDF-AD_SCX_r2_f01.raw	Dermal fibroblast adult	ftp://ftp.pride.ebi.ac.uk/pride/data/archive/2026/01/PXD062642/JH06_NHDF-AD_SCX_r2_f01.raw	1	2	NT=Orbitrap Fusion Lumos;AC=MS:1002732	NT=Carbamidomethyl;TA=C;MT=fixed;AC=UNIMOD:4	NT=Acetyl; MT=Variable; PP=Protein N-term; AC=UNIMOD:1	NT=Oxidation;MT=Variable;TA=M;AC=UNIMOD:35	"NT=Phospho;MT=Variable;TA=S,T,Y;AC=UNIMOD:21"	AC=MS:1001251;NT=Trypsin	AC=MS:1002038;NT=label free sample	10 ppm	20 ppm	1
PXD062642-Sample-9	Homo sapiens	Mesenchymal	Dermal fibroblast adult	Dermal fibroblast adult	not applicable	not available	not available	normal	JH06_NHDF-AD_SCX_r2_f02	adult	1	not applicable	PXD062642	JH06_NHDF-AD_SCX_r2_f02.raw	Dermal fibroblast adult	ftp://ftp.pride.ebi.ac.uk/pride/data/archive/2026/01/PXD062642/JH06_NHDF-AD_SCX_r2_f02.raw	2	2	NT=Orbitrap Fusion Lumos;AC=MS:1002732	NT=Carbamidomethyl;TA=C;MT=fixed;AC=UNIMOD:4	NT=Acetyl; MT=Variable; PP=Protein N-term; AC=UNIMOD:1	NT=Oxidation;MT=Variable;TA=M;AC=UNIMOD:35	"NT=Phospho;MT=Variable;TA=S,T,Y;AC=UNIMOD:21"	AC=MS:1001251;NT=Trypsin	AC=MS:1002038;NT=label free sample	10 ppm	20 ppm	1
PXD062642-Sample-9	Homo sapiens	Mesenchymal	Dermal fibroblast adult	Dermal fibroblast adult	not applicable	not available	not available	normal	JH06_NHDF-AD_SCX_r2_f03	adult	1	not applicable	PXD062642	JH06_NHDF-AD_SCX_r2_f03.raw	Dermal fibroblast adult	ftp://ftp.pride.ebi.ac.uk/pride/data/archive/2026/01/PXD062642/JH06_NHDF-AD_SCX_r2_f03.raw	3	2	NT=Orbitrap Fusion Lumos;AC=MS:1002732	NT=Carbamidomethyl;TA=C;MT=fixed;AC=UNIMOD:4	NT=Acetyl; MT=Variable; PP=Protein N-term; AC=UNIMOD:1	NT=Oxidation;MT=Variable;TA=M;AC=UNIMOD:35	"NT=Phospho;MT=Variable;TA=S,T,Y;AC=UNIMOD:21"	AC=MS:1001251;NT=Trypsin	AC=MS:1002038;NT=label free sample	10 ppm	20 ppm	1
PXD062642-Sample-9	Homo sapiens	Mesenchymal	Dermal fibroblast adult	Dermal fibroblast adult	not applicable	not available	not available	normal	JH06_NHDF-AD_SCX_r2_f04	adult	1	not applicable	PXD062642	JH06_NHDF-AD_SCX_r2_f04.raw	Dermal fibroblast adult	ftp://ftp.pride.ebi.ac.uk/pride/data/archive/2026/01/PXD062642/JH06_NHDF-AD_SCX_r2_f04.raw	4	2	NT=Orbitrap Fusion Lumos;AC=MS:1002732	NT=Carbamidomethyl;TA=C;MT=fixed;AC=UNIMOD:4	NT=Acetyl; MT=Variable; PP=Protein N-term; AC=UNIMOD:1	NT=Oxidation;MT=Variable;TA=M;AC=UNIMOD:35	"NT=Phospho;MT=Variable;TA=S,T,Y;AC=UNIMOD:21"	AC=MS:1001251;NT=Trypsin	AC=MS:1002038;NT=label free sample	10 ppm	20 ppm	1
PXD062642-Sample-9	Homo sapiens	Mesenchymal	Dermal fibroblast adult	Dermal fibroblast adult	not applicable	not available	not available	normal	JH06_NHDF-AD_SCX_r2_f05	adult	1	not applicable	PXD062642	JH06_NHDF-AD_SCX_r2_f05.raw	Dermal fibroblast adult	ftp://ftp.pride.ebi.ac.uk/pride/data/archive/2026/01/PXD062642/JH06_NHDF-AD_SCX_r2_f05.raw	5	2	NT=Orbitrap Fusion Lumos;AC=MS:1002732	NT=Carbamidomethyl;TA=C;MT=fixed;AC=UNIMOD:4	NT=Acetyl; MT=Variable; PP=Protein N-term; AC=UNIMOD:1	NT=Oxidation;MT=Variable;TA=M;AC=UNIMOD:35	"NT=Phospho;MT=Variable;TA=S,T,Y;AC=UNIMOD:21"	AC=MS:1001251;NT=Trypsin	AC=MS:1002038;NT=label free sample	10 ppm	20 ppm	1
PXD062642-Sample-9	Homo sapiens	Mesenchymal	Dermal fibroblast adult	Dermal fibroblast adult	not applicable	not available	not available	normal	JH06_NHDF-AD_SCX_r2_f06	adult	1	not applicable	PXD062642	JH06_NHDF-AD_SCX_r2_f06.raw	Dermal fibroblast adult	ftp://ftp.pride.ebi.ac.uk/pride/data/archive/2026/01/PXD062642/JH06_NHDF-AD_SCX_r2_f06.raw	6	2	NT=Orbitrap Fusion Lumos;AC=MS:1002732	NT=Carbamidomethyl;TA=C;MT=fixed;AC=UNIMOD:4	NT=Acetyl; MT=Variable; PP=Protein N-term; AC=UNIMOD:1	NT=Oxidation;MT=Variable;TA=M;AC=UNIMOD:35	"NT=Phospho;MT=Variable;TA=S,T,Y;AC=UNIMOD:21"	AC=MS:1001251;NT=Trypsin	AC=MS:1002038;NT=label free sample	10 ppm	20 ppm	1
PXD062642-Sample-9	Homo sapiens	Mesenchymal	Dermal fibroblast adult	Dermal fibroblast adult	not applicable	not available	not available	normal	JH06_NHDF-AD_SCX_r3_f01	adult	1	not applicable	PXD062642	JH06_NHDF-AD_SCX_r3_f01.raw	Dermal fibroblast adult	ftp://ftp.pride.ebi.ac.uk/pride/data/archive/2026/01/PXD062642/JH06_NHDF-AD_SCX_r3_f01.raw	1	3	NT=Orbitrap Fusion Lumos;AC=MS:1002732	NT=Carbamidomethyl;TA=C;MT=fixed;AC=UNIMOD:4	NT=Acetyl; MT=Variable; PP=Protein N-term; AC=UNIMOD:1	NT=Oxidation;MT=Variable;TA=M;AC=UNIMOD:35	"NT=Phospho;MT=Variable;TA=S,T,Y;AC=UNIMOD:21"	AC=MS:1001251;NT=Trypsin	AC=MS:1002038;NT=label free sample	10 ppm	20 ppm	1
PXD062642-Sample-9	Homo sapiens	Mesenchymal	Dermal fibroblast adult	Dermal fibroblast adult	not applicable	not available	not available	normal	JH06_NHDF-AD_SCX_r3_f02	adult	1	not applicable	PXD062642	JH06_NHDF-AD_SCX_r3_f02.raw	Dermal fibroblast adult	ftp://ftp.pride.ebi.ac.uk/pride/data/archive/2026/01/PXD062642/JH06_NHDF-AD_SCX_r3_f02.raw	2	3	NT=Orbitrap Fusion Lumos;AC=MS:1002732	NT=Carbamidomethyl;TA=C;MT=fixed;AC=UNIMOD:4	NT=Acetyl; MT=Variable; PP=Protein N-term; AC=UNIMOD:1	NT=Oxidation;MT=Variable;TA=M;AC=UNIMOD:35	"NT=Phospho;MT=Variable;TA=S,T,Y;AC=UNIMOD:21"	AC=MS:1001251;NT=Trypsin	AC=MS:1002038;NT=label free sample	10 ppm	20 ppm	1
PXD062642-Sample-9	Homo sapiens	Mesenchymal	Dermal fibroblast adult	Dermal fibroblast adult	not applicable	not available	not available	normal	JH06_NHDF-AD_SCX_r3_f03	adult	1	not applicable	PXD062642	JH06_NHDF-AD_SCX_r3_f03.raw	Dermal fibroblast adult	ftp://ftp.pride.ebi.ac.uk/pride/data/archive/2026/01/PXD062642/JH06_NHDF-AD_SCX_r3_f03.raw	3	3	NT=Orbitrap Fusion Lumos;AC=MS:1002732	NT=Carbamidomethyl;TA=C;MT=fixed;AC=UNIMOD:4	NT=Acetyl; MT=Variable; PP=Protein N-term; AC=UNIMOD:1	NT=Oxidation;MT=Variable;TA=M;AC=UNIMOD:35	"NT=Phospho;MT=Variable;TA=S,T,Y;AC=UNIMOD:21"	AC=MS:1001251;NT=Trypsin	AC=MS:1002038;NT=label free sample	10 ppm	20 ppm	1
PXD062642-Sample-9	Homo sapiens	Mesenchymal	Dermal fibroblast adult	Dermal fibroblast adult	not applicable	not available	not available	normal	JH06_NHDF-AD_SCX_r3_f04	adult	1	not applicable	PXD062642	JH06_NHDF-AD_SCX_r3_f04.raw	Dermal fibroblast adult	ftp://ftp.pride.ebi.ac.uk/pride/data/archive/2026/01/PXD062642/JH06_NHDF-AD_SCX_r3_f04.raw	4	3	NT=Orbitrap Fusion Lumos;AC=MS:1002732	NT=Carbamidomethyl;TA=C;MT=fixed;AC=UNIMOD:4	NT=Acetyl; MT=Variable; PP=Protein N-term; AC=UNIMOD:1	NT=Oxidation;MT=Variable;TA=M;AC=UNIMOD:35	"NT=Phospho;MT=Variable;TA=S,T,Y;AC=UNIMOD:21"	AC=MS:1001251;NT=Trypsin	AC=MS:1002038;NT=label free sample	10 ppm	20 ppm	1
PXD062642-Sample-9	Homo sapiens	Mesenchymal	Dermal fibroblast adult	Dermal fibroblast adult	not applicable	not available	not available	normal	JH06_NHDF-AD_SCX_r3_f05	adult	1	not applicable	PXD062642	JH06_NHDF-AD_SCX_r3_f05.raw	Dermal fibroblast adult	ftp://ftp.pride.ebi.ac.uk/pride/data/archive/2026/01/PXD062642/JH06_NHDF-AD_SCX_r3_f05.raw	5	3	NT=Orbitrap Fusion Lumos;AC=MS:1002732	NT=Carbamidomethyl;TA=C;MT=fixed;AC=UNIMOD:4	NT=Acetyl; MT=Variable; PP=Protein N-term; AC=UNIMOD:1	NT=Oxidation;MT=Variable;TA=M;AC=UNIMOD:35	"NT=Phospho;MT=Variable;TA=S,T,Y;AC=UNIMOD:21"	AC=MS:1001251;NT=Trypsin	AC=MS:1002038;NT=label free sample	10 ppm	20 ppm	1
PXD062642-Sample-9	Homo sapiens	Mesenchymal	Dermal fibroblast adult	Dermal fibroblast adult	not applicable	not available	not available	normal	JH06_NHDF-AD_SCX_r3_f06	adult	1	not applicable	PXD062642	JH06_NHDF-AD_SCX_r3_f06.raw	Dermal fibroblast adult	ftp://ftp.pride.ebi.ac.uk/pride/data/archive/2026/01/PXD062642/JH06_NHDF-AD_SCX_r3_f06.raw	6	3	NT=Orbitrap Fusion Lumos;AC=MS:1002732	NT=Carbamidomethyl;TA=C;MT=fixed;AC=UNIMOD:4	NT=Acetyl; MT=Variable; PP=Protein N-term; AC=UNIMOD:1	NT=Oxidation;MT=Variable;TA=M;AC=UNIMOD:35	"NT=Phospho;MT=Variable;TA=S,T,Y;AC=UNIMOD:21"	AC=MS:1001251;NT=Trypsin	AC=MS:1002038;NT=label free sample	10 ppm	20 ppm	1
PXD062642-Sample-10	Homo sapiens	Mesenchymal	Dermal fibroblast neonatal	Dermal fibroblast neonatal	not applicable	not available	not available	normal	JH07_NHDF-Neo_SCX_r1_f01	neonatal	1	not applicable	PXD062642	JH07_NHDF-Neo_SCX_r1_f01.raw	Dermal fibroblast neonatal	ftp://ftp.pride.ebi.ac.uk/pride/data/archive/2026/01/PXD062642/JH07_NHDF-Neo_SCX_r1_f01.raw	1	1	NT=Orbitrap Fusion Lumos;AC=MS:1002732	NT=Carbamidomethyl;TA=C;MT=fixed;AC=UNIMOD:4	NT=Acetyl; MT=Variable; PP=Protein N-term; AC=UNIMOD:1	NT=Oxidation;MT=Variable;TA=M;AC=UNIMOD:35	"NT=Phospho;MT=Variable;TA=S,T,Y;AC=UNIMOD:21"	AC=MS:1001251;NT=Trypsin	AC=MS:1002038;NT=label free sample	10 ppm	20 ppm	1
PXD062642-Sample-10	Homo sapiens	Mesenchymal	Dermal fibroblast neonatal	Dermal fibroblast neonatal	not applicable	not available	not available	normal	JH07_NHDF-Neo_SCX_r1_f02	neonatal	1	not applicable	PXD062642	JH07_NHDF-Neo_SCX_r1_f02.raw	Dermal fibroblast neonatal	ftp://ftp.pride.ebi.ac.uk/pride/data/archive/2026/01/PXD062642/JH07_NHDF-Neo_SCX_r1_f02.raw	2	1	NT=Orbitrap Fusion Lumos;AC=MS:1002732	NT=Carbamidomethyl;TA=C;MT=fixed;AC=UNIMOD:4	NT=Acetyl; MT=Variable; PP=Protein N-term; AC=UNIMOD:1	NT=Oxidation;MT=Variable;TA=M;AC=UNIMOD:35	"NT=Phospho;MT=Variable;TA=S,T,Y;AC=UNIMOD:21"	AC=MS:1001251;NT=Trypsin	AC=MS:1002038;NT=label free sample	10 ppm	20 ppm	1
PXD062642-Sample-10	Homo sapiens	Mesenchymal	Dermal fibroblast neonatal	Dermal fibroblast neonatal	not applicable	not available	not available	normal	JH07_NHDF-Neo_SCX_r1_f03	neonatal	1	not applicable	PXD062642	JH07_NHDF-Neo_SCX_r1_f03.raw	Dermal fibroblast neonatal	ftp://ftp.pride.ebi.ac.uk/pride/data/archive/2026/01/PXD062642/JH07_NHDF-Neo_SCX_r1_f03.raw	3	1	NT=Orbitrap Fusion Lumos;AC=MS:1002732	NT=Carbamidomethyl;TA=C;MT=fixed;AC=UNIMOD:4	NT=Acetyl; MT=Variable; PP=Protein N-term; AC=UNIMOD:1	NT=Oxidation;MT=Variable;TA=M;AC=UNIMOD:35	"NT=Phospho;MT=Variable;TA=S,T,Y;AC=UNIMOD:21"	AC=MS:1001251;NT=Trypsin	AC=MS:1002038;NT=label free sample	10 ppm	20 ppm	1
PXD062642-Sample-10	Homo sapiens	Mesenchymal	Dermal fibroblast neonatal	Dermal fibroblast neonatal	not applicable	not available	not available	normal	JH07_NHDF-Neo_SCX_r1_f04	neonatal	1	not applicable	PXD062642	JH07_NHDF-Neo_SCX_r1_f04.raw	Dermal fibroblast neonatal	ftp://ftp.pride.ebi.ac.uk/pride/data/archive/2026/01/PXD062642/JH07_NHDF-Neo_SCX_r1_f04.raw	4	1	NT=Orbitrap Fusion Lumos;AC=MS:1002732	NT=Carbamidomethyl;TA=C;MT=fixed;AC=UNIMOD:4	NT=Acetyl; MT=Variable; PP=Protein N-term; AC=UNIMOD:1	NT=Oxidation;MT=Variable;TA=M;AC=UNIMOD:35	"NT=Phospho;MT=Variable;TA=S,T,Y;AC=UNIMOD:21"	AC=MS:1001251;NT=Trypsin	AC=MS:1002038;NT=label free sample	10 ppm	20 ppm	1
PXD062642-Sample-10	Homo sapiens	Mesenchymal	Dermal fibroblast neonatal	Dermal fibroblast neonatal	not applicable	not available	not available	normal	JH07_NHDF-Neo_SCX_r1_f05	neonatal	1	not applicable	PXD062642	JH07_NHDF-Neo_SCX_r1_f05.raw	Dermal fibroblast neonatal	ftp://ftp.pride.ebi.ac.uk/pride/data/archive/2026/01/PXD062642/JH07_NHDF-Neo_SCX_r1_f05.raw	5	1	NT=Orbitrap Fusion Lumos;AC=MS:1002732	NT=Carbamidomethyl;TA=C;MT=fixed;AC=UNIMOD:4	NT=Acetyl; MT=Variable; PP=Protein N-term; AC=UNIMOD:1	NT=Oxidation;MT=Variable;TA=M;AC=UNIMOD:35	"NT=Phospho;MT=Variable;TA=S,T,Y;AC=UNIMOD:21"	AC=MS:1001251;NT=Trypsin	AC=MS:1002038;NT=label free sample	10 ppm	20 ppm	1
PXD062642-Sample-10	Homo sapiens	Mesenchymal	Dermal fibroblast neonatal	Dermal fibroblast neonatal	not applicable	not available	not available	normal	JH07_NHDF-Neo_SCX_r1_f06	neonatal	1	not applicable	PXD062642	JH07_NHDF-Neo_SCX_r1_f06.raw	Dermal fibroblast neonatal	ftp://ftp.pride.ebi.ac.uk/pride/data/archive/2026/01/PXD062642/JH07_NHDF-Neo_SCX_r1_f06.raw	6	1	NT=Orbitrap Fusion Lumos;AC=MS:1002732	NT=Carbamidomethyl;TA=C;MT=fixed;AC=UNIMOD:4	NT=Acetyl; MT=Variable; PP=Protein N-term; AC=UNIMOD:1	NT=Oxidation;MT=Variable;TA=M;AC=UNIMOD:35	"NT=Phospho;MT=Variable;TA=S,T,Y;AC=UNIMOD:21"	AC=MS:1001251;NT=Trypsin	AC=MS:1002038;NT=label free sample	10 ppm	20 ppm	1
PXD062642-Sample-10	Homo sapiens	Mesenchymal	Dermal fibroblast neonatal	Dermal fibroblast neonatal	not applicable	not available	not available	normal	JH07_NHDF-Neo_SCX_r2_f01	neonatal	1	not applicable	PXD062642	JH07_NHDF-Neo_SCX_r2_f01.raw	Dermal fibroblast neonatal	ftp://ftp.pride.ebi.ac.uk/pride/data/archive/2026/01/PXD062642/JH07_NHDF-Neo_SCX_r2_f01.raw	1	2	NT=Orbitrap Fusion Lumos;AC=MS:1002732	NT=Carbamidomethyl;TA=C;MT=fixed;AC=UNIMOD:4	NT=Acetyl; MT=Variable; PP=Protein N-term; AC=UNIMOD:1	NT=Oxidation;MT=Variable;TA=M;AC=UNIMOD:35	"NT=Phospho;MT=Variable;TA=S,T,Y;AC=UNIMOD:21"	AC=MS:1001251;NT=Trypsin	AC=MS:1002038;NT=label free sample	10 ppm	20 ppm	1
PXD062642-Sample-10	Homo sapiens	Mesenchymal	Dermal fibroblast neonatal	Dermal fibroblast neonatal	not applicable	not available	not available	normal	JH07_NHDF-Neo_SCX_r2_f02	neonatal	1	not applicable	PXD062642	JH07_NHDF-Neo_SCX_r2_f02.raw	Dermal fibroblast neonatal	ftp://ftp.pride.ebi.ac.uk/pride/data/archive/2026/01/PXD062642/JH07_NHDF-Neo_SCX_r2_f02.raw	2	2	NT=Orbitrap Fusion Lumos;AC=MS:1002732	NT=Carbamidomethyl;TA=C;MT=fixed;AC=UNIMOD:4	NT=Acetyl; MT=Variable; PP=Protein N-term; AC=UNIMOD:1	NT=Oxidation;MT=Variable;TA=M;AC=UNIMOD:35	"NT=Phospho;MT=Variable;TA=S,T,Y;AC=UNIMOD:21"	AC=MS:1001251;NT=Trypsin	AC=MS:1002038;NT=label free sample	10 ppm	20 ppm	1
PXD062642-Sample-10	Homo sapiens	Mesenchymal	Dermal fibroblast neonatal	Dermal fibroblast neonatal	not applicable	not available	not available	normal	JH07_NHDF-Neo_SCX_r2_f03	neonatal	1	not applicable	PXD062642	JH07_NHDF-Neo_SCX_r2_f03.raw	Dermal fibroblast neonatal	ftp://ftp.pride.ebi.ac.uk/pride/data/archive/2026/01/PXD062642/JH07_NHDF-Neo_SCX_r2_f03.raw	3	2	NT=Orbitrap Fusion Lumos;AC=MS:1002732	NT=Carbamidomethyl;TA=C;MT=fixed;AC=UNIMOD:4	NT=Acetyl; MT=Variable; PP=Protein N-term; AC=UNIMOD:1	NT=Oxidation;MT=Variable;TA=M;AC=UNIMOD:35	"NT=Phospho;MT=Variable;TA=S,T,Y;AC=UNIMOD:21"	AC=MS:1001251;NT=Trypsin	AC=MS:1002038;NT=label free sample	10 ppm	20 ppm	1
PXD062642-Sample-10	Homo sapiens	Mesenchymal	Dermal fibroblast neonatal	Dermal fibroblast neonatal	not applicable	not available	not available	normal	JH07_NHDF-Neo_SCX_r2_f04	neonatal	1	not applicable	PXD062642	JH07_NHDF-Neo_SCX_r2_f04.raw	Dermal fibroblast neonatal	ftp://ftp.pride.ebi.ac.uk/pride/data/archive/2026/01/PXD062642/JH07_NHDF-Neo_SCX_r2_f04.raw	4	2	NT=Orbitrap Fusion Lumos;AC=MS:1002732	NT=Carbamidomethyl;TA=C;MT=fixed;AC=UNIMOD:4	NT=Acetyl; MT=Variable; PP=Protein N-term; AC=UNIMOD:1	NT=Oxidation;MT=Variable;TA=M;AC=UNIMOD:35	"NT=Phospho;MT=Variable;TA=S,T,Y;AC=UNIMOD:21"	AC=MS:1001251;NT=Trypsin	AC=MS:1002038;NT=label free sample	10 ppm	20 ppm	1
PXD062642-Sample-10	Homo sapiens	Mesenchymal	Dermal fibroblast neonatal	Dermal fibroblast neonatal	not applicable	not available	not available	normal	JH07_NHDF-Neo_SCX_r2_f05	neonatal	1	not applicable	PXD062642	JH07_NHDF-Neo_SCX_r2_f05.raw	Dermal fibroblast neonatal	ftp://ftp.pride.ebi.ac.uk/pride/data/archive/2026/01/PXD062642/JH07_NHDF-Neo_SCX_r2_f05.raw	5	2	NT=Orbitrap Fusion Lumos;AC=MS:1002732	NT=Carbamidomethyl;TA=C;MT=fixed;AC=UNIMOD:4	NT=Acetyl; MT=Variable; PP=Protein N-term; AC=UNIMOD:1	NT=Oxidation;MT=Variable;TA=M;AC=UNIMOD:35	"NT=Phospho;MT=Variable;TA=S,T,Y;AC=UNIMOD:21"	AC=MS:1001251;NT=Trypsin	AC=MS:1002038;NT=label free sample	10 ppm	20 ppm	1
PXD062642-Sample-10	Homo sapiens	Mesenchymal	Dermal fibroblast neonatal	Dermal fibroblast neonatal	not applicable	not available	not available	normal	JH07_NHDF-Neo_SCX_r2_f06	neonatal	1	not applicable	PXD062642	JH07_NHDF-Neo_SCX_r2_f06.raw	Dermal fibroblast neonatal	ftp://ftp.pride.ebi.ac.uk/pride/data/archive/2026/01/PXD062642/JH07_NHDF-Neo_SCX_r2_f06.raw	6	2	NT=Orbitrap Fusion Lumos;AC=MS:1002732	NT=Carbamidomethyl;TA=C;MT=fixed;AC=UNIMOD:4	NT=Acetyl; MT=Variable; PP=Protein N-term; AC=UNIMOD:1	NT=Oxidation;MT=Variable;TA=M;AC=UNIMOD:35	"NT=Phospho;MT=Variable;TA=S,T,Y;AC=UNIMOD:21"	AC=MS:1001251;NT=Trypsin	AC=MS:1002038;NT=label free sample	10 ppm	20 ppm	1
PXD062642-Sample-10	Homo sapiens	Mesenchymal	Dermal fibroblast neonatal	Dermal fibroblast neonatal	not applicable	not available	not available	normal	JH07_NHDF-Neo_SCX_r3_f01	neonatal	1	not applicable	PXD062642	JH07_NHDF-Neo_SCX_r3_f01.raw	Dermal fibroblast neonatal	ftp://ftp.pride.ebi.ac.uk/pride/data/archive/2026/01/PXD062642/JH07_NHDF-Neo_SCX_r3_f01.raw	1	3	NT=Orbitrap Fusion Lumos;AC=MS:1002732	NT=Carbamidomethyl;TA=C;MT=fixed;AC=UNIMOD:4	NT=Acetyl; MT=Variable; PP=Protein N-term; AC=UNIMOD:1	NT=Oxidation;MT=Variable;TA=M;AC=UNIMOD:35	"NT=Phospho;MT=Variable;TA=S,T,Y;AC=UNIMOD:21"	AC=MS:1001251;NT=Trypsin	AC=MS:1002038;NT=label free sample	10 ppm	20 ppm	1
PXD062642-Sample-10	Homo sapiens	Mesenchymal	Dermal fibroblast neonatal	Dermal fibroblast neonatal	not applicable	not available	not available	normal	JH07_NHDF-Neo_SCX_r3_f02	neonatal	1	not applicable	PXD062642	JH07_NHDF-Neo_SCX_r3_f02.raw	Dermal fibroblast neonatal	ftp://ftp.pride.ebi.ac.uk/pride/data/archive/2026/01/PXD062642/JH07_NHDF-Neo_SCX_r3_f02.raw	2	3	NT=Orbitrap Fusion Lumos;AC=MS:1002732	NT=Carbamidomethyl;TA=C;MT=fixed;AC=UNIMOD:4	NT=Acetyl; MT=Variable; PP=Protein N-term; AC=UNIMOD:1	NT=Oxidation;MT=Variable;TA=M;AC=UNIMOD:35	"NT=Phospho;MT=Variable;TA=S,T,Y;AC=UNIMOD:21"	AC=MS:1001251;NT=Trypsin	AC=MS:1002038;NT=label free sample	10 ppm	20 ppm	1
PXD062642-Sample-10	Homo sapiens	Mesenchymal	Dermal fibroblast neonatal	Dermal fibroblast neonatal	not applicable	not available	not available	normal	JH07_NHDF-Neo_SCX_r3_f03	neonatal	1	not applicable	PXD062642	JH07_NHDF-Neo_SCX_r3_f03.raw	Dermal fibroblast neonatal	ftp://ftp.pride.ebi.ac.uk/pride/data/archive/2026/01/PXD062642/JH07_NHDF-Neo_SCX_r3_f03.raw	3	3	NT=Orbitrap Fusion Lumos;AC=MS:1002732	NT=Carbamidomethyl;TA=C;MT=fixed;AC=UNIMOD:4	NT=Acetyl; MT=Variable; PP=Protein N-term; AC=UNIMOD:1	NT=Oxidation;MT=Variable;TA=M;AC=UNIMOD:35	"NT=Phospho;MT=Variable;TA=S,T,Y;AC=UNIMOD:21"	AC=MS:1001251;NT=Trypsin	AC=MS:1002038;NT=label free sample	10 ppm	20 ppm	1
PXD062642-Sample-10	Homo sapiens	Mesenchymal	Dermal fibroblast neonatal	Dermal fibroblast neonatal	not applicable	not available	not available	normal	JH07_NHDF-Neo_SCX_r3_f04	neonatal	1	not applicable	PXD062642	JH07_NHDF-Neo_SCX_r3_f04.raw	Dermal fibroblast neonatal	ftp://ftp.pride.ebi.ac.uk/pride/data/archive/2026/01/PXD062642/JH07_NHDF-Neo_SCX_r3_f04.raw	4	3	NT=Orbitrap Fusion Lumos;AC=MS:1002732	NT=Carbamidomethyl;TA=C;MT=fixed;AC=UNIMOD:4	NT=Acetyl; MT=Variable; PP=Protein N-term; AC=UNIMOD:1	NT=Oxidation;MT=Variable;TA=M;AC=UNIMOD:35	"NT=Phospho;MT=Variable;TA=S,T,Y;AC=UNIMOD:21"	AC=MS:1001251;NT=Trypsin	AC=MS:1002038;NT=label free sample	10 ppm	20 ppm	1
PXD062642-Sample-10	Homo sapiens	Mesenchymal	Dermal fibroblast neonatal	Dermal fibroblast neonatal	not applicable	not available	not available	normal	JH07_NHDF-Neo_SCX_r3_f05	neonatal	1	not applicable	PXD062642	JH07_NHDF-Neo_SCX_r3_f05.raw	Dermal fibroblast neonatal	ftp://ftp.pride.ebi.ac.uk/pride/data/archive/2026/01/PXD062642/JH07_NHDF-Neo_SCX_r3_f05.raw	5	3	NT=Orbitrap Fusion Lumos;AC=MS:1002732	NT=Carbamidomethyl;TA=C;MT=fixed;AC=UNIMOD:4	NT=Acetyl; MT=Variable; PP=Protein N-term; AC=UNIMOD:1	NT=Oxidation;MT=Variable;TA=M;AC=UNIMOD:35	"NT=Phospho;MT=Variable;TA=S,T,Y;AC=UNIMOD:21"	AC=MS:1001251;NT=Trypsin	AC=MS:1002038;NT=label free sample	10 ppm	20 ppm	1
PXD062642-Sample-10	Homo sapiens	Mesenchymal	Dermal fibroblast neonatal	Dermal fibroblast neonatal	not applicable	not available	not available	normal	JH07_NHDF-Neo_SCX_r3_f06	neonatal	1	not applicable	PXD062642	JH07_NHDF-Neo_SCX_r3_f06.raw	Dermal fibroblast neonatal	ftp://ftp.pride.ebi.ac.uk/pride/data/archive/2026/01/PXD062642/JH07_NHDF-Neo_SCX_r3_f06.raw	6	3	NT=Orbitrap Fusion Lumos;AC=MS:1002732	NT=Carbamidomethyl;TA=C;MT=fixed;AC=UNIMOD:4	NT=Acetyl; MT=Variable; PP=Protein N-term; AC=UNIMOD:1	NT=Oxidation;MT=Variable;TA=M;AC=UNIMOD:35	"NT=Phospho;MT=Variable;TA=S,T,Y;AC=UNIMOD:21"	AC=MS:1001251;NT=Trypsin	AC=MS:1002038;NT=label free sample	10 ppm	20 ppm	1
PXD062642-Sample-11	Homo sapiens	Others	Epidermal keratinocytes adult	Epidermal keratinocytes adult	not applicable	not available	not available	normal	JH10_NHEK-AD_SCX_r1_f01	adult	1	not applicable	PXD062642	JH10_NHEK-AD_SCX_r1_f01.raw	Epidermal keratinocytes adult	ftp://ftp.pride.ebi.ac.uk/pride/data/archive/2026/01/PXD062642/JH10_NHEK-AD_SCX_r1_f01.raw	1	1	NT=Orbitrap Fusion Lumos;AC=MS:1002732	NT=Carbamidomethyl;TA=C;MT=fixed;AC=UNIMOD:4	NT=Acetyl; MT=Variable; PP=Protein N-term; AC=UNIMOD:1	NT=Oxidation;MT=Variable;TA=M;AC=UNIMOD:35	"NT=Phospho;MT=Variable;TA=S,T,Y;AC=UNIMOD:21"	AC=MS:1001251;NT=Trypsin	AC=MS:1002038;NT=label free sample	10 ppm	20 ppm	1
PXD062642-Sample-11	Homo sapiens	Others	Epidermal keratinocytes adult	Epidermal keratinocytes adult	not applicable	not available	not available	normal	JH10_NHEK-AD_SCX_r1_f02	adult	1	not applicable	PXD062642	JH10_NHEK-AD_SCX_r1_f02.raw	Epidermal keratinocytes adult	ftp://ftp.pride.ebi.ac.uk/pride/data/archive/2026/01/PXD062642/JH10_NHEK-AD_SCX_r1_f02.raw	2	1	NT=Orbitrap Fusion Lumos;AC=MS:1002732	NT=Carbamidomethyl;TA=C;MT=fixed;AC=UNIMOD:4	NT=Acetyl; MT=Variable; PP=Protein N-term; AC=UNIMOD:1	NT=Oxidation;MT=Variable;TA=M;AC=UNIMOD:35	"NT=Phospho;MT=Variable;TA=S,T,Y;AC=UNIMOD:21"	AC=MS:1001251;NT=Trypsin	AC=MS:1002038;NT=label free sample	10 ppm	20 ppm	1
PXD062642-Sample-11	Homo sapiens	Others	Epidermal keratinocytes adult	Epidermal keratinocytes adult	not applicable	not available	not available	normal	JH10_NHEK-AD_SCX_r1_f03	adult	1	not applicable	PXD062642	JH10_NHEK-AD_SCX_r1_f03.raw	Epidermal keratinocytes adult	ftp://ftp.pride.ebi.ac.uk/pride/data/archive/2026/01/PXD062642/JH10_NHEK-AD_SCX_r1_f03.raw	3	1	NT=Orbitrap Fusion Lumos;AC=MS:1002732	NT=Carbamidomethyl;TA=C;MT=fixed;AC=UNIMOD:4	NT=Acetyl; MT=Variable; PP=Protein N-term; AC=UNIMOD:1	NT=Oxidation;MT=Variable;TA=M;AC=UNIMOD:35	"NT=Phospho;MT=Variable;TA=S,T,Y;AC=UNIMOD:21"	AC=MS:1001251;NT=Trypsin	AC=MS:1002038;NT=label free sample	10 ppm	20 ppm	1
PXD062642-Sample-11	Homo sapiens	Others	Epidermal keratinocytes adult	Epidermal keratinocytes adult	not applicable	not available	not available	normal	JH10_NHEK-AD_SCX_r1_f04	adult	1	not applicable	PXD062642	JH10_NHEK-AD_SCX_r1_f04.raw	Epidermal keratinocytes adult	ftp://ftp.pride.ebi.ac.uk/pride/data/archive/2026/01/PXD062642/JH10_NHEK-AD_SCX_r1_f04.raw	4	1	NT=Orbitrap Fusion Lumos;AC=MS:1002732	NT=Carbamidomethyl;TA=C;MT=fixed;AC=UNIMOD:4	NT=Acetyl; MT=Variable; PP=Protein N-term; AC=UNIMOD:1	NT=Oxidation;MT=Variable;TA=M;AC=UNIMOD:35	"NT=Phospho;MT=Variable;TA=S,T,Y;AC=UNIMOD:21"	AC=MS:1001251;NT=Trypsin	AC=MS:1002038;NT=label free sample	10 ppm	20 ppm	1
PXD062642-Sample-11	Homo sapiens	Others	Epidermal keratinocytes adult	Epidermal keratinocytes adult	not applicable	not available	not available	normal	JH10_NHEK-AD_SCX_r1_f05	adult	1	not applicable	PXD062642	JH10_NHEK-AD_SCX_r1_f05.raw	Epidermal keratinocytes adult	ftp://ftp.pride.ebi.ac.uk/pride/data/archive/2026/01/PXD062642/JH10_NHEK-AD_SCX_r1_f05.raw	5	1	NT=Orbitrap Fusion Lumos;AC=MS:1002732	NT=Carbamidomethyl;TA=C;MT=fixed;AC=UNIMOD:4	NT=Acetyl; MT=Variable; PP=Protein N-term; AC=UNIMOD:1	NT=Oxidation;MT=Variable;TA=M;AC=UNIMOD:35	"NT=Phospho;MT=Variable;TA=S,T,Y;AC=UNIMOD:21"	AC=MS:1001251;NT=Trypsin	AC=MS:1002038;NT=label free sample	10 ppm	20 ppm	1
PXD062642-Sample-11	Homo sapiens	Others	Epidermal keratinocytes adult	Epidermal keratinocytes adult	not applicable	not available	not available	normal	JH10_NHEK-AD_SCX_r1_f06	adult	1	not applicable	PXD062642	JH10_NHEK-AD_SCX_r1_f06.raw	Epidermal keratinocytes adult	ftp://ftp.pride.ebi.ac.uk/pride/data/archive/2026/01/PXD062642/JH10_NHEK-AD_SCX_r1_f06.raw	6	1	NT=Orbitrap Fusion Lumos;AC=MS:1002732	NT=Carbamidomethyl;TA=C;MT=fixed;AC=UNIMOD:4	NT=Acetyl; MT=Variable; PP=Protein N-term; AC=UNIMOD:1	NT=Oxidation;MT=Variable;TA=M;AC=UNIMOD:35	"NT=Phospho;MT=Variable;TA=S,T,Y;AC=UNIMOD:21"	AC=MS:1001251;NT=Trypsin	AC=MS:1002038;NT=label free sample	10 ppm	20 ppm	1
PXD062642-Sample-11	Homo sapiens	Others	Epidermal keratinocytes adult	Epidermal keratinocytes adult	not applicable	not available	not available	normal	JH10_NHEK-AD_SCX_r2_f01	adult	1	not applicable	PXD062642	JH10_NHEK-AD_SCX_r2_f01.raw	Epidermal keratinocytes adult	ftp://ftp.pride.ebi.ac.uk/pride/data/archive/2026/01/PXD062642/JH10_NHEK-AD_SCX_r2_f01.raw	1	2	NT=Orbitrap Fusion Lumos;AC=MS:1002732	NT=Carbamidomethyl;TA=C;MT=fixed;AC=UNIMOD:4	NT=Acetyl; MT=Variable; PP=Protein N-term; AC=UNIMOD:1	NT=Oxidation;MT=Variable;TA=M;AC=UNIMOD:35	"NT=Phospho;MT=Variable;TA=S,T,Y;AC=UNIMOD:21"	AC=MS:1001251;NT=Trypsin	AC=MS:1002038;NT=label free sample	10 ppm	20 ppm	1
PXD062642-Sample-11	Homo sapiens	Others	Epidermal keratinocytes adult	Epidermal keratinocytes adult	not applicable	not available	not available	normal	JH10_NHEK-AD_SCX_r2_f02	adult	1	not applicable	PXD062642	JH10_NHEK-AD_SCX_r2_f02.raw	Epidermal keratinocytes adult	ftp://ftp.pride.ebi.ac.uk/pride/data/archive/2026/01/PXD062642/JH10_NHEK-AD_SCX_r2_f02.raw	2	2	NT=Orbitrap Fusion Lumos;AC=MS:1002732	NT=Carbamidomethyl;TA=C;MT=fixed;AC=UNIMOD:4	NT=Acetyl; MT=Variable; PP=Protein N-term; AC=UNIMOD:1	NT=Oxidation;MT=Variable;TA=M;AC=UNIMOD:35	"NT=Phospho;MT=Variable;TA=S,T,Y;AC=UNIMOD:21"	AC=MS:1001251;NT=Trypsin	AC=MS:1002038;NT=label free sample	10 ppm	20 ppm	1
PXD062642-Sample-11	Homo sapiens	Others	Epidermal keratinocytes adult	Epidermal keratinocytes adult	not applicable	not available	not available	normal	JH10_NHEK-AD_SCX_r2_f03	adult	1	not applicable	PXD062642	JH10_NHEK-AD_SCX_r2_f03.raw	Epidermal keratinocytes adult	ftp://ftp.pride.ebi.ac.uk/pride/data/archive/2026/01/PXD062642/JH10_NHEK-AD_SCX_r2_f03.raw	3	2	NT=Orbitrap Fusion Lumos;AC=MS:1002732	NT=Carbamidomethyl;TA=C;MT=fixed;AC=UNIMOD:4	NT=Acetyl; MT=Variable; PP=Protein N-term; AC=UNIMOD:1	NT=Oxidation;MT=Variable;TA=M;AC=UNIMOD:35	"NT=Phospho;MT=Variable;TA=S,T,Y;AC=UNIMOD:21"	AC=MS:1001251;NT=Trypsin	AC=MS:1002038;NT=label free sample	10 ppm	20 ppm	1
PXD062642-Sample-11	Homo sapiens	Others	Epidermal keratinocytes adult	Epidermal keratinocytes adult	not applicable	not available	not available	normal	JH10_NHEK-AD_SCX_r2_f04	adult	1	not applicable	PXD062642	JH10_NHEK-AD_SCX_r2_f04.raw	Epidermal keratinocytes adult	ftp://ftp.pride.ebi.ac.uk/pride/data/archive/2026/01/PXD062642/JH10_NHEK-AD_SCX_r2_f04.raw	4	2	NT=Orbitrap Fusion Lumos;AC=MS:1002732	NT=Carbamidomethyl;TA=C;MT=fixed;AC=UNIMOD:4	NT=Acetyl; MT=Variable; PP=Protein N-term; AC=UNIMOD:1	NT=Oxidation;MT=Variable;TA=M;AC=UNIMOD:35	"NT=Phospho;MT=Variable;TA=S,T,Y;AC=UNIMOD:21"	AC=MS:1001251;NT=Trypsin	AC=MS:1002038;NT=label free sample	10 ppm	20 ppm	1
PXD062642-Sample-11	Homo sapiens	Others	Epidermal keratinocytes adult	Epidermal keratinocytes adult	not applicable	not available	not available	normal	JH10_NHEK-AD_SCX_r2_f05	adult	1	not applicable	PXD062642	JH10_NHEK-AD_SCX_r2_f05.raw	Epidermal keratinocytes adult	ftp://ftp.pride.ebi.ac.uk/pride/data/archive/2026/01/PXD062642/JH10_NHEK-AD_SCX_r2_f05.raw	5	2	NT=Orbitrap Fusion Lumos;AC=MS:1002732	NT=Carbamidomethyl;TA=C;MT=fixed;AC=UNIMOD:4	NT=Acetyl; MT=Variable; PP=Protein N-term; AC=UNIMOD:1	NT=Oxidation;MT=Variable;TA=M;AC=UNIMOD:35	"NT=Phospho;MT=Variable;TA=S,T,Y;AC=UNIMOD:21"	AC=MS:1001251;NT=Trypsin	AC=MS:1002038;NT=label free sample	10 ppm	20 ppm	1
PXD062642-Sample-11	Homo sapiens	Others	Epidermal keratinocytes adult	Epidermal keratinocytes adult	not applicable	not available	not available	normal	JH10_NHEK-AD_SCX_r2_f06	adult	1	not applicable	PXD062642	JH10_NHEK-AD_SCX_r2_f06.raw	Epidermal keratinocytes adult	ftp://ftp.pride.ebi.ac.uk/pride/data/archive/2026/01/PXD062642/JH10_NHEK-AD_SCX_r2_f06.raw	6	2	NT=Orbitrap Fusion Lumos;AC=MS:1002732	NT=Carbamidomethyl;TA=C;MT=fixed;AC=UNIMOD:4	NT=Acetyl; MT=Variable; PP=Protein N-term; AC=UNIMOD:1	NT=Oxidation;MT=Variable;TA=M;AC=UNIMOD:35	"NT=Phospho;MT=Variable;TA=S,T,Y;AC=UNIMOD:21"	AC=MS:1001251;NT=Trypsin	AC=MS:1002038;NT=label free sample	10 ppm	20 ppm	1
PXD062642-Sample-11	Homo sapiens	Others	Epidermal keratinocytes adult	Epidermal keratinocytes adult	not applicable	not available	not available	normal	JH10_NHEK-AD_SCX_r3_f01	adult	1	not applicable	PXD062642	JH10_NHEK-AD_SCX_r3_f01.raw	Epidermal keratinocytes adult	ftp://ftp.pride.ebi.ac.uk/pride/data/archive/2026/01/PXD062642/JH10_NHEK-AD_SCX_r3_f01.raw	1	3	NT=Orbitrap Fusion Lumos;AC=MS:1002732	NT=Carbamidomethyl;TA=C;MT=fixed;AC=UNIMOD:4	NT=Acetyl; MT=Variable; PP=Protein N-term; AC=UNIMOD:1	NT=Oxidation;MT=Variable;TA=M;AC=UNIMOD:35	"NT=Phospho;MT=Variable;TA=S,T,Y;AC=UNIMOD:21"	AC=MS:1001251;NT=Trypsin	AC=MS:1002038;NT=label free sample	10 ppm	20 ppm	1
PXD062642-Sample-11	Homo sapiens	Others	Epidermal keratinocytes adult	Epidermal keratinocytes adult	not applicable	not available	not available	normal	JH10_NHEK-AD_SCX_r3_f02	adult	1	not applicable	PXD062642	JH10_NHEK-AD_SCX_r3_f02.raw	Epidermal keratinocytes adult	ftp://ftp.pride.ebi.ac.uk/pride/data/archive/2026/01/PXD062642/JH10_NHEK-AD_SCX_r3_f02.raw	2	3	NT=Orbitrap Fusion Lumos;AC=MS:1002732	NT=Carbamidomethyl;TA=C;MT=fixed;AC=UNIMOD:4	NT=Acetyl; MT=Variable; PP=Protein N-term; AC=UNIMOD:1	NT=Oxidation;MT=Variable;TA=M;AC=UNIMOD:35	"NT=Phospho;MT=Variable;TA=S,T,Y;AC=UNIMOD:21"	AC=MS:1001251;NT=Trypsin	AC=MS:1002038;NT=label free sample	10 ppm	20 ppm	1
PXD062642-Sample-11	Homo sapiens	Others	Epidermal keratinocytes adult	Epidermal keratinocytes adult	not applicable	not available	not available	normal	JH10_NHEK-AD_SCX_r3_f03	adult	1	not applicable	PXD062642	JH10_NHEK-AD_SCX_r3_f03.raw	Epidermal keratinocytes adult	ftp://ftp.pride.ebi.ac.uk/pride/data/archive/2026/01/PXD062642/JH10_NHEK-AD_SCX_r3_f03.raw	3	3	NT=Orbitrap Fusion Lumos;AC=MS:1002732	NT=Carbamidomethyl;TA=C;MT=fixed;AC=UNIMOD:4	NT=Acetyl; MT=Variable; PP=Protein N-term; AC=UNIMOD:1	NT=Oxidation;MT=Variable;TA=M;AC=UNIMOD:35	"NT=Phospho;MT=Variable;TA=S,T,Y;AC=UNIMOD:21"	AC=MS:1001251;NT=Trypsin	AC=MS:1002038;NT=label free sample	10 ppm	20 ppm	1
PXD062642-Sample-11	Homo sapiens	Others	Epidermal keratinocytes adult	Epidermal keratinocytes adult	not applicable	not available	not available	normal	JH10_NHEK-AD_SCX_r3_f04	adult	1	not applicable	PXD062642	JH10_NHEK-AD_SCX_r3_f04.raw	Epidermal keratinocytes adult	ftp://ftp.pride.ebi.ac.uk/pride/data/archive/2026/01/PXD062642/JH10_NHEK-AD_SCX_r3_f04.raw	4	3	NT=Orbitrap Fusion Lumos;AC=MS:1002732	NT=Carbamidomethyl;TA=C;MT=fixed;AC=UNIMOD:4	NT=Acetyl; MT=Variable; PP=Protein N-term; AC=UNIMOD:1	NT=Oxidation;MT=Variable;TA=M;AC=UNIMOD:35	"NT=Phospho;MT=Variable;TA=S,T,Y;AC=UNIMOD:21"	AC=MS:1001251;NT=Trypsin	AC=MS:1002038;NT=label free sample	10 ppm	20 ppm	1
PXD062642-Sample-11	Homo sapiens	Others	Epidermal keratinocytes adult	Epidermal keratinocytes adult	not applicable	not available	not available	normal	JH10_NHEK-AD_SCX_r3_f05	adult	1	not applicable	PXD062642	JH10_NHEK-AD_SCX_r3_f05.raw	Epidermal keratinocytes adult	ftp://ftp.pride.ebi.ac.uk/pride/data/archive/2026/01/PXD062642/JH10_NHEK-AD_SCX_r3_f05.raw	5	3	NT=Orbitrap Fusion Lumos;AC=MS:1002732	NT=Carbamidomethyl;TA=C;MT=fixed;AC=UNIMOD:4	NT=Acetyl; MT=Variable; PP=Protein N-term; AC=UNIMOD:1	NT=Oxidation;MT=Variable;TA=M;AC=UNIMOD:35	"NT=Phospho;MT=Variable;TA=S,T,Y;AC=UNIMOD:21"	AC=MS:1001251;NT=Trypsin	AC=MS:1002038;NT=label free sample	10 ppm	20 ppm	1
PXD062642-Sample-11	Homo sapiens	Others	Epidermal keratinocytes adult	Epidermal keratinocytes adult	not applicable	not available	not available	normal	JH10_NHEK-AD_SCX_r3_f06	adult	1	not applicable	PXD062642	JH10_NHEK-AD_SCX_r3_f06.raw	Epidermal keratinocytes adult	ftp://ftp.pride.ebi.ac.uk/pride/data/archive/2026/01/PXD062642/JH10_NHEK-AD_SCX_r3_f06.raw	6	3	NT=Orbitrap Fusion Lumos;AC=MS:1002732	NT=Carbamidomethyl;TA=C;MT=fixed;AC=UNIMOD:4	NT=Acetyl; MT=Variable; PP=Protein N-term; AC=UNIMOD:1	NT=Oxidation;MT=Variable;TA=M;AC=UNIMOD:35	"NT=Phospho;MT=Variable;TA=S,T,Y;AC=UNIMOD:21"	AC=MS:1001251;NT=Trypsin	AC=MS:1002038;NT=label free sample	10 ppm	20 ppm	1
PXD062642-Sample-12	Homo sapiens	Others	Epidermal keratinocytes neonatal	Epidermal keratinocytes neonatal	not applicable	not available	not available	normal	JH11_NHEK-Neo_SCX_r1_f01	neonatal	1	not applicable	PXD062642	JH11_NHEK-Neo_SCX_r1_f01.raw	Epidermal keratinocytes neonatal	ftp://ftp.pride.ebi.ac.uk/pride/data/archive/2026/01/PXD062642/JH11_NHEK-Neo_SCX_r1_f01.raw	1	1	NT=Orbitrap Fusion Lumos;AC=MS:1002732	NT=Carbamidomethyl;TA=C;MT=fixed;AC=UNIMOD:4	NT=Acetyl; MT=Variable; PP=Protein N-term; AC=UNIMOD:1	NT=Oxidation;MT=Variable;TA=M;AC=UNIMOD:35	"NT=Phospho;MT=Variable;TA=S,T,Y;AC=UNIMOD:21"	AC=MS:1001251;NT=Trypsin	AC=MS:1002038;NT=label free sample	10 ppm	20 ppm	1
PXD062642-Sample-12	Homo sapiens	Others	Epidermal keratinocytes neonatal	Epidermal keratinocytes neonatal	not applicable	not available	not available	normal	JH11_NHEK-Neo_SCX_r1_f02	neonatal	1	not applicable	PXD062642	JH11_NHEK-Neo_SCX_r1_f02.raw	Epidermal keratinocytes neonatal	ftp://ftp.pride.ebi.ac.uk/pride/data/archive/2026/01/PXD062642/JH11_NHEK-Neo_SCX_r1_f02.raw	2	1	NT=Orbitrap Fusion Lumos;AC=MS:1002732	NT=Carbamidomethyl;TA=C;MT=fixed;AC=UNIMOD:4	NT=Acetyl; MT=Variable; PP=Protein N-term; AC=UNIMOD:1	NT=Oxidation;MT=Variable;TA=M;AC=UNIMOD:35	"NT=Phospho;MT=Variable;TA=S,T,Y;AC=UNIMOD:21"	AC=MS:1001251;NT=Trypsin	AC=MS:1002038;NT=label free sample	10 ppm	20 ppm	1
PXD062642-Sample-12	Homo sapiens	Others	Epidermal keratinocytes neonatal	Epidermal keratinocytes neonatal	not applicable	not available	not available	normal	JH11_NHEK-Neo_SCX_r1_f03	neonatal	1	not applicable	PXD062642	JH11_NHEK-Neo_SCX_r1_f03.raw	Epidermal keratinocytes neonatal	ftp://ftp.pride.ebi.ac.uk/pride/data/archive/2026/01/PXD062642/JH11_NHEK-Neo_SCX_r1_f03.raw	3	1	NT=Orbitrap Fusion Lumos;AC=MS:1002732	NT=Carbamidomethyl;TA=C;MT=fixed;AC=UNIMOD:4	NT=Acetyl; MT=Variable; PP=Protein N-term; AC=UNIMOD:1	NT=Oxidation;MT=Variable;TA=M;AC=UNIMOD:35	"NT=Phospho;MT=Variable;TA=S,T,Y;AC=UNIMOD:21"	AC=MS:1001251;NT=Trypsin	AC=MS:1002038;NT=label free sample	10 ppm	20 ppm	1
PXD062642-Sample-12	Homo sapiens	Others	Epidermal keratinocytes neonatal	Epidermal keratinocytes neonatal	not applicable	not available	not available	normal	JH11_NHEK-Neo_SCX_r1_f04	neonatal	1	not applicable	PXD062642	JH11_NHEK-Neo_SCX_r1_f04.raw	Epidermal keratinocytes neonatal	ftp://ftp.pride.ebi.ac.uk/pride/data/archive/2026/01/PXD062642/JH11_NHEK-Neo_SCX_r1_f04.raw	4	1	NT=Orbitrap Fusion Lumos;AC=MS:1002732	NT=Carbamidomethyl;TA=C;MT=fixed;AC=UNIMOD:4	NT=Acetyl; MT=Variable; PP=Protein N-term; AC=UNIMOD:1	NT=Oxidation;MT=Variable;TA=M;AC=UNIMOD:35	"NT=Phospho;MT=Variable;TA=S,T,Y;AC=UNIMOD:21"	AC=MS:1001251;NT=Trypsin	AC=MS:1002038;NT=label free sample	10 ppm	20 ppm	1
PXD062642-Sample-12	Homo sapiens	Others	Epidermal keratinocytes neonatal	Epidermal keratinocytes neonatal	not applicable	not available	not available	normal	JH11_NHEK-Neo_SCX_r1_f05	neonatal	1	not applicable	PXD062642	JH11_NHEK-Neo_SCX_r1_f05.raw	Epidermal keratinocytes neonatal	ftp://ftp.pride.ebi.ac.uk/pride/data/archive/2026/01/PXD062642/JH11_NHEK-Neo_SCX_r1_f05.raw	5	1	NT=Orbitrap Fusion Lumos;AC=MS:1002732	NT=Carbamidomethyl;TA=C;MT=fixed;AC=UNIMOD:4	NT=Acetyl; MT=Variable; PP=Protein N-term; AC=UNIMOD:1	NT=Oxidation;MT=Variable;TA=M;AC=UNIMOD:35	"NT=Phospho;MT=Variable;TA=S,T,Y;AC=UNIMOD:21"	AC=MS:1001251;NT=Trypsin	AC=MS:1002038;NT=label free sample	10 ppm	20 ppm	1
PXD062642-Sample-12	Homo sapiens	Others	Epidermal keratinocytes neonatal	Epidermal keratinocytes neonatal	not applicable	not available	not available	normal	JH11_NHEK-Neo_SCX_r1_f06	neonatal	1	not applicable	PXD062642	JH11_NHEK-Neo_SCX_r1_f06.raw	Epidermal keratinocytes neonatal	ftp://ftp.pride.ebi.ac.uk/pride/data/archive/2026/01/PXD062642/JH11_NHEK-Neo_SCX_r1_f06.raw	6	1	NT=Orbitrap Fusion Lumos;AC=MS:1002732	NT=Carbamidomethyl;TA=C;MT=fixed;AC=UNIMOD:4	NT=Acetyl; MT=Variable; PP=Protein N-term; AC=UNIMOD:1	NT=Oxidation;MT=Variable;TA=M;AC=UNIMOD:35	"NT=Phospho;MT=Variable;TA=S,T,Y;AC=UNIMOD:21"	AC=MS:1001251;NT=Trypsin	AC=MS:1002038;NT=label free sample	10 ppm	20 ppm	1
PXD062642-Sample-12	Homo sapiens	Others	Epidermal keratinocytes neonatal	Epidermal keratinocytes neonatal	not applicable	not available	not available	normal	JH11_NHEK-Neo_SCX_r2_f01	neonatal	1	not applicable	PXD062642	JH11_NHEK-Neo_SCX_r2_f01.raw	Epidermal keratinocytes neonatal	ftp://ftp.pride.ebi.ac.uk/pride/data/archive/2026/01/PXD062642/JH11_NHEK-Neo_SCX_r2_f01.raw	1	2	NT=Orbitrap Fusion Lumos;AC=MS:1002732	NT=Carbamidomethyl;TA=C;MT=fixed;AC=UNIMOD:4	NT=Acetyl; MT=Variable; PP=Protein N-term; AC=UNIMOD:1	NT=Oxidation;MT=Variable;TA=M;AC=UNIMOD:35	"NT=Phospho;MT=Variable;TA=S,T,Y;AC=UNIMOD:21"	AC=MS:1001251;NT=Trypsin	AC=MS:1002038;NT=label free sample	10 ppm	20 ppm	1
PXD062642-Sample-12	Homo sapiens	Others	Epidermal keratinocytes neonatal	Epidermal keratinocytes neonatal	not applicable	not available	not available	normal	JH11_NHEK-Neo_SCX_r2_f02	neonatal	1	not applicable	PXD062642	JH11_NHEK-Neo_SCX_r2_f02.raw	Epidermal keratinocytes neonatal	ftp://ftp.pride.ebi.ac.uk/pride/data/archive/2026/01/PXD062642/JH11_NHEK-Neo_SCX_r2_f02.raw	2	2	NT=Orbitrap Fusion Lumos;AC=MS:1002732	NT=Carbamidomethyl;TA=C;MT=fixed;AC=UNIMOD:4	NT=Acetyl; MT=Variable; PP=Protein N-term; AC=UNIMOD:1	NT=Oxidation;MT=Variable;TA=M;AC=UNIMOD:35	"NT=Phospho;MT=Variable;TA=S,T,Y;AC=UNIMOD:21"	AC=MS:1001251;NT=Trypsin	AC=MS:1002038;NT=label free sample	10 ppm	20 ppm	1
PXD062642-Sample-12	Homo sapiens	Others	Epidermal keratinocytes neonatal	Epidermal keratinocytes neonatal	not applicable	not available	not available	normal	JH11_NHEK-Neo_SCX_r2_f03	neonatal	1	not applicable	PXD062642	JH11_NHEK-Neo_SCX_r2_f03.raw	Epidermal keratinocytes neonatal	ftp://ftp.pride.ebi.ac.uk/pride/data/archive/2026/01/PXD062642/JH11_NHEK-Neo_SCX_r2_f03.raw	3	2	NT=Orbitrap Fusion Lumos;AC=MS:1002732	NT=Carbamidomethyl;TA=C;MT=fixed;AC=UNIMOD:4	NT=Acetyl; MT=Variable; PP=Protein N-term; AC=UNIMOD:1	NT=Oxidation;MT=Variable;TA=M;AC=UNIMOD:35	"NT=Phospho;MT=Variable;TA=S,T,Y;AC=UNIMOD:21"	AC=MS:1001251;NT=Trypsin	AC=MS:1002038;NT=label free sample	10 ppm	20 ppm	1
PXD062642-Sample-12	Homo sapiens	Others	Epidermal keratinocytes neonatal	Epidermal keratinocytes neonatal	not applicable	not available	not available	normal	JH11_NHEK-Neo_SCX_r2_f04	neonatal	1	not applicable	PXD062642	JH11_NHEK-Neo_SCX_r2_f04.raw	Epidermal keratinocytes neonatal	ftp://ftp.pride.ebi.ac.uk/pride/data/archive/2026/01/PXD062642/JH11_NHEK-Neo_SCX_r2_f04.raw	4	2	NT=Orbitrap Fusion Lumos;AC=MS:1002732	NT=Carbamidomethyl;TA=C;MT=fixed;AC=UNIMOD:4	NT=Acetyl; MT=Variable; PP=Protein N-term; AC=UNIMOD:1	NT=Oxidation;MT=Variable;TA=M;AC=UNIMOD:35	"NT=Phospho;MT=Variable;TA=S,T,Y;AC=UNIMOD:21"	AC=MS:1001251;NT=Trypsin	AC=MS:1002038;NT=label free sample	10 ppm	20 ppm	1
PXD062642-Sample-12	Homo sapiens	Others	Epidermal keratinocytes neonatal	Epidermal keratinocytes neonatal	not applicable	not available	not available	normal	JH11_NHEK-Neo_SCX_r2_f05	neonatal	1	not applicable	PXD062642	JH11_NHEK-Neo_SCX_r2_f05.raw	Epidermal keratinocytes neonatal	ftp://ftp.pride.ebi.ac.uk/pride/data/archive/2026/01/PXD062642/JH11_NHEK-Neo_SCX_r2_f05.raw	5	2	NT=Orbitrap Fusion Lumos;AC=MS:1002732	NT=Carbamidomethyl;TA=C;MT=fixed;AC=UNIMOD:4	NT=Acetyl; MT=Variable; PP=Protein N-term; AC=UNIMOD:1	NT=Oxidation;MT=Variable;TA=M;AC=UNIMOD:35	"NT=Phospho;MT=Variable;TA=S,T,Y;AC=UNIMOD:21"	AC=MS:1001251;NT=Trypsin	AC=MS:1002038;NT=label free sample	10 ppm	20 ppm	1
PXD062642-Sample-12	Homo sapiens	Others	Epidermal keratinocytes neonatal	Epidermal keratinocytes neonatal	not applicable	not available	not available	normal	JH11_NHEK-Neo_SCX_r2_f06	neonatal	1	not applicable	PXD062642	JH11_NHEK-Neo_SCX_r2_f06.raw	Epidermal keratinocytes neonatal	ftp://ftp.pride.ebi.ac.uk/pride/data/archive/2026/01/PXD062642/JH11_NHEK-Neo_SCX_r2_f06.raw	6	2	NT=Orbitrap Fusion Lumos;AC=MS:1002732	NT=Carbamidomethyl;TA=C;MT=fixed;AC=UNIMOD:4	NT=Acetyl; MT=Variable; PP=Protein N-term; AC=UNIMOD:1	NT=Oxidation;MT=Variable;TA=M;AC=UNIMOD:35	"NT=Phospho;MT=Variable;TA=S,T,Y;AC=UNIMOD:21"	AC=MS:1001251;NT=Trypsin	AC=MS:1002038;NT=label free sample	10 ppm	20 ppm	1
PXD062642-Sample-12	Homo sapiens	Others	Epidermal keratinocytes neonatal	Epidermal keratinocytes neonatal	not applicable	not available	not available	normal	JH11_NHEK-Neo_SCX_r3_f01	neonatal	1	not applicable	PXD062642	JH11_NHEK-Neo_SCX_r3_f01.raw	Epidermal keratinocytes neonatal	ftp://ftp.pride.ebi.ac.uk/pride/data/archive/2026/01/PXD062642/JH11_NHEK-Neo_SCX_r3_f01.raw	1	3	NT=Orbitrap Fusion Lumos;AC=MS:1002732	NT=Carbamidomethyl;TA=C;MT=fixed;AC=UNIMOD:4	NT=Acetyl; MT=Variable; PP=Protein N-term; AC=UNIMOD:1	NT=Oxidation;MT=Variable;TA=M;AC=UNIMOD:35	"NT=Phospho;MT=Variable;TA=S,T,Y;AC=UNIMOD:21"	AC=MS:1001251;NT=Trypsin	AC=MS:1002038;NT=label free sample	10 ppm	20 ppm	1
PXD062642-Sample-12	Homo sapiens	Others	Epidermal keratinocytes neonatal	Epidermal keratinocytes neonatal	not applicable	not available	not available	normal	JH11_NHEK-Neo_SCX_r3_f02	neonatal	1	not applicable	PXD062642	JH11_NHEK-Neo_SCX_r3_f02.raw	Epidermal keratinocytes neonatal	ftp://ftp.pride.ebi.ac.uk/pride/data/archive/2026/01/PXD062642/JH11_NHEK-Neo_SCX_r3_f02.raw	2	3	NT=Orbitrap Fusion Lumos;AC=MS:1002732	NT=Carbamidomethyl;TA=C;MT=fixed;AC=UNIMOD:4	NT=Acetyl; MT=Variable; PP=Protein N-term; AC=UNIMOD:1	NT=Oxidation;MT=Variable;TA=M;AC=UNIMOD:35	"NT=Phospho;MT=Variable;TA=S,T,Y;AC=UNIMOD:21"	AC=MS:1001251;NT=Trypsin	AC=MS:1002038;NT=label free sample	10 ppm	20 ppm	1
PXD062642-Sample-12	Homo sapiens	Others	Epidermal keratinocytes neonatal	Epidermal keratinocytes neonatal	not applicable	not available	not available	normal	JH11_NHEK-Neo_SCX_r3_f03	neonatal	1	not applicable	PXD062642	JH11_NHEK-Neo_SCX_r3_f03.raw	Epidermal keratinocytes neonatal	ftp://ftp.pride.ebi.ac.uk/pride/data/archive/2026/01/PXD062642/JH11_NHEK-Neo_SCX_r3_f03.raw	3	3	NT=Orbitrap Fusion Lumos;AC=MS:1002732	NT=Carbamidomethyl;TA=C;MT=fixed;AC=UNIMOD:4	NT=Acetyl; MT=Variable; PP=Protein N-term; AC=UNIMOD:1	NT=Oxidation;MT=Variable;TA=M;AC=UNIMOD:35	"NT=Phospho;MT=Variable;TA=S,T,Y;AC=UNIMOD:21"	AC=MS:1001251;NT=Trypsin	AC=MS:1002038;NT=label free sample	10 ppm	20 ppm	1
PXD062642-Sample-12	Homo sapiens	Others	Epidermal keratinocytes neonatal	Epidermal keratinocytes neonatal	not applicable	not available	not available	normal	JH11_NHEK-Neo_SCX_r3_f04	neonatal	1	not applicable	PXD062642	JH11_NHEK-Neo_SCX_r3_f04.raw	Epidermal keratinocytes neonatal	ftp://ftp.pride.ebi.ac.uk/pride/data/archive/2026/01/PXD062642/JH11_NHEK-Neo_SCX_r3_f04.raw	4	3	NT=Orbitrap Fusion Lumos;AC=MS:1002732	NT=Carbamidomethyl;TA=C;MT=fixed;AC=UNIMOD:4	NT=Acetyl; MT=Variable; PP=Protein N-term; AC=UNIMOD:1	NT=Oxidation;MT=Variable;TA=M;AC=UNIMOD:35	"NT=Phospho;MT=Variable;TA=S,T,Y;AC=UNIMOD:21"	AC=MS:1001251;NT=Trypsin	AC=MS:1002038;NT=label free sample	10 ppm	20 ppm	1
PXD062642-Sample-12	Homo sapiens	Others	Epidermal keratinocytes neonatal	Epidermal keratinocytes neonatal	not applicable	not available	not available	normal	JH11_NHEK-Neo_SCX_r3_f05	neonatal	1	not applicable	PXD062642	JH11_NHEK-Neo_SCX_r3_f05.raw	Epidermal keratinocytes neonatal	ftp://ftp.pride.ebi.ac.uk/pride/data/archive/2026/01/PXD062642/JH11_NHEK-Neo_SCX_r3_f05.raw	5	3	NT=Orbitrap Fusion Lumos;AC=MS:1002732	NT=Carbamidomethyl;TA=C;MT=fixed;AC=UNIMOD:4	NT=Acetyl; MT=Variable; PP=Protein N-term; AC=UNIMOD:1	NT=Oxidation;MT=Variable;TA=M;AC=UNIMOD:35	"NT=Phospho;MT=Variable;TA=S,T,Y;AC=UNIMOD:21"	AC=MS:1001251;NT=Trypsin	AC=MS:1002038;NT=label free sample	10 ppm	20 ppm	1
PXD062642-Sample-12	Homo sapiens	Others	Epidermal keratinocytes neonatal	Epidermal keratinocytes neonatal	not applicable	not available	not available	normal	JH11_NHEK-Neo_SCX_r3_f06	neonatal	1	not applicable	PXD062642	JH11_NHEK-Neo_SCX_r3_f06.raw	Epidermal keratinocytes neonatal	ftp://ftp.pride.ebi.ac.uk/pride/data/archive/2026/01/PXD062642/JH11_NHEK-Neo_SCX_r3_f06.raw	6	3	NT=Orbitrap Fusion Lumos;AC=MS:1002732	NT=Carbamidomethyl;TA=C;MT=fixed;AC=UNIMOD:4	NT=Acetyl; MT=Variable; PP=Protein N-term; AC=UNIMOD:1	NT=Oxidation;MT=Variable;TA=M;AC=UNIMOD:35	"NT=Phospho;MT=Variable;TA=S,T,Y;AC=UNIMOD:21"	AC=MS:1001251;NT=Trypsin	AC=MS:1002038;NT=label free sample	10 ppm	20 ppm	1
PXD062642-Sample-13	Homo sapiens	Others	Melanocyte	Melanocyte	not applicable	not available	not available	normal	JH12_NHEM_SCX_r1_f01	not available	1	not applicable	PXD062642	JH12_NHEM_SCX_r1_f01.raw	Melanocyte	ftp://ftp.pride.ebi.ac.uk/pride/data/archive/2026/01/PXD062642/JH12_NHEM_SCX_r1_f01.raw	1	1	NT=Orbitrap Fusion Lumos;AC=MS:1002732	NT=Carbamidomethyl;TA=C;MT=fixed;AC=UNIMOD:4	NT=Acetyl; MT=Variable; PP=Protein N-term; AC=UNIMOD:1	NT=Oxidation;MT=Variable;TA=M;AC=UNIMOD:35	"NT=Phospho;MT=Variable;TA=S,T,Y;AC=UNIMOD:21"	AC=MS:1001251;NT=Trypsin	AC=MS:1002038;NT=label free sample	10 ppm	20 ppm	1
PXD062642-Sample-13	Homo sapiens	Others	Melanocyte	Melanocyte	not applicable	not available	not available	normal	JH12_NHEM_SCX_r1_f02	not available	1	not applicable	PXD062642	JH12_NHEM_SCX_r1_f02.raw	Melanocyte	ftp://ftp.pride.ebi.ac.uk/pride/data/archive/2026/01/PXD062642/JH12_NHEM_SCX_r1_f02.raw	2	1	NT=Orbitrap Fusion Lumos;AC=MS:1002732	NT=Carbamidomethyl;TA=C;MT=fixed;AC=UNIMOD:4	NT=Acetyl; MT=Variable; PP=Protein N-term; AC=UNIMOD:1	NT=Oxidation;MT=Variable;TA=M;AC=UNIMOD:35	"NT=Phospho;MT=Variable;TA=S,T,Y;AC=UNIMOD:21"	AC=MS:1001251;NT=Trypsin	AC=MS:1002038;NT=label free sample	10 ppm	20 ppm	1
PXD062642-Sample-13	Homo sapiens	Others	Melanocyte	Melanocyte	not applicable	not available	not available	normal	JH12_NHEM_SCX_r1_f03	not available	1	not applicable	PXD062642	JH12_NHEM_SCX_r1_f03.raw	Melanocyte	ftp://ftp.pride.ebi.ac.uk/pride/data/archive/2026/01/PXD062642/JH12_NHEM_SCX_r1_f03.raw	3	1	NT=Orbitrap Fusion Lumos;AC=MS:1002732	NT=Carbamidomethyl;TA=C;MT=fixed;AC=UNIMOD:4	NT=Acetyl; MT=Variable; PP=Protein N-term; AC=UNIMOD:1	NT=Oxidation;MT=Variable;TA=M;AC=UNIMOD:35	"NT=Phospho;MT=Variable;TA=S,T,Y;AC=UNIMOD:21"	AC=MS:1001251;NT=Trypsin	AC=MS:1002038;NT=label free sample	10 ppm	20 ppm	1
PXD062642-Sample-13	Homo sapiens	Others	Melanocyte	Melanocyte	not applicable	not available	not available	normal	JH12_NHEM_SCX_r1_f04	not available	1	not applicable	PXD062642	JH12_NHEM_SCX_r1_f04.raw	Melanocyte	ftp://ftp.pride.ebi.ac.uk/pride/data/archive/2026/01/PXD062642/JH12_NHEM_SCX_r1_f04.raw	4	1	NT=Orbitrap Fusion Lumos;AC=MS:1002732	NT=Carbamidomethyl;TA=C;MT=fixed;AC=UNIMOD:4	NT=Acetyl; MT=Variable; PP=Protein N-term; AC=UNIMOD:1	NT=Oxidation;MT=Variable;TA=M;AC=UNIMOD:35	"NT=Phospho;MT=Variable;TA=S,T,Y;AC=UNIMOD:21"	AC=MS:1001251;NT=Trypsin	AC=MS:1002038;NT=label free sample	10 ppm	20 ppm	1
PXD062642-Sample-13	Homo sapiens	Others	Melanocyte	Melanocyte	not applicable	not available	not available	normal	JH12_NHEM_SCX_r1_f05	not available	1	not applicable	PXD062642	JH12_NHEM_SCX_r1_f05.raw	Melanocyte	ftp://ftp.pride.ebi.ac.uk/pride/data/archive/2026/01/PXD062642/JH12_NHEM_SCX_r1_f05.raw	5	1	NT=Orbitrap Fusion Lumos;AC=MS:1002732	NT=Carbamidomethyl;TA=C;MT=fixed;AC=UNIMOD:4	NT=Acetyl; MT=Variable; PP=Protein N-term; AC=UNIMOD:1	NT=Oxidation;MT=Variable;TA=M;AC=UNIMOD:35	"NT=Phospho;MT=Variable;TA=S,T,Y;AC=UNIMOD:21"	AC=MS:1001251;NT=Trypsin	AC=MS:1002038;NT=label free sample	10 ppm	20 ppm	1
PXD062642-Sample-13	Homo sapiens	Others	Melanocyte	Melanocyte	not applicable	not available	not available	normal	JH12_NHEM_SCX_r1_f06	not available	1	not applicable	PXD062642	JH12_NHEM_SCX_r1_f06.raw	Melanocyte	ftp://ftp.pride.ebi.ac.uk/pride/data/archive/2026/01/PXD062642/JH12_NHEM_SCX_r1_f06.raw	6	1	NT=Orbitrap Fusion Lumos;AC=MS:1002732	NT=Carbamidomethyl;TA=C;MT=fixed;AC=UNIMOD:4	NT=Acetyl; MT=Variable; PP=Protein N-term; AC=UNIMOD:1	NT=Oxidation;MT=Variable;TA=M;AC=UNIMOD:35	"NT=Phospho;MT=Variable;TA=S,T,Y;AC=UNIMOD:21"	AC=MS:1001251;NT=Trypsin	AC=MS:1002038;NT=label free sample	10 ppm	20 ppm	1
PXD062642-Sample-13	Homo sapiens	Others	Melanocyte	Melanocyte	not applicable	not available	not available	normal	JH12_NHEM_SCX_r2_f01	not available	1	not applicable	PXD062642	JH12_NHEM_SCX_r2_f01.raw	Melanocyte	ftp://ftp.pride.ebi.ac.uk/pride/data/archive/2026/01/PXD062642/JH12_NHEM_SCX_r2_f01.raw	1	2	NT=Orbitrap Fusion Lumos;AC=MS:1002732	NT=Carbamidomethyl;TA=C;MT=fixed;AC=UNIMOD:4	NT=Acetyl; MT=Variable; PP=Protein N-term; AC=UNIMOD:1	NT=Oxidation;MT=Variable;TA=M;AC=UNIMOD:35	"NT=Phospho;MT=Variable;TA=S,T,Y;AC=UNIMOD:21"	AC=MS:1001251;NT=Trypsin	AC=MS:1002038;NT=label free sample	10 ppm	20 ppm	1
PXD062642-Sample-13	Homo sapiens	Others	Melanocyte	Melanocyte	not applicable	not available	not available	normal	JH12_NHEM_SCX_r2_f02	not available	1	not applicable	PXD062642	JH12_NHEM_SCX_r2_f02.raw	Melanocyte	ftp://ftp.pride.ebi.ac.uk/pride/data/archive/2026/01/PXD062642/JH12_NHEM_SCX_r2_f02.raw	2	2	NT=Orbitrap Fusion Lumos;AC=MS:1002732	NT=Carbamidomethyl;TA=C;MT=fixed;AC=UNIMOD:4	NT=Acetyl; MT=Variable; PP=Protein N-term; AC=UNIMOD:1	NT=Oxidation;MT=Variable;TA=M;AC=UNIMOD:35	"NT=Phospho;MT=Variable;TA=S,T,Y;AC=UNIMOD:21"	AC=MS:1001251;NT=Trypsin	AC=MS:1002038;NT=label free sample	10 ppm	20 ppm	1
PXD062642-Sample-13	Homo sapiens	Others	Melanocyte	Melanocyte	not applicable	not available	not available	normal	JH12_NHEM_SCX_r2_f03	not available	1	not applicable	PXD062642	JH12_NHEM_SCX_r2_f03.raw	Melanocyte	ftp://ftp.pride.ebi.ac.uk/pride/data/archive/2026/01/PXD062642/JH12_NHEM_SCX_r2_f03.raw	3	2	NT=Orbitrap Fusion Lumos;AC=MS:1002732	NT=Carbamidomethyl;TA=C;MT=fixed;AC=UNIMOD:4	NT=Acetyl; MT=Variable; PP=Protein N-term; AC=UNIMOD:1	NT=Oxidation;MT=Variable;TA=M;AC=UNIMOD:35	"NT=Phospho;MT=Variable;TA=S,T,Y;AC=UNIMOD:21"	AC=MS:1001251;NT=Trypsin	AC=MS:1002038;NT=label free sample	10 ppm	20 ppm	1
PXD062642-Sample-13	Homo sapiens	Others	Melanocyte	Melanocyte	not applicable	not available	not available	normal	JH12_NHEM_SCX_r2_f04	not available	1	not applicable	PXD062642	JH12_NHEM_SCX_r2_f04.raw	Melanocyte	ftp://ftp.pride.ebi.ac.uk/pride/data/archive/2026/01/PXD062642/JH12_NHEM_SCX_r2_f04.raw	4	2	NT=Orbitrap Fusion Lumos;AC=MS:1002732	NT=Carbamidomethyl;TA=C;MT=fixed;AC=UNIMOD:4	NT=Acetyl; MT=Variable; PP=Protein N-term; AC=UNIMOD:1	NT=Oxidation;MT=Variable;TA=M;AC=UNIMOD:35	"NT=Phospho;MT=Variable;TA=S,T,Y;AC=UNIMOD:21"	AC=MS:1001251;NT=Trypsin	AC=MS:1002038;NT=label free sample	10 ppm	20 ppm	1
PXD062642-Sample-13	Homo sapiens	Others	Melanocyte	Melanocyte	not applicable	not available	not available	normal	JH12_NHEM_SCX_r2_f05	not available	1	not applicable	PXD062642	JH12_NHEM_SCX_r2_f05.raw	Melanocyte	ftp://ftp.pride.ebi.ac.uk/pride/data/archive/2026/01/PXD062642/JH12_NHEM_SCX_r2_f05.raw	5	2	NT=Orbitrap Fusion Lumos;AC=MS:1002732	NT=Carbamidomethyl;TA=C;MT=fixed;AC=UNIMOD:4	NT=Acetyl; MT=Variable; PP=Protein N-term; AC=UNIMOD:1	NT=Oxidation;MT=Variable;TA=M;AC=UNIMOD:35	"NT=Phospho;MT=Variable;TA=S,T,Y;AC=UNIMOD:21"	AC=MS:1001251;NT=Trypsin	AC=MS:1002038;NT=label free sample	10 ppm	20 ppm	1
PXD062642-Sample-13	Homo sapiens	Others	Melanocyte	Melanocyte	not applicable	not available	not available	normal	JH12_NHEM_SCX_r2_f06	not available	1	not applicable	PXD062642	JH12_NHEM_SCX_r2_f06.raw	Melanocyte	ftp://ftp.pride.ebi.ac.uk/pride/data/archive/2026/01/PXD062642/JH12_NHEM_SCX_r2_f06.raw	6	2	NT=Orbitrap Fusion Lumos;AC=MS:1002732	NT=Carbamidomethyl;TA=C;MT=fixed;AC=UNIMOD:4	NT=Acetyl; MT=Variable; PP=Protein N-term; AC=UNIMOD:1	NT=Oxidation;MT=Variable;TA=M;AC=UNIMOD:35	"NT=Phospho;MT=Variable;TA=S,T,Y;AC=UNIMOD:21"	AC=MS:1001251;NT=Trypsin	AC=MS:1002038;NT=label free sample	10 ppm	20 ppm	1
PXD062642-Sample-13	Homo sapiens	Others	Melanocyte	Melanocyte	not applicable	not available	not available	normal	JH12_NHEM_SCX_r3_f01	not available	1	not applicable	PXD062642	JH12_NHEM_SCX_r3_f01.raw	Melanocyte	ftp://ftp.pride.ebi.ac.uk/pride/data/archive/2026/01/PXD062642/JH12_NHEM_SCX_r3_f01.raw	1	3	NT=Orbitrap Fusion Lumos;AC=MS:1002732	NT=Carbamidomethyl;TA=C;MT=fixed;AC=UNIMOD:4	NT=Acetyl; MT=Variable; PP=Protein N-term; AC=UNIMOD:1	NT=Oxidation;MT=Variable;TA=M;AC=UNIMOD:35	"NT=Phospho;MT=Variable;TA=S,T,Y;AC=UNIMOD:21"	AC=MS:1001251;NT=Trypsin	AC=MS:1002038;NT=label free sample	10 ppm	20 ppm	1
PXD062642-Sample-13	Homo sapiens	Others	Melanocyte	Melanocyte	not applicable	not available	not available	normal	JH12_NHEM_SCX_r3_f02	not available	1	not applicable	PXD062642	JH12_NHEM_SCX_r3_f02.raw	Melanocyte	ftp://ftp.pride.ebi.ac.uk/pride/data/archive/2026/01/PXD062642/JH12_NHEM_SCX_r3_f02.raw	2	3	NT=Orbitrap Fusion Lumos;AC=MS:1002732	NT=Carbamidomethyl;TA=C;MT=fixed;AC=UNIMOD:4	NT=Acetyl; MT=Variable; PP=Protein N-term; AC=UNIMOD:1	NT=Oxidation;MT=Variable;TA=M;AC=UNIMOD:35	"NT=Phospho;MT=Variable;TA=S,T,Y;AC=UNIMOD:21"	AC=MS:1001251;NT=Trypsin	AC=MS:1002038;NT=label free sample	10 ppm	20 ppm	1
PXD062642-Sample-13	Homo sapiens	Others	Melanocyte	Melanocyte	not applicable	not available	not available	normal	JH12_NHEM_SCX_r3_f03	not available	1	not applicable	PXD062642	JH12_NHEM_SCX_r3_f03.raw	Melanocyte	ftp://ftp.pride.ebi.ac.uk/pride/data/archive/2026/01/PXD062642/JH12_NHEM_SCX_r3_f03.raw	3	3	NT=Orbitrap Fusion Lumos;AC=MS:1002732	NT=Carbamidomethyl;TA=C;MT=fixed;AC=UNIMOD:4	NT=Acetyl; MT=Variable; PP=Protein N-term; AC=UNIMOD:1	NT=Oxidation;MT=Variable;TA=M;AC=UNIMOD:35	"NT=Phospho;MT=Variable;TA=S,T,Y;AC=UNIMOD:21"	AC=MS:1001251;NT=Trypsin	AC=MS:1002038;NT=label free sample	10 ppm	20 ppm	1
PXD062642-Sample-13	Homo sapiens	Others	Melanocyte	Melanocyte	not applicable	not available	not available	normal	JH12_NHEM_SCX_r3_f04	not available	1	not applicable	PXD062642	JH12_NHEM_SCX_r3_f04.raw	Melanocyte	ftp://ftp.pride.ebi.ac.uk/pride/data/archive/2026/01/PXD062642/JH12_NHEM_SCX_r3_f04.raw	4	3	NT=Orbitrap Fusion Lumos;AC=MS:1002732	NT=Carbamidomethyl;TA=C;MT=fixed;AC=UNIMOD:4	NT=Acetyl; MT=Variable; PP=Protein N-term; AC=UNIMOD:1	NT=Oxidation;MT=Variable;TA=M;AC=UNIMOD:35	"NT=Phospho;MT=Variable;TA=S,T,Y;AC=UNIMOD:21"	AC=MS:1001251;NT=Trypsin	AC=MS:1002038;NT=label free sample	10 ppm	20 ppm	1
PXD062642-Sample-13	Homo sapiens	Others	Melanocyte	Melanocyte	not applicable	not available	not available	normal	JH12_NHEM_SCX_r3_f05	not available	1	not applicable	PXD062642	JH12_NHEM_SCX_r3_f05.raw	Melanocyte	ftp://ftp.pride.ebi.ac.uk/pride/data/archive/2026/01/PXD062642/JH12_NHEM_SCX_r3_f05.raw	5	3	NT=Orbitrap Fusion Lumos;AC=MS:1002732	NT=Carbamidomethyl;TA=C;MT=fixed;AC=UNIMOD:4	NT=Acetyl; MT=Variable; PP=Protein N-term; AC=UNIMOD:1	NT=Oxidation;MT=Variable;TA=M;AC=UNIMOD:35	"NT=Phospho;MT=Variable;TA=S,T,Y;AC=UNIMOD:21"	AC=MS:1001251;NT=Trypsin	AC=MS:1002038;NT=label free sample	10 ppm	20 ppm	1
PXD062642-Sample-13	Homo sapiens	Others	Melanocyte	Melanocyte	not applicable	not available	not available	normal	JH12_NHEM_SCX_r3_f06	not available	1	not applicable	PXD062642	JH12_NHEM_SCX_r3_f06.raw	Melanocyte	ftp://ftp.pride.ebi.ac.uk/pride/data/archive/2026/01/PXD062642/JH12_NHEM_SCX_r3_f06.raw	6	3	NT=Orbitrap Fusion Lumos;AC=MS:1002732	NT=Carbamidomethyl;TA=C;MT=fixed;AC=UNIMOD:4	NT=Acetyl; MT=Variable; PP=Protein N-term; AC=UNIMOD:1	NT=Oxidation;MT=Variable;TA=M;AC=UNIMOD:35	"NT=Phospho;MT=Variable;TA=S,T,Y;AC=UNIMOD:21"	AC=MS:1001251;NT=Trypsin	AC=MS:1002038;NT=label free sample	10 ppm	20 ppm	1
PXD062642-Sample-14	Homo sapiens	Epithelial	Mammary epithelial cells	Mammary epithelial cells	not applicable	not available	not available	normal	JH13_HMEC_CellMap_SCX_r1_f01	not available	1	not applicable	PXD062642	JH13_HMEC_CellMap_SCX_r1_f01.raw	Mammary epithelial cells	ftp://ftp.pride.ebi.ac.uk/pride/data/archive/2026/01/PXD062642/JH13_HMEC_CellMap_SCX_r1_f01.raw	1	1	NT=Orbitrap Fusion Lumos;AC=MS:1002732	NT=Carbamidomethyl;TA=C;MT=fixed;AC=UNIMOD:4	NT=Acetyl; MT=Variable; PP=Protein N-term; AC=UNIMOD:1	NT=Oxidation;MT=Variable;TA=M;AC=UNIMOD:35	"NT=Phospho;MT=Variable;TA=S,T,Y;AC=UNIMOD:21"	AC=MS:1001251;NT=Trypsin	AC=MS:1002038;NT=label free sample	10 ppm	20 ppm	1
PXD062642-Sample-14	Homo sapiens	Epithelial	Mammary epithelial cells	Mammary epithelial cells	not applicable	not available	not available	normal	JH13_HMEC_CellMap_SCX_r1_f02	not available	1	not applicable	PXD062642	JH13_HMEC_CellMap_SCX_r1_f02.raw	Mammary epithelial cells	ftp://ftp.pride.ebi.ac.uk/pride/data/archive/2026/01/PXD062642/JH13_HMEC_CellMap_SCX_r1_f02.raw	2	1	NT=Orbitrap Fusion Lumos;AC=MS:1002732	NT=Carbamidomethyl;TA=C;MT=fixed;AC=UNIMOD:4	NT=Acetyl; MT=Variable; PP=Protein N-term; AC=UNIMOD:1	NT=Oxidation;MT=Variable;TA=M;AC=UNIMOD:35	"NT=Phospho;MT=Variable;TA=S,T,Y;AC=UNIMOD:21"	AC=MS:1001251;NT=Trypsin	AC=MS:1002038;NT=label free sample	10 ppm	20 ppm	1
PXD062642-Sample-14	Homo sapiens	Epithelial	Mammary epithelial cells	Mammary epithelial cells	not applicable	not available	not available	normal	JH13_HMEC_CellMap_SCX_r1_f03	not available	1	not applicable	PXD062642	JH13_HMEC_CellMap_SCX_r1_f03.raw	Mammary epithelial cells	ftp://ftp.pride.ebi.ac.uk/pride/data/archive/2026/01/PXD062642/JH13_HMEC_CellMap_SCX_r1_f03.raw	3	1	NT=Orbitrap Fusion Lumos;AC=MS:1002732	NT=Carbamidomethyl;TA=C;MT=fixed;AC=UNIMOD:4	NT=Acetyl; MT=Variable; PP=Protein N-term; AC=UNIMOD:1	NT=Oxidation;MT=Variable;TA=M;AC=UNIMOD:35	"NT=Phospho;MT=Variable;TA=S,T,Y;AC=UNIMOD:21"	AC=MS:1001251;NT=Trypsin	AC=MS:1002038;NT=label free sample	10 ppm	20 ppm	1
PXD062642-Sample-14	Homo sapiens	Epithelial	Mammary epithelial cells	Mammary epithelial cells	not applicable	not available	not available	normal	JH13_HMEC_CellMap_SCX_r1_f04	not available	1	not applicable	PXD062642	JH13_HMEC_CellMap_SCX_r1_f04.raw	Mammary epithelial cells	ftp://ftp.pride.ebi.ac.uk/pride/data/archive/2026/01/PXD062642/JH13_HMEC_CellMap_SCX_r1_f04.raw	4	1	NT=Orbitrap Fusion Lumos;AC=MS:1002732	NT=Carbamidomethyl;TA=C;MT=fixed;AC=UNIMOD:4	NT=Acetyl; MT=Variable; PP=Protein N-term; AC=UNIMOD:1	NT=Oxidation;MT=Variable;TA=M;AC=UNIMOD:35	"NT=Phospho;MT=Variable;TA=S,T,Y;AC=UNIMOD:21"	AC=MS:1001251;NT=Trypsin	AC=MS:1002038;NT=label free sample	10 ppm	20 ppm	1
PXD062642-Sample-14	Homo sapiens	Epithelial	Mammary epithelial cells	Mammary epithelial cells	not applicable	not available	not available	normal	JH13_HMEC_CellMap_SCX_r1_f05	not available	1	not applicable	PXD062642	JH13_HMEC_CellMap_SCX_r1_f05.raw	Mammary epithelial cells	ftp://ftp.pride.ebi.ac.uk/pride/data/archive/2026/01/PXD062642/JH13_HMEC_CellMap_SCX_r1_f05.raw	5	1	NT=Orbitrap Fusion Lumos;AC=MS:1002732	NT=Carbamidomethyl;TA=C;MT=fixed;AC=UNIMOD:4	NT=Acetyl; MT=Variable; PP=Protein N-term; AC=UNIMOD:1	NT=Oxidation;MT=Variable;TA=M;AC=UNIMOD:35	"NT=Phospho;MT=Variable;TA=S,T,Y;AC=UNIMOD:21"	AC=MS:1001251;NT=Trypsin	AC=MS:1002038;NT=label free sample	10 ppm	20 ppm	1
PXD062642-Sample-14	Homo sapiens	Epithelial	Mammary epithelial cells	Mammary epithelial cells	not applicable	not available	not available	normal	JH13_HMEC_CellMap_SCX_r1_f06	not available	1	not applicable	PXD062642	JH13_HMEC_CellMap_SCX_r1_f06.raw	Mammary epithelial cells	ftp://ftp.pride.ebi.ac.uk/pride/data/archive/2026/01/PXD062642/JH13_HMEC_CellMap_SCX_r1_f06.raw	6	1	NT=Orbitrap Fusion Lumos;AC=MS:1002732	NT=Carbamidomethyl;TA=C;MT=fixed;AC=UNIMOD:4	NT=Acetyl; MT=Variable; PP=Protein N-term; AC=UNIMOD:1	NT=Oxidation;MT=Variable;TA=M;AC=UNIMOD:35	"NT=Phospho;MT=Variable;TA=S,T,Y;AC=UNIMOD:21"	AC=MS:1001251;NT=Trypsin	AC=MS:1002038;NT=label free sample	10 ppm	20 ppm	1
PXD062642-Sample-14	Homo sapiens	Epithelial	Mammary epithelial cells	Mammary epithelial cells	not applicable	not available	not available	normal	JH13_HMEC_CellMap_SCX_r2_f01	not available	1	not applicable	PXD062642	JH13_HMEC_CellMap_SCX_r2_f01.raw	Mammary epithelial cells	ftp://ftp.pride.ebi.ac.uk/pride/data/archive/2026/01/PXD062642/JH13_HMEC_CellMap_SCX_r2_f01.raw	1	2	NT=Orbitrap Fusion Lumos;AC=MS:1002732	NT=Carbamidomethyl;TA=C;MT=fixed;AC=UNIMOD:4	NT=Acetyl; MT=Variable; PP=Protein N-term; AC=UNIMOD:1	NT=Oxidation;MT=Variable;TA=M;AC=UNIMOD:35	"NT=Phospho;MT=Variable;TA=S,T,Y;AC=UNIMOD:21"	AC=MS:1001251;NT=Trypsin	AC=MS:1002038;NT=label free sample	10 ppm	20 ppm	1
PXD062642-Sample-14	Homo sapiens	Epithelial	Mammary epithelial cells	Mammary epithelial cells	not applicable	not available	not available	normal	JH13_HMEC_CellMap_SCX_r2_f02	not available	1	not applicable	PXD062642	JH13_HMEC_CellMap_SCX_r2_f02.raw	Mammary epithelial cells	ftp://ftp.pride.ebi.ac.uk/pride/data/archive/2026/01/PXD062642/JH13_HMEC_CellMap_SCX_r2_f02.raw	2	2	NT=Orbitrap Fusion Lumos;AC=MS:1002732	NT=Carbamidomethyl;TA=C;MT=fixed;AC=UNIMOD:4	NT=Acetyl; MT=Variable; PP=Protein N-term; AC=UNIMOD:1	NT=Oxidation;MT=Variable;TA=M;AC=UNIMOD:35	"NT=Phospho;MT=Variable;TA=S,T,Y;AC=UNIMOD:21"	AC=MS:1001251;NT=Trypsin	AC=MS:1002038;NT=label free sample	10 ppm	20 ppm	1
PXD062642-Sample-14	Homo sapiens	Epithelial	Mammary epithelial cells	Mammary epithelial cells	not applicable	not available	not available	normal	JH13_HMEC_CellMap_SCX_r2_f03	not available	1	not applicable	PXD062642	JH13_HMEC_CellMap_SCX_r2_f03.raw	Mammary epithelial cells	ftp://ftp.pride.ebi.ac.uk/pride/data/archive/2026/01/PXD062642/JH13_HMEC_CellMap_SCX_r2_f03.raw	3	2	NT=Orbitrap Fusion Lumos;AC=MS:1002732	NT=Carbamidomethyl;TA=C;MT=fixed;AC=UNIMOD:4	NT=Acetyl; MT=Variable; PP=Protein N-term; AC=UNIMOD:1	NT=Oxidation;MT=Variable;TA=M;AC=UNIMOD:35	"NT=Phospho;MT=Variable;TA=S,T,Y;AC=UNIMOD:21"	AC=MS:1001251;NT=Trypsin	AC=MS:1002038;NT=label free sample	10 ppm	20 ppm	1
PXD062642-Sample-14	Homo sapiens	Epithelial	Mammary epithelial cells	Mammary epithelial cells	not applicable	not available	not available	normal	JH13_HMEC_CellMap_SCX_r2_f04	not available	1	not applicable	PXD062642	JH13_HMEC_CellMap_SCX_r2_f04.raw	Mammary epithelial cells	ftp://ftp.pride.ebi.ac.uk/pride/data/archive/2026/01/PXD062642/JH13_HMEC_CellMap_SCX_r2_f04.raw	4	2	NT=Orbitrap Fusion Lumos;AC=MS:1002732	NT=Carbamidomethyl;TA=C;MT=fixed;AC=UNIMOD:4	NT=Acetyl; MT=Variable; PP=Protein N-term; AC=UNIMOD:1	NT=Oxidation;MT=Variable;TA=M;AC=UNIMOD:35	"NT=Phospho;MT=Variable;TA=S,T,Y;AC=UNIMOD:21"	AC=MS:1001251;NT=Trypsin	AC=MS:1002038;NT=label free sample	10 ppm	20 ppm	1
PXD062642-Sample-14	Homo sapiens	Epithelial	Mammary epithelial cells	Mammary epithelial cells	not applicable	not available	not available	normal	JH13_HMEC_CellMap_SCX_r2_f05	not available	1	not applicable	PXD062642	JH13_HMEC_CellMap_SCX_r2_f05.raw	Mammary epithelial cells	ftp://ftp.pride.ebi.ac.uk/pride/data/archive/2026/01/PXD062642/JH13_HMEC_CellMap_SCX_r2_f05.raw	5	2	NT=Orbitrap Fusion Lumos;AC=MS:1002732	NT=Carbamidomethyl;TA=C;MT=fixed;AC=UNIMOD:4	NT=Acetyl; MT=Variable; PP=Protein N-term; AC=UNIMOD:1	NT=Oxidation;MT=Variable;TA=M;AC=UNIMOD:35	"NT=Phospho;MT=Variable;TA=S,T,Y;AC=UNIMOD:21"	AC=MS:1001251;NT=Trypsin	AC=MS:1002038;NT=label free sample	10 ppm	20 ppm	1
PXD062642-Sample-14	Homo sapiens	Epithelial	Mammary epithelial cells	Mammary epithelial cells	not applicable	not available	not available	normal	JH13_HMEC_CellMap_SCX_r2_f06	not available	1	not applicable	PXD062642	JH13_HMEC_CellMap_SCX_r2_f06.raw	Mammary epithelial cells	ftp://ftp.pride.ebi.ac.uk/pride/data/archive/2026/01/PXD062642/JH13_HMEC_CellMap_SCX_r2_f06.raw	6	2	NT=Orbitrap Fusion Lumos;AC=MS:1002732	NT=Carbamidomethyl;TA=C;MT=fixed;AC=UNIMOD:4	NT=Acetyl; MT=Variable; PP=Protein N-term; AC=UNIMOD:1	NT=Oxidation;MT=Variable;TA=M;AC=UNIMOD:35	"NT=Phospho;MT=Variable;TA=S,T,Y;AC=UNIMOD:21"	AC=MS:1001251;NT=Trypsin	AC=MS:1002038;NT=label free sample	10 ppm	20 ppm	1
PXD062642-Sample-14	Homo sapiens	Epithelial	Mammary epithelial cells	Mammary epithelial cells	not applicable	not available	not available	normal	JH13_HMEC_CellMap_SCX_r3_f01	not available	1	not applicable	PXD062642	JH13_HMEC_CellMap_SCX_r3_f01.raw	Mammary epithelial cells	ftp://ftp.pride.ebi.ac.uk/pride/data/archive/2026/01/PXD062642/JH13_HMEC_CellMap_SCX_r3_f01.raw	1	3	NT=Orbitrap Fusion Lumos;AC=MS:1002732	NT=Carbamidomethyl;TA=C;MT=fixed;AC=UNIMOD:4	NT=Acetyl; MT=Variable; PP=Protein N-term; AC=UNIMOD:1	NT=Oxidation;MT=Variable;TA=M;AC=UNIMOD:35	"NT=Phospho;MT=Variable;TA=S,T,Y;AC=UNIMOD:21"	AC=MS:1001251;NT=Trypsin	AC=MS:1002038;NT=label free sample	10 ppm	20 ppm	1
PXD062642-Sample-14	Homo sapiens	Epithelial	Mammary epithelial cells	Mammary epithelial cells	not applicable	not available	not available	normal	JH13_HMEC_CellMap_SCX_r3_f02	not available	1	not applicable	PXD062642	JH13_HMEC_CellMap_SCX_r3_f02.raw	Mammary epithelial cells	ftp://ftp.pride.ebi.ac.uk/pride/data/archive/2026/01/PXD062642/JH13_HMEC_CellMap_SCX_r3_f02.raw	2	3	NT=Orbitrap Fusion Lumos;AC=MS:1002732	NT=Carbamidomethyl;TA=C;MT=fixed;AC=UNIMOD:4	NT=Acetyl; MT=Variable; PP=Protein N-term; AC=UNIMOD:1	NT=Oxidation;MT=Variable;TA=M;AC=UNIMOD:35	"NT=Phospho;MT=Variable;TA=S,T,Y;AC=UNIMOD:21"	AC=MS:1001251;NT=Trypsin	AC=MS:1002038;NT=label free sample	10 ppm	20 ppm	1
PXD062642-Sample-14	Homo sapiens	Epithelial	Mammary epithelial cells	Mammary epithelial cells	not applicable	not available	not available	normal	JH13_HMEC_CellMap_SCX_r3_f03	not available	1	not applicable	PXD062642	JH13_HMEC_CellMap_SCX_r3_f03.raw	Mammary epithelial cells	ftp://ftp.pride.ebi.ac.uk/pride/data/archive/2026/01/PXD062642/JH13_HMEC_CellMap_SCX_r3_f03.raw	3	3	NT=Orbitrap Fusion Lumos;AC=MS:1002732	NT=Carbamidomethyl;TA=C;MT=fixed;AC=UNIMOD:4	NT=Acetyl; MT=Variable; PP=Protein N-term; AC=UNIMOD:1	NT=Oxidation;MT=Variable;TA=M;AC=UNIMOD:35	"NT=Phospho;MT=Variable;TA=S,T,Y;AC=UNIMOD:21"	AC=MS:1001251;NT=Trypsin	AC=MS:1002038;NT=label free sample	10 ppm	20 ppm	1
PXD062642-Sample-14	Homo sapiens	Epithelial	Mammary epithelial cells	Mammary epithelial cells	not applicable	not available	not available	normal	JH13_HMEC_CellMap_SCX_r3_f04	not available	1	not applicable	PXD062642	JH13_HMEC_CellMap_SCX_r3_f04.raw	Mammary epithelial cells	ftp://ftp.pride.ebi.ac.uk/pride/data/archive/2026/01/PXD062642/JH13_HMEC_CellMap_SCX_r3_f04.raw	4	3	NT=Orbitrap Fusion Lumos;AC=MS:1002732	NT=Carbamidomethyl;TA=C;MT=fixed;AC=UNIMOD:4	NT=Acetyl; MT=Variable; PP=Protein N-term; AC=UNIMOD:1	NT=Oxidation;MT=Variable;TA=M;AC=UNIMOD:35	"NT=Phospho;MT=Variable;TA=S,T,Y;AC=UNIMOD:21"	AC=MS:1001251;NT=Trypsin	AC=MS:1002038;NT=label free sample	10 ppm	20 ppm	1
PXD062642-Sample-14	Homo sapiens	Epithelial	Mammary epithelial cells	Mammary epithelial cells	not applicable	not available	not available	normal	JH13_HMEC_CellMap_SCX_r3_f05	not available	1	not applicable	PXD062642	JH13_HMEC_CellMap_SCX_r3_f05.raw	Mammary epithelial cells	ftp://ftp.pride.ebi.ac.uk/pride/data/archive/2026/01/PXD062642/JH13_HMEC_CellMap_SCX_r3_f05.raw	5	3	NT=Orbitrap Fusion Lumos;AC=MS:1002732	NT=Carbamidomethyl;TA=C;MT=fixed;AC=UNIMOD:4	NT=Acetyl; MT=Variable; PP=Protein N-term; AC=UNIMOD:1	NT=Oxidation;MT=Variable;TA=M;AC=UNIMOD:35	"NT=Phospho;MT=Variable;TA=S,T,Y;AC=UNIMOD:21"	AC=MS:1001251;NT=Trypsin	AC=MS:1002038;NT=label free sample	10 ppm	20 ppm	1
PXD062642-Sample-14	Homo sapiens	Epithelial	Mammary epithelial cells	Mammary epithelial cells	not applicable	not available	not available	normal	JH13_HMEC_CellMap_SCX_r3_f06	not available	1	not applicable	PXD062642	JH13_HMEC_CellMap_SCX_r3_f06.raw	Mammary epithelial cells	ftp://ftp.pride.ebi.ac.uk/pride/data/archive/2026/01/PXD062642/JH13_HMEC_CellMap_SCX_r3_f06.raw	6	3	NT=Orbitrap Fusion Lumos;AC=MS:1002732	NT=Carbamidomethyl;TA=C;MT=fixed;AC=UNIMOD:4	NT=Acetyl; MT=Variable; PP=Protein N-term; AC=UNIMOD:1	NT=Oxidation;MT=Variable;TA=M;AC=UNIMOD:35	"NT=Phospho;MT=Variable;TA=S,T,Y;AC=UNIMOD:21"	AC=MS:1001251;NT=Trypsin	AC=MS:1002038;NT=label free sample	10 ppm	20 ppm	1
PXD062642-Sample-15	Homo sapiens	Others	Mesangial cells	Mesangial cells	not applicable	not available	not available	normal	JH14_NHMC_SCX_r1_f01	not available	1	not applicable	PXD062642	JH14_NHMC_SCX_r1_f01.raw	Mesangial cells	ftp://ftp.pride.ebi.ac.uk/pride/data/archive/2026/01/PXD062642/JH14_NHMC_SCX_r1_f01.raw	1	1	NT=Orbitrap Fusion Lumos;AC=MS:1002732	NT=Carbamidomethyl;TA=C;MT=fixed;AC=UNIMOD:4	NT=Acetyl; MT=Variable; PP=Protein N-term; AC=UNIMOD:1	NT=Oxidation;MT=Variable;TA=M;AC=UNIMOD:35	"NT=Phospho;MT=Variable;TA=S,T,Y;AC=UNIMOD:21"	AC=MS:1001251;NT=Trypsin	AC=MS:1002038;NT=label free sample	10 ppm	20 ppm	1
PXD062642-Sample-15	Homo sapiens	Others	Mesangial cells	Mesangial cells	not applicable	not available	not available	normal	JH14_NHMC_SCX_r1_f02	not available	1	not applicable	PXD062642	JH14_NHMC_SCX_r1_f02.raw	Mesangial cells	ftp://ftp.pride.ebi.ac.uk/pride/data/archive/2026/01/PXD062642/JH14_NHMC_SCX_r1_f02.raw	2	1	NT=Orbitrap Fusion Lumos;AC=MS:1002732	NT=Carbamidomethyl;TA=C;MT=fixed;AC=UNIMOD:4	NT=Acetyl; MT=Variable; PP=Protein N-term; AC=UNIMOD:1	NT=Oxidation;MT=Variable;TA=M;AC=UNIMOD:35	"NT=Phospho;MT=Variable;TA=S,T,Y;AC=UNIMOD:21"	AC=MS:1001251;NT=Trypsin	AC=MS:1002038;NT=label free sample	10 ppm	20 ppm	1
PXD062642-Sample-15	Homo sapiens	Others	Mesangial cells	Mesangial cells	not applicable	not available	not available	normal	JH14_NHMC_SCX_r1_f03	not available	1	not applicable	PXD062642	JH14_NHMC_SCX_r1_f03.raw	Mesangial cells	ftp://ftp.pride.ebi.ac.uk/pride/data/archive/2026/01/PXD062642/JH14_NHMC_SCX_r1_f03.raw	3	1	NT=Orbitrap Fusion Lumos;AC=MS:1002732	NT=Carbamidomethyl;TA=C;MT=fixed;AC=UNIMOD:4	NT=Acetyl; MT=Variable; PP=Protein N-term; AC=UNIMOD:1	NT=Oxidation;MT=Variable;TA=M;AC=UNIMOD:35	"NT=Phospho;MT=Variable;TA=S,T,Y;AC=UNIMOD:21"	AC=MS:1001251;NT=Trypsin	AC=MS:1002038;NT=label free sample	10 ppm	20 ppm	1
PXD062642-Sample-15	Homo sapiens	Others	Mesangial cells	Mesangial cells	not applicable	not available	not available	normal	JH14_NHMC_SCX_r1_f04	not available	1	not applicable	PXD062642	JH14_NHMC_SCX_r1_f04.raw	Mesangial cells	ftp://ftp.pride.ebi.ac.uk/pride/data/archive/2026/01/PXD062642/JH14_NHMC_SCX_r1_f04.raw	4	1	NT=Orbitrap Fusion Lumos;AC=MS:1002732	NT=Carbamidomethyl;TA=C;MT=fixed;AC=UNIMOD:4	NT=Acetyl; MT=Variable; PP=Protein N-term; AC=UNIMOD:1	NT=Oxidation;MT=Variable;TA=M;AC=UNIMOD:35	"NT=Phospho;MT=Variable;TA=S,T,Y;AC=UNIMOD:21"	AC=MS:1001251;NT=Trypsin	AC=MS:1002038;NT=label free sample	10 ppm	20 ppm	1
PXD062642-Sample-15	Homo sapiens	Others	Mesangial cells	Mesangial cells	not applicable	not available	not available	normal	JH14_NHMC_SCX_r1_f05	not available	1	not applicable	PXD062642	JH14_NHMC_SCX_r1_f05.raw	Mesangial cells	ftp://ftp.pride.ebi.ac.uk/pride/data/archive/2026/01/PXD062642/JH14_NHMC_SCX_r1_f05.raw	5	1	NT=Orbitrap Fusion Lumos;AC=MS:1002732	NT=Carbamidomethyl;TA=C;MT=fixed;AC=UNIMOD:4	NT=Acetyl; MT=Variable; PP=Protein N-term; AC=UNIMOD:1	NT=Oxidation;MT=Variable;TA=M;AC=UNIMOD:35	"NT=Phospho;MT=Variable;TA=S,T,Y;AC=UNIMOD:21"	AC=MS:1001251;NT=Trypsin	AC=MS:1002038;NT=label free sample	10 ppm	20 ppm	1
PXD062642-Sample-15	Homo sapiens	Others	Mesangial cells	Mesangial cells	not applicable	not available	not available	normal	JH14_NHMC_SCX_r1_f06	not available	1	not applicable	PXD062642	JH14_NHMC_SCX_r1_f06.raw	Mesangial cells	ftp://ftp.pride.ebi.ac.uk/pride/data/archive/2026/01/PXD062642/JH14_NHMC_SCX_r1_f06.raw	6	1	NT=Orbitrap Fusion Lumos;AC=MS:1002732	NT=Carbamidomethyl;TA=C;MT=fixed;AC=UNIMOD:4	NT=Acetyl; MT=Variable; PP=Protein N-term; AC=UNIMOD:1	NT=Oxidation;MT=Variable;TA=M;AC=UNIMOD:35	"NT=Phospho;MT=Variable;TA=S,T,Y;AC=UNIMOD:21"	AC=MS:1001251;NT=Trypsin	AC=MS:1002038;NT=label free sample	10 ppm	20 ppm	1
PXD062642-Sample-15	Homo sapiens	Others	Mesangial cells	Mesangial cells	not applicable	not available	not available	normal	JH14_NHMC_SCX_r2_f01	not available	1	not applicable	PXD062642	JH14_NHMC_SCX_r2_f01.raw	Mesangial cells	ftp://ftp.pride.ebi.ac.uk/pride/data/archive/2026/01/PXD062642/JH14_NHMC_SCX_r2_f01.raw	1	2	NT=Orbitrap Fusion Lumos;AC=MS:1002732	NT=Carbamidomethyl;TA=C;MT=fixed;AC=UNIMOD:4	NT=Acetyl; MT=Variable; PP=Protein N-term; AC=UNIMOD:1	NT=Oxidation;MT=Variable;TA=M;AC=UNIMOD:35	"NT=Phospho;MT=Variable;TA=S,T,Y;AC=UNIMOD:21"	AC=MS:1001251;NT=Trypsin	AC=MS:1002038;NT=label free sample	10 ppm	20 ppm	1
PXD062642-Sample-15	Homo sapiens	Others	Mesangial cells	Mesangial cells	not applicable	not available	not available	normal	JH14_NHMC_SCX_r2_f02	not available	1	not applicable	PXD062642	JH14_NHMC_SCX_r2_f02.raw	Mesangial cells	ftp://ftp.pride.ebi.ac.uk/pride/data/archive/2026/01/PXD062642/JH14_NHMC_SCX_r2_f02.raw	2	2	NT=Orbitrap Fusion Lumos;AC=MS:1002732	NT=Carbamidomethyl;TA=C;MT=fixed;AC=UNIMOD:4	NT=Acetyl; MT=Variable; PP=Protein N-term; AC=UNIMOD:1	NT=Oxidation;MT=Variable;TA=M;AC=UNIMOD:35	"NT=Phospho;MT=Variable;TA=S,T,Y;AC=UNIMOD:21"	AC=MS:1001251;NT=Trypsin	AC=MS:1002038;NT=label free sample	10 ppm	20 ppm	1
PXD062642-Sample-15	Homo sapiens	Others	Mesangial cells	Mesangial cells	not applicable	not available	not available	normal	JH14_NHMC_SCX_r2_f03	not available	1	not applicable	PXD062642	JH14_NHMC_SCX_r2_f03.raw	Mesangial cells	ftp://ftp.pride.ebi.ac.uk/pride/data/archive/2026/01/PXD062642/JH14_NHMC_SCX_r2_f03.raw	3	2	NT=Orbitrap Fusion Lumos;AC=MS:1002732	NT=Carbamidomethyl;TA=C;MT=fixed;AC=UNIMOD:4	NT=Acetyl; MT=Variable; PP=Protein N-term; AC=UNIMOD:1	NT=Oxidation;MT=Variable;TA=M;AC=UNIMOD:35	"NT=Phospho;MT=Variable;TA=S,T,Y;AC=UNIMOD:21"	AC=MS:1001251;NT=Trypsin	AC=MS:1002038;NT=label free sample	10 ppm	20 ppm	1
PXD062642-Sample-15	Homo sapiens	Others	Mesangial cells	Mesangial cells	not applicable	not available	not available	normal	JH14_NHMC_SCX_r2_f04	not available	1	not applicable	PXD062642	JH14_NHMC_SCX_r2_f04.raw	Mesangial cells	ftp://ftp.pride.ebi.ac.uk/pride/data/archive/2026/01/PXD062642/JH14_NHMC_SCX_r2_f04.raw	4	2	NT=Orbitrap Fusion Lumos;AC=MS:1002732	NT=Carbamidomethyl;TA=C;MT=fixed;AC=UNIMOD:4	NT=Acetyl; MT=Variable; PP=Protein N-term; AC=UNIMOD:1	NT=Oxidation;MT=Variable;TA=M;AC=UNIMOD:35	"NT=Phospho;MT=Variable;TA=S,T,Y;AC=UNIMOD:21"	AC=MS:1001251;NT=Trypsin	AC=MS:1002038;NT=label free sample	10 ppm	20 ppm	1
PXD062642-Sample-15	Homo sapiens	Others	Mesangial cells	Mesangial cells	not applicable	not available	not available	normal	JH14_NHMC_SCX_r2_f05	not available	1	not applicable	PXD062642	JH14_NHMC_SCX_r2_f05.raw	Mesangial cells	ftp://ftp.pride.ebi.ac.uk/pride/data/archive/2026/01/PXD062642/JH14_NHMC_SCX_r2_f05.raw	5	2	NT=Orbitrap Fusion Lumos;AC=MS:1002732	NT=Carbamidomethyl;TA=C;MT=fixed;AC=UNIMOD:4	NT=Acetyl; MT=Variable; PP=Protein N-term; AC=UNIMOD:1	NT=Oxidation;MT=Variable;TA=M;AC=UNIMOD:35	"NT=Phospho;MT=Variable;TA=S,T,Y;AC=UNIMOD:21"	AC=MS:1001251;NT=Trypsin	AC=MS:1002038;NT=label free sample	10 ppm	20 ppm	1
PXD062642-Sample-15	Homo sapiens	Others	Mesangial cells	Mesangial cells	not applicable	not available	not available	normal	JH14_NHMC_SCX_r2_f06	not available	1	not applicable	PXD062642	JH14_NHMC_SCX_r2_f06.raw	Mesangial cells	ftp://ftp.pride.ebi.ac.uk/pride/data/archive/2026/01/PXD062642/JH14_NHMC_SCX_r2_f06.raw	6	2	NT=Orbitrap Fusion Lumos;AC=MS:1002732	NT=Carbamidomethyl;TA=C;MT=fixed;AC=UNIMOD:4	NT=Acetyl; MT=Variable; PP=Protein N-term; AC=UNIMOD:1	NT=Oxidation;MT=Variable;TA=M;AC=UNIMOD:35	"NT=Phospho;MT=Variable;TA=S,T,Y;AC=UNIMOD:21"	AC=MS:1001251;NT=Trypsin	AC=MS:1002038;NT=label free sample	10 ppm	20 ppm	1
PXD062642-Sample-15	Homo sapiens	Others	Mesangial cells	Mesangial cells	not applicable	not available	not available	normal	JH14_NHMC_SCX_r3_f01	not available	1	not applicable	PXD062642	JH14_NHMC_SCX_r3_f01.raw	Mesangial cells	ftp://ftp.pride.ebi.ac.uk/pride/data/archive/2026/01/PXD062642/JH14_NHMC_SCX_r3_f01.raw	1	3	NT=Orbitrap Fusion Lumos;AC=MS:1002732	NT=Carbamidomethyl;TA=C;MT=fixed;AC=UNIMOD:4	NT=Acetyl; MT=Variable; PP=Protein N-term; AC=UNIMOD:1	NT=Oxidation;MT=Variable;TA=M;AC=UNIMOD:35	"NT=Phospho;MT=Variable;TA=S,T,Y;AC=UNIMOD:21"	AC=MS:1001251;NT=Trypsin	AC=MS:1002038;NT=label free sample	10 ppm	20 ppm	1
PXD062642-Sample-15	Homo sapiens	Others	Mesangial cells	Mesangial cells	not applicable	not available	not available	normal	JH14_NHMC_SCX_r3_f02	not available	1	not applicable	PXD062642	JH14_NHMC_SCX_r3_f02.raw	Mesangial cells	ftp://ftp.pride.ebi.ac.uk/pride/data/archive/2026/01/PXD062642/JH14_NHMC_SCX_r3_f02.raw	2	3	NT=Orbitrap Fusion Lumos;AC=MS:1002732	NT=Carbamidomethyl;TA=C;MT=fixed;AC=UNIMOD:4	NT=Acetyl; MT=Variable; PP=Protein N-term; AC=UNIMOD:1	NT=Oxidation;MT=Variable;TA=M;AC=UNIMOD:35	"NT=Phospho;MT=Variable;TA=S,T,Y;AC=UNIMOD:21"	AC=MS:1001251;NT=Trypsin	AC=MS:1002038;NT=label free sample	10 ppm	20 ppm	1
PXD062642-Sample-15	Homo sapiens	Others	Mesangial cells	Mesangial cells	not applicable	not available	not available	normal	JH14_NHMC_SCX_r3_f03	not available	1	not applicable	PXD062642	JH14_NHMC_SCX_r3_f03.raw	Mesangial cells	ftp://ftp.pride.ebi.ac.uk/pride/data/archive/2026/01/PXD062642/JH14_NHMC_SCX_r3_f03.raw	3	3	NT=Orbitrap Fusion Lumos;AC=MS:1002732	NT=Carbamidomethyl;TA=C;MT=fixed;AC=UNIMOD:4	NT=Acetyl; MT=Variable; PP=Protein N-term; AC=UNIMOD:1	NT=Oxidation;MT=Variable;TA=M;AC=UNIMOD:35	"NT=Phospho;MT=Variable;TA=S,T,Y;AC=UNIMOD:21"	AC=MS:1001251;NT=Trypsin	AC=MS:1002038;NT=label free sample	10 ppm	20 ppm	1
PXD062642-Sample-15	Homo sapiens	Others	Mesangial cells	Mesangial cells	not applicable	not available	not available	normal	JH14_NHMC_SCX_r3_f04	not available	1	not applicable	PXD062642	JH14_NHMC_SCX_r3_f04.raw	Mesangial cells	ftp://ftp.pride.ebi.ac.uk/pride/data/archive/2026/01/PXD062642/JH14_NHMC_SCX_r3_f04.raw	4	3	NT=Orbitrap Fusion Lumos;AC=MS:1002732	NT=Carbamidomethyl;TA=C;MT=fixed;AC=UNIMOD:4	NT=Acetyl; MT=Variable; PP=Protein N-term; AC=UNIMOD:1	NT=Oxidation;MT=Variable;TA=M;AC=UNIMOD:35	"NT=Phospho;MT=Variable;TA=S,T,Y;AC=UNIMOD:21"	AC=MS:1001251;NT=Trypsin	AC=MS:1002038;NT=label free sample	10 ppm	20 ppm	1
PXD062642-Sample-15	Homo sapiens	Others	Mesangial cells	Mesangial cells	not applicable	not available	not available	normal	JH14_NHMC_SCX_r3_f05	not available	1	not applicable	PXD062642	JH14_NHMC_SCX_r3_f05.raw	Mesangial cells	ftp://ftp.pride.ebi.ac.uk/pride/data/archive/2026/01/PXD062642/JH14_NHMC_SCX_r3_f05.raw	5	3	NT=Orbitrap Fusion Lumos;AC=MS:1002732	NT=Carbamidomethyl;TA=C;MT=fixed;AC=UNIMOD:4	NT=Acetyl; MT=Variable; PP=Protein N-term; AC=UNIMOD:1	NT=Oxidation;MT=Variable;TA=M;AC=UNIMOD:35	"NT=Phospho;MT=Variable;TA=S,T,Y;AC=UNIMOD:21"	AC=MS:1001251;NT=Trypsin	AC=MS:1002038;NT=label free sample	10 ppm	20 ppm	1
PXD062642-Sample-15	Homo sapiens	Others	Mesangial cells	Mesangial cells	not applicable	not available	not available	normal	JH14_NHMC_SCX_r3_f06	not available	1	not applicable	PXD062642	JH14_NHMC_SCX_r3_f06.raw	Mesangial cells	ftp://ftp.pride.ebi.ac.uk/pride/data/archive/2026/01/PXD062642/JH14_NHMC_SCX_r3_f06.raw	6	3	NT=Orbitrap Fusion Lumos;AC=MS:1002732	NT=Carbamidomethyl;TA=C;MT=fixed;AC=UNIMOD:4	NT=Acetyl; MT=Variable; PP=Protein N-term; AC=UNIMOD:1	NT=Oxidation;MT=Variable;TA=M;AC=UNIMOD:35	"NT=Phospho;MT=Variable;TA=S,T,Y;AC=UNIMOD:21"	AC=MS:1001251;NT=Trypsin	AC=MS:1002038;NT=label free sample	10 ppm	20 ppm	1
PXD062642-Sample-16	Homo sapiens	Others	Osteoblast cells	Osteoblast cells	not applicable	not available	not available	normal	JH15_NHOST_SCX_r1_f01	not available	1	not applicable	PXD062642	JH15_NHOST_SCX_r1_f01.raw	Osteoblast cells	ftp://ftp.pride.ebi.ac.uk/pride/data/archive/2026/01/PXD062642/JH15_NHOST_SCX_r1_f01.raw	1	1	NT=Orbitrap Fusion Lumos;AC=MS:1002732	NT=Carbamidomethyl;TA=C;MT=fixed;AC=UNIMOD:4	NT=Acetyl; MT=Variable; PP=Protein N-term; AC=UNIMOD:1	NT=Oxidation;MT=Variable;TA=M;AC=UNIMOD:35	"NT=Phospho;MT=Variable;TA=S,T,Y;AC=UNIMOD:21"	AC=MS:1001251;NT=Trypsin	AC=MS:1002038;NT=label free sample	10 ppm	20 ppm	1
PXD062642-Sample-16	Homo sapiens	Others	Osteoblast cells	Osteoblast cells	not applicable	not available	not available	normal	JH15_NHOST_SCX_r1_f02	not available	1	not applicable	PXD062642	JH15_NHOST_SCX_r1_f02.raw	Osteoblast cells	ftp://ftp.pride.ebi.ac.uk/pride/data/archive/2026/01/PXD062642/JH15_NHOST_SCX_r1_f02.raw	2	1	NT=Orbitrap Fusion Lumos;AC=MS:1002732	NT=Carbamidomethyl;TA=C;MT=fixed;AC=UNIMOD:4	NT=Acetyl; MT=Variable; PP=Protein N-term; AC=UNIMOD:1	NT=Oxidation;MT=Variable;TA=M;AC=UNIMOD:35	"NT=Phospho;MT=Variable;TA=S,T,Y;AC=UNIMOD:21"	AC=MS:1001251;NT=Trypsin	AC=MS:1002038;NT=label free sample	10 ppm	20 ppm	1
PXD062642-Sample-16	Homo sapiens	Others	Osteoblast cells	Osteoblast cells	not applicable	not available	not available	normal	JH15_NHOST_SCX_r1_f03	not available	1	not applicable	PXD062642	JH15_NHOST_SCX_r1_f03.raw	Osteoblast cells	ftp://ftp.pride.ebi.ac.uk/pride/data/archive/2026/01/PXD062642/JH15_NHOST_SCX_r1_f03.raw	3	1	NT=Orbitrap Fusion Lumos;AC=MS:1002732	NT=Carbamidomethyl;TA=C;MT=fixed;AC=UNIMOD:4	NT=Acetyl; MT=Variable; PP=Protein N-term; AC=UNIMOD:1	NT=Oxidation;MT=Variable;TA=M;AC=UNIMOD:35	"NT=Phospho;MT=Variable;TA=S,T,Y;AC=UNIMOD:21"	AC=MS:1001251;NT=Trypsin	AC=MS:1002038;NT=label free sample	10 ppm	20 ppm	1
PXD062642-Sample-16	Homo sapiens	Others	Osteoblast cells	Osteoblast cells	not applicable	not available	not available	normal	JH15_NHOST_SCX_r1_f04	not available	1	not applicable	PXD062642	JH15_NHOST_SCX_r1_f04.raw	Osteoblast cells	ftp://ftp.pride.ebi.ac.uk/pride/data/archive/2026/01/PXD062642/JH15_NHOST_SCX_r1_f04.raw	4	1	NT=Orbitrap Fusion Lumos;AC=MS:1002732	NT=Carbamidomethyl;TA=C;MT=fixed;AC=UNIMOD:4	NT=Acetyl; MT=Variable; PP=Protein N-term; AC=UNIMOD:1	NT=Oxidation;MT=Variable;TA=M;AC=UNIMOD:35	"NT=Phospho;MT=Variable;TA=S,T,Y;AC=UNIMOD:21"	AC=MS:1001251;NT=Trypsin	AC=MS:1002038;NT=label free sample	10 ppm	20 ppm	1
PXD062642-Sample-16	Homo sapiens	Others	Osteoblast cells	Osteoblast cells	not applicable	not available	not available	normal	JH15_NHOST_SCX_r1_f05	not available	1	not applicable	PXD062642	JH15_NHOST_SCX_r1_f05.raw	Osteoblast cells	ftp://ftp.pride.ebi.ac.uk/pride/data/archive/2026/01/PXD062642/JH15_NHOST_SCX_r1_f05.raw	5	1	NT=Orbitrap Fusion Lumos;AC=MS:1002732	NT=Carbamidomethyl;TA=C;MT=fixed;AC=UNIMOD:4	NT=Acetyl; MT=Variable; PP=Protein N-term; AC=UNIMOD:1	NT=Oxidation;MT=Variable;TA=M;AC=UNIMOD:35	"NT=Phospho;MT=Variable;TA=S,T,Y;AC=UNIMOD:21"	AC=MS:1001251;NT=Trypsin	AC=MS:1002038;NT=label free sample	10 ppm	20 ppm	1
PXD062642-Sample-16	Homo sapiens	Others	Osteoblast cells	Osteoblast cells	not applicable	not available	not available	normal	JH15_NHOST_SCX_r1_f06	not available	1	not applicable	PXD062642	JH15_NHOST_SCX_r1_f06.raw	Osteoblast cells	ftp://ftp.pride.ebi.ac.uk/pride/data/archive/2026/01/PXD062642/JH15_NHOST_SCX_r1_f06.raw	6	1	NT=Orbitrap Fusion Lumos;AC=MS:1002732	NT=Carbamidomethyl;TA=C;MT=fixed;AC=UNIMOD:4	NT=Acetyl; MT=Variable; PP=Protein N-term; AC=UNIMOD:1	NT=Oxidation;MT=Variable;TA=M;AC=UNIMOD:35	"NT=Phospho;MT=Variable;TA=S,T,Y;AC=UNIMOD:21"	AC=MS:1001251;NT=Trypsin	AC=MS:1002038;NT=label free sample	10 ppm	20 ppm	1
PXD062642-Sample-16	Homo sapiens	Others	Osteoblast cells	Osteoblast cells	not applicable	not available	not available	normal	JH15_NHOST_SCX_r2_f01	not available	1	not applicable	PXD062642	JH15_NHOST_SCX_r2_f01.raw	Osteoblast cells	ftp://ftp.pride.ebi.ac.uk/pride/data/archive/2026/01/PXD062642/JH15_NHOST_SCX_r2_f01.raw	1	2	NT=Orbitrap Fusion Lumos;AC=MS:1002732	NT=Carbamidomethyl;TA=C;MT=fixed;AC=UNIMOD:4	NT=Acetyl; MT=Variable; PP=Protein N-term; AC=UNIMOD:1	NT=Oxidation;MT=Variable;TA=M;AC=UNIMOD:35	"NT=Phospho;MT=Variable;TA=S,T,Y;AC=UNIMOD:21"	AC=MS:1001251;NT=Trypsin	AC=MS:1002038;NT=label free sample	10 ppm	20 ppm	1
PXD062642-Sample-16	Homo sapiens	Others	Osteoblast cells	Osteoblast cells	not applicable	not available	not available	normal	JH15_NHOST_SCX_r2_f02	not available	1	not applicable	PXD062642	JH15_NHOST_SCX_r2_f02.raw	Osteoblast cells	ftp://ftp.pride.ebi.ac.uk/pride/data/archive/2026/01/PXD062642/JH15_NHOST_SCX_r2_f02.raw	2	2	NT=Orbitrap Fusion Lumos;AC=MS:1002732	NT=Carbamidomethyl;TA=C;MT=fixed;AC=UNIMOD:4	NT=Acetyl; MT=Variable; PP=Protein N-term; AC=UNIMOD:1	NT=Oxidation;MT=Variable;TA=M;AC=UNIMOD:35	"NT=Phospho;MT=Variable;TA=S,T,Y;AC=UNIMOD:21"	AC=MS:1001251;NT=Trypsin	AC=MS:1002038;NT=label free sample	10 ppm	20 ppm	1
PXD062642-Sample-16	Homo sapiens	Others	Osteoblast cells	Osteoblast cells	not applicable	not available	not available	normal	JH15_NHOST_SCX_r2_f03	not available	1	not applicable	PXD062642	JH15_NHOST_SCX_r2_f03.raw	Osteoblast cells	ftp://ftp.pride.ebi.ac.uk/pride/data/archive/2026/01/PXD062642/JH15_NHOST_SCX_r2_f03.raw	3	2	NT=Orbitrap Fusion Lumos;AC=MS:1002732	NT=Carbamidomethyl;TA=C;MT=fixed;AC=UNIMOD:4	NT=Acetyl; MT=Variable; PP=Protein N-term; AC=UNIMOD:1	NT=Oxidation;MT=Variable;TA=M;AC=UNIMOD:35	"NT=Phospho;MT=Variable;TA=S,T,Y;AC=UNIMOD:21"	AC=MS:1001251;NT=Trypsin	AC=MS:1002038;NT=label free sample	10 ppm	20 ppm	1
PXD062642-Sample-16	Homo sapiens	Others	Osteoblast cells	Osteoblast cells	not applicable	not available	not available	normal	JH15_NHOST_SCX_r2_f04	not available	1	not applicable	PXD062642	JH15_NHOST_SCX_r2_f04.raw	Osteoblast cells	ftp://ftp.pride.ebi.ac.uk/pride/data/archive/2026/01/PXD062642/JH15_NHOST_SCX_r2_f04.raw	4	2	NT=Orbitrap Fusion Lumos;AC=MS:1002732	NT=Carbamidomethyl;TA=C;MT=fixed;AC=UNIMOD:4	NT=Acetyl; MT=Variable; PP=Protein N-term; AC=UNIMOD:1	NT=Oxidation;MT=Variable;TA=M;AC=UNIMOD:35	"NT=Phospho;MT=Variable;TA=S,T,Y;AC=UNIMOD:21"	AC=MS:1001251;NT=Trypsin	AC=MS:1002038;NT=label free sample	10 ppm	20 ppm	1
PXD062642-Sample-16	Homo sapiens	Others	Osteoblast cells	Osteoblast cells	not applicable	not available	not available	normal	JH15_NHOST_SCX_r2_f05	not available	1	not applicable	PXD062642	JH15_NHOST_SCX_r2_f05.raw	Osteoblast cells	ftp://ftp.pride.ebi.ac.uk/pride/data/archive/2026/01/PXD062642/JH15_NHOST_SCX_r2_f05.raw	5	2	NT=Orbitrap Fusion Lumos;AC=MS:1002732	NT=Carbamidomethyl;TA=C;MT=fixed;AC=UNIMOD:4	NT=Acetyl; MT=Variable; PP=Protein N-term; AC=UNIMOD:1	NT=Oxidation;MT=Variable;TA=M;AC=UNIMOD:35	"NT=Phospho;MT=Variable;TA=S,T,Y;AC=UNIMOD:21"	AC=MS:1001251;NT=Trypsin	AC=MS:1002038;NT=label free sample	10 ppm	20 ppm	1
PXD062642-Sample-16	Homo sapiens	Others	Osteoblast cells	Osteoblast cells	not applicable	not available	not available	normal	JH15_NHOST_SCX_r2_f06	not available	1	not applicable	PXD062642	JH15_NHOST_SCX_r2_f06.raw	Osteoblast cells	ftp://ftp.pride.ebi.ac.uk/pride/data/archive/2026/01/PXD062642/JH15_NHOST_SCX_r2_f06.raw	6	2	NT=Orbitrap Fusion Lumos;AC=MS:1002732	NT=Carbamidomethyl;TA=C;MT=fixed;AC=UNIMOD:4	NT=Acetyl; MT=Variable; PP=Protein N-term; AC=UNIMOD:1	NT=Oxidation;MT=Variable;TA=M;AC=UNIMOD:35	"NT=Phospho;MT=Variable;TA=S,T,Y;AC=UNIMOD:21"	AC=MS:1001251;NT=Trypsin	AC=MS:1002038;NT=label free sample	10 ppm	20 ppm	1
PXD062642-Sample-16	Homo sapiens	Others	Osteoblast cells	Osteoblast cells	not applicable	not available	not available	normal	JH15_NHOST_SCX_r3_f01	not available	1	not applicable	PXD062642	JH15_NHOST_SCX_r3_f01.raw	Osteoblast cells	ftp://ftp.pride.ebi.ac.uk/pride/data/archive/2026/01/PXD062642/JH15_NHOST_SCX_r3_f01.raw	1	3	NT=Orbitrap Fusion Lumos;AC=MS:1002732	NT=Carbamidomethyl;TA=C;MT=fixed;AC=UNIMOD:4	NT=Acetyl; MT=Variable; PP=Protein N-term; AC=UNIMOD:1	NT=Oxidation;MT=Variable;TA=M;AC=UNIMOD:35	"NT=Phospho;MT=Variable;TA=S,T,Y;AC=UNIMOD:21"	AC=MS:1001251;NT=Trypsin	AC=MS:1002038;NT=label free sample	10 ppm	20 ppm	1
PXD062642-Sample-16	Homo sapiens	Others	Osteoblast cells	Osteoblast cells	not applicable	not available	not available	normal	JH15_NHOST_SCX_r3_f02	not available	1	not applicable	PXD062642	JH15_NHOST_SCX_r3_f02.raw	Osteoblast cells	ftp://ftp.pride.ebi.ac.uk/pride/data/archive/2026/01/PXD062642/JH15_NHOST_SCX_r3_f02.raw	2	3	NT=Orbitrap Fusion Lumos;AC=MS:1002732	NT=Carbamidomethyl;TA=C;MT=fixed;AC=UNIMOD:4	NT=Acetyl; MT=Variable; PP=Protein N-term; AC=UNIMOD:1	NT=Oxidation;MT=Variable;TA=M;AC=UNIMOD:35	"NT=Phospho;MT=Variable;TA=S,T,Y;AC=UNIMOD:21"	AC=MS:1001251;NT=Trypsin	AC=MS:1002038;NT=label free sample	10 ppm	20 ppm	1
PXD062642-Sample-16	Homo sapiens	Others	Osteoblast cells	Osteoblast cells	not applicable	not available	not available	normal	JH15_NHOST_SCX_r3_f03	not available	1	not applicable	PXD062642	JH15_NHOST_SCX_r3_f03.raw	Osteoblast cells	ftp://ftp.pride.ebi.ac.uk/pride/data/archive/2026/01/PXD062642/JH15_NHOST_SCX_r3_f03.raw	3	3	NT=Orbitrap Fusion Lumos;AC=MS:1002732	NT=Carbamidomethyl;TA=C;MT=fixed;AC=UNIMOD:4	NT=Acetyl; MT=Variable; PP=Protein N-term; AC=UNIMOD:1	NT=Oxidation;MT=Variable;TA=M;AC=UNIMOD:35	"NT=Phospho;MT=Variable;TA=S,T,Y;AC=UNIMOD:21"	AC=MS:1001251;NT=Trypsin	AC=MS:1002038;NT=label free sample	10 ppm	20 ppm	1
PXD062642-Sample-16	Homo sapiens	Others	Osteoblast cells	Osteoblast cells	not applicable	not available	not available	normal	JH15_NHOST_SCX_r3_f04	not available	1	not applicable	PXD062642	JH15_NHOST_SCX_r3_f04.raw	Osteoblast cells	ftp://ftp.pride.ebi.ac.uk/pride/data/archive/2026/01/PXD062642/JH15_NHOST_SCX_r3_f04.raw	4	3	NT=Orbitrap Fusion Lumos;AC=MS:1002732	NT=Carbamidomethyl;TA=C;MT=fixed;AC=UNIMOD:4	NT=Acetyl; MT=Variable; PP=Protein N-term; AC=UNIMOD:1	NT=Oxidation;MT=Variable;TA=M;AC=UNIMOD:35	"NT=Phospho;MT=Variable;TA=S,T,Y;AC=UNIMOD:21"	AC=MS:1001251;NT=Trypsin	AC=MS:1002038;NT=label free sample	10 ppm	20 ppm	1
PXD062642-Sample-16	Homo sapiens	Others	Osteoblast cells	Osteoblast cells	not applicable	not available	not available	normal	JH15_NHOST_SCX_r3_f05	not available	1	not applicable	PXD062642	JH15_NHOST_SCX_r3_f05.raw	Osteoblast cells	ftp://ftp.pride.ebi.ac.uk/pride/data/archive/2026/01/PXD062642/JH15_NHOST_SCX_r3_f05.raw	5	3	NT=Orbitrap Fusion Lumos;AC=MS:1002732	NT=Carbamidomethyl;TA=C;MT=fixed;AC=UNIMOD:4	NT=Acetyl; MT=Variable; PP=Protein N-term; AC=UNIMOD:1	NT=Oxidation;MT=Variable;TA=M;AC=UNIMOD:35	"NT=Phospho;MT=Variable;TA=S,T,Y;AC=UNIMOD:21"	AC=MS:1001251;NT=Trypsin	AC=MS:1002038;NT=label free sample	10 ppm	20 ppm	1
PXD062642-Sample-16	Homo sapiens	Others	Osteoblast cells	Osteoblast cells	not applicable	not available	not available	normal	JH15_NHOST_SCX_r3_f06	not available	1	not applicable	PXD062642	JH15_NHOST_SCX_r3_f06.raw	Osteoblast cells	ftp://ftp.pride.ebi.ac.uk/pride/data/archive/2026/01/PXD062642/JH15_NHOST_SCX_r3_f06.raw	6	3	NT=Orbitrap Fusion Lumos;AC=MS:1002732	NT=Carbamidomethyl;TA=C;MT=fixed;AC=UNIMOD:4	NT=Acetyl; MT=Variable; PP=Protein N-term; AC=UNIMOD:1	NT=Oxidation;MT=Variable;TA=M;AC=UNIMOD:35	"NT=Phospho;MT=Variable;TA=S,T,Y;AC=UNIMOD:21"	AC=MS:1001251;NT=Trypsin	AC=MS:1002038;NT=label free sample	10 ppm	20 ppm	1
PXD062642-Sample-17	Homo sapiens	Epithelial	Renal cortical epithelial cells	Renal cortical epithelial cells	not applicable	not available	not available	normal	JH17_HRCE_SCX_r1_f01	not available	1	not applicable	PXD062642	JH17_HRCE_SCX_r1_f01.raw	Renal cortical epithelial cells	ftp://ftp.pride.ebi.ac.uk/pride/data/archive/2026/01/PXD062642/JH17_HRCE_SCX_r1_f01.raw	1	1	NT=Orbitrap Fusion Lumos;AC=MS:1002732	NT=Carbamidomethyl;TA=C;MT=fixed;AC=UNIMOD:4	NT=Acetyl; MT=Variable; PP=Protein N-term; AC=UNIMOD:1	NT=Oxidation;MT=Variable;TA=M;AC=UNIMOD:35	"NT=Phospho;MT=Variable;TA=S,T,Y;AC=UNIMOD:21"	AC=MS:1001251;NT=Trypsin	AC=MS:1002038;NT=label free sample	10 ppm	20 ppm	1
PXD062642-Sample-17	Homo sapiens	Epithelial	Renal cortical epithelial cells	Renal cortical epithelial cells	not applicable	not available	not available	normal	JH17_HRCE_SCX_r1_f02	not available	1	not applicable	PXD062642	JH17_HRCE_SCX_r1_f02.raw	Renal cortical epithelial cells	ftp://ftp.pride.ebi.ac.uk/pride/data/archive/2026/01/PXD062642/JH17_HRCE_SCX_r1_f02.raw	2	1	NT=Orbitrap Fusion Lumos;AC=MS:1002732	NT=Carbamidomethyl;TA=C;MT=fixed;AC=UNIMOD:4	NT=Acetyl; MT=Variable; PP=Protein N-term; AC=UNIMOD:1	NT=Oxidation;MT=Variable;TA=M;AC=UNIMOD:35	"NT=Phospho;MT=Variable;TA=S,T,Y;AC=UNIMOD:21"	AC=MS:1001251;NT=Trypsin	AC=MS:1002038;NT=label free sample	10 ppm	20 ppm	1
PXD062642-Sample-17	Homo sapiens	Epithelial	Renal cortical epithelial cells	Renal cortical epithelial cells	not applicable	not available	not available	normal	JH17_HRCE_SCX_r1_f03	not available	1	not applicable	PXD062642	JH17_HRCE_SCX_r1_f03.raw	Renal cortical epithelial cells	ftp://ftp.pride.ebi.ac.uk/pride/data/archive/2026/01/PXD062642/JH17_HRCE_SCX_r1_f03.raw	3	1	NT=Orbitrap Fusion Lumos;AC=MS:1002732	NT=Carbamidomethyl;TA=C;MT=fixed;AC=UNIMOD:4	NT=Acetyl; MT=Variable; PP=Protein N-term; AC=UNIMOD:1	NT=Oxidation;MT=Variable;TA=M;AC=UNIMOD:35	"NT=Phospho;MT=Variable;TA=S,T,Y;AC=UNIMOD:21"	AC=MS:1001251;NT=Trypsin	AC=MS:1002038;NT=label free sample	10 ppm	20 ppm	1
PXD062642-Sample-17	Homo sapiens	Epithelial	Renal cortical epithelial cells	Renal cortical epithelial cells	not applicable	not available	not available	normal	JH17_HRCE_SCX_r1_f04	not available	1	not applicable	PXD062642	JH17_HRCE_SCX_r1_f04.raw	Renal cortical epithelial cells	ftp://ftp.pride.ebi.ac.uk/pride/data/archive/2026/01/PXD062642/JH17_HRCE_SCX_r1_f04.raw	4	1	NT=Orbitrap Fusion Lumos;AC=MS:1002732	NT=Carbamidomethyl;TA=C;MT=fixed;AC=UNIMOD:4	NT=Acetyl; MT=Variable; PP=Protein N-term; AC=UNIMOD:1	NT=Oxidation;MT=Variable;TA=M;AC=UNIMOD:35	"NT=Phospho;MT=Variable;TA=S,T,Y;AC=UNIMOD:21"	AC=MS:1001251;NT=Trypsin	AC=MS:1002038;NT=label free sample	10 ppm	20 ppm	1
PXD062642-Sample-17	Homo sapiens	Epithelial	Renal cortical epithelial cells	Renal cortical epithelial cells	not applicable	not available	not available	normal	JH17_HRCE_SCX_r1_f05	not available	1	not applicable	PXD062642	JH17_HRCE_SCX_r1_f05.raw	Renal cortical epithelial cells	ftp://ftp.pride.ebi.ac.uk/pride/data/archive/2026/01/PXD062642/JH17_HRCE_SCX_r1_f05.raw	5	1	NT=Orbitrap Fusion Lumos;AC=MS:1002732	NT=Carbamidomethyl;TA=C;MT=fixed;AC=UNIMOD:4	NT=Acetyl; MT=Variable; PP=Protein N-term; AC=UNIMOD:1	NT=Oxidation;MT=Variable;TA=M;AC=UNIMOD:35	"NT=Phospho;MT=Variable;TA=S,T,Y;AC=UNIMOD:21"	AC=MS:1001251;NT=Trypsin	AC=MS:1002038;NT=label free sample	10 ppm	20 ppm	1
PXD062642-Sample-17	Homo sapiens	Epithelial	Renal cortical epithelial cells	Renal cortical epithelial cells	not applicable	not available	not available	normal	JH17_HRCE_SCX_r1_f06	not available	1	not applicable	PXD062642	JH17_HRCE_SCX_r1_f06.raw	Renal cortical epithelial cells	ftp://ftp.pride.ebi.ac.uk/pride/data/archive/2026/01/PXD062642/JH17_HRCE_SCX_r1_f06.raw	6	1	NT=Orbitrap Fusion Lumos;AC=MS:1002732	NT=Carbamidomethyl;TA=C;MT=fixed;AC=UNIMOD:4	NT=Acetyl; MT=Variable; PP=Protein N-term; AC=UNIMOD:1	NT=Oxidation;MT=Variable;TA=M;AC=UNIMOD:35	"NT=Phospho;MT=Variable;TA=S,T,Y;AC=UNIMOD:21"	AC=MS:1001251;NT=Trypsin	AC=MS:1002038;NT=label free sample	10 ppm	20 ppm	1
PXD062642-Sample-17	Homo sapiens	Epithelial	Renal cortical epithelial cells	Renal cortical epithelial cells	not applicable	not available	not available	normal	JH17_HRCE_SCX_r2_f01	not available	1	not applicable	PXD062642	JH17_HRCE_SCX_r2_f01.raw	Renal cortical epithelial cells	ftp://ftp.pride.ebi.ac.uk/pride/data/archive/2026/01/PXD062642/JH17_HRCE_SCX_r2_f01.raw	1	2	NT=Orbitrap Fusion Lumos;AC=MS:1002732	NT=Carbamidomethyl;TA=C;MT=fixed;AC=UNIMOD:4	NT=Acetyl; MT=Variable; PP=Protein N-term; AC=UNIMOD:1	NT=Oxidation;MT=Variable;TA=M;AC=UNIMOD:35	"NT=Phospho;MT=Variable;TA=S,T,Y;AC=UNIMOD:21"	AC=MS:1001251;NT=Trypsin	AC=MS:1002038;NT=label free sample	10 ppm	20 ppm	1
PXD062642-Sample-17	Homo sapiens	Epithelial	Renal cortical epithelial cells	Renal cortical epithelial cells	not applicable	not available	not available	normal	JH17_HRCE_SCX_r2_f02	not available	1	not applicable	PXD062642	JH17_HRCE_SCX_r2_f02.raw	Renal cortical epithelial cells	ftp://ftp.pride.ebi.ac.uk/pride/data/archive/2026/01/PXD062642/JH17_HRCE_SCX_r2_f02.raw	2	2	NT=Orbitrap Fusion Lumos;AC=MS:1002732	NT=Carbamidomethyl;TA=C;MT=fixed;AC=UNIMOD:4	NT=Acetyl; MT=Variable; PP=Protein N-term; AC=UNIMOD:1	NT=Oxidation;MT=Variable;TA=M;AC=UNIMOD:35	"NT=Phospho;MT=Variable;TA=S,T,Y;AC=UNIMOD:21"	AC=MS:1001251;NT=Trypsin	AC=MS:1002038;NT=label free sample	10 ppm	20 ppm	1
PXD062642-Sample-17	Homo sapiens	Epithelial	Renal cortical epithelial cells	Renal cortical epithelial cells	not applicable	not available	not available	normal	JH17_HRCE_SCX_r2_f03	not available	1	not applicable	PXD062642	JH17_HRCE_SCX_r2_f03.raw	Renal cortical epithelial cells	ftp://ftp.pride.ebi.ac.uk/pride/data/archive/2026/01/PXD062642/JH17_HRCE_SCX_r2_f03.raw	3	2	NT=Orbitrap Fusion Lumos;AC=MS:1002732	NT=Carbamidomethyl;TA=C;MT=fixed;AC=UNIMOD:4	NT=Acetyl; MT=Variable; PP=Protein N-term; AC=UNIMOD:1	NT=Oxidation;MT=Variable;TA=M;AC=UNIMOD:35	"NT=Phospho;MT=Variable;TA=S,T,Y;AC=UNIMOD:21"	AC=MS:1001251;NT=Trypsin	AC=MS:1002038;NT=label free sample	10 ppm	20 ppm	1
PXD062642-Sample-17	Homo sapiens	Epithelial	Renal cortical epithelial cells	Renal cortical epithelial cells	not applicable	not available	not available	normal	JH17_HRCE_SCX_r2_f04	not available	1	not applicable	PXD062642	JH17_HRCE_SCX_r2_f04.raw	Renal cortical epithelial cells	ftp://ftp.pride.ebi.ac.uk/pride/data/archive/2026/01/PXD062642/JH17_HRCE_SCX_r2_f04.raw	4	2	NT=Orbitrap Fusion Lumos;AC=MS:1002732	NT=Carbamidomethyl;TA=C;MT=fixed;AC=UNIMOD:4	NT=Acetyl; MT=Variable; PP=Protein N-term; AC=UNIMOD:1	NT=Oxidation;MT=Variable;TA=M;AC=UNIMOD:35	"NT=Phospho;MT=Variable;TA=S,T,Y;AC=UNIMOD:21"	AC=MS:1001251;NT=Trypsin	AC=MS:1002038;NT=label free sample	10 ppm	20 ppm	1
PXD062642-Sample-17	Homo sapiens	Epithelial	Renal cortical epithelial cells	Renal cortical epithelial cells	not applicable	not available	not available	normal	JH17_HRCE_SCX_r2_f05	not available	1	not applicable	PXD062642	JH17_HRCE_SCX_r2_f05.raw	Renal cortical epithelial cells	ftp://ftp.pride.ebi.ac.uk/pride/data/archive/2026/01/PXD062642/JH17_HRCE_SCX_r2_f05.raw	5	2	NT=Orbitrap Fusion Lumos;AC=MS:1002732	NT=Carbamidomethyl;TA=C;MT=fixed;AC=UNIMOD:4	NT=Acetyl; MT=Variable; PP=Protein N-term; AC=UNIMOD:1	NT=Oxidation;MT=Variable;TA=M;AC=UNIMOD:35	"NT=Phospho;MT=Variable;TA=S,T,Y;AC=UNIMOD:21"	AC=MS:1001251;NT=Trypsin	AC=MS:1002038;NT=label free sample	10 ppm	20 ppm	1
PXD062642-Sample-17	Homo sapiens	Epithelial	Renal cortical epithelial cells	Renal cortical epithelial cells	not applicable	not available	not available	normal	JH17_HRCE_SCX_r2_f06	not available	1	not applicable	PXD062642	JH17_HRCE_SCX_r2_f06.raw	Renal cortical epithelial cells	ftp://ftp.pride.ebi.ac.uk/pride/data/archive/2026/01/PXD062642/JH17_HRCE_SCX_r2_f06.raw	6	2	NT=Orbitrap Fusion Lumos;AC=MS:1002732	NT=Carbamidomethyl;TA=C;MT=fixed;AC=UNIMOD:4	NT=Acetyl; MT=Variable; PP=Protein N-term; AC=UNIMOD:1	NT=Oxidation;MT=Variable;TA=M;AC=UNIMOD:35	"NT=Phospho;MT=Variable;TA=S,T,Y;AC=UNIMOD:21"	AC=MS:1001251;NT=Trypsin	AC=MS:1002038;NT=label free sample	10 ppm	20 ppm	1
PXD062642-Sample-17	Homo sapiens	Epithelial	Renal cortical epithelial cells	Renal cortical epithelial cells	not applicable	not available	not available	normal	JH17_HRCE_SCX_r3_f01	not available	1	not applicable	PXD062642	JH17_HRCE_SCX_r3_f01.raw	Renal cortical epithelial cells	ftp://ftp.pride.ebi.ac.uk/pride/data/archive/2026/01/PXD062642/JH17_HRCE_SCX_r3_f01.raw	1	3	NT=Orbitrap Fusion Lumos;AC=MS:1002732	NT=Carbamidomethyl;TA=C;MT=fixed;AC=UNIMOD:4	NT=Acetyl; MT=Variable; PP=Protein N-term; AC=UNIMOD:1	NT=Oxidation;MT=Variable;TA=M;AC=UNIMOD:35	"NT=Phospho;MT=Variable;TA=S,T,Y;AC=UNIMOD:21"	AC=MS:1001251;NT=Trypsin	AC=MS:1002038;NT=label free sample	10 ppm	20 ppm	1
PXD062642-Sample-17	Homo sapiens	Epithelial	Renal cortical epithelial cells	Renal cortical epithelial cells	not applicable	not available	not available	normal	JH17_HRCE_SCX_r3_f02	not available	1	not applicable	PXD062642	JH17_HRCE_SCX_r3_f02.raw	Renal cortical epithelial cells	ftp://ftp.pride.ebi.ac.uk/pride/data/archive/2026/01/PXD062642/JH17_HRCE_SCX_r3_f02.raw	2	3	NT=Orbitrap Fusion Lumos;AC=MS:1002732	NT=Carbamidomethyl;TA=C;MT=fixed;AC=UNIMOD:4	NT=Acetyl; MT=Variable; PP=Protein N-term; AC=UNIMOD:1	NT=Oxidation;MT=Variable;TA=M;AC=UNIMOD:35	"NT=Phospho;MT=Variable;TA=S,T,Y;AC=UNIMOD:21"	AC=MS:1001251;NT=Trypsin	AC=MS:1002038;NT=label free sample	10 ppm	20 ppm	1
PXD062642-Sample-17	Homo sapiens	Epithelial	Renal cortical epithelial cells	Renal cortical epithelial cells	not applicable	not available	not available	normal	JH17_HRCE_SCX_r3_f03	not available	1	not applicable	PXD062642	JH17_HRCE_SCX_r3_f03.raw	Renal cortical epithelial cells	ftp://ftp.pride.ebi.ac.uk/pride/data/archive/2026/01/PXD062642/JH17_HRCE_SCX_r3_f03.raw	3	3	NT=Orbitrap Fusion Lumos;AC=MS:1002732	NT=Carbamidomethyl;TA=C;MT=fixed;AC=UNIMOD:4	NT=Acetyl; MT=Variable; PP=Protein N-term; AC=UNIMOD:1	NT=Oxidation;MT=Variable;TA=M;AC=UNIMOD:35	"NT=Phospho;MT=Variable;TA=S,T,Y;AC=UNIMOD:21"	AC=MS:1001251;NT=Trypsin	AC=MS:1002038;NT=label free sample	10 ppm	20 ppm	1
PXD062642-Sample-17	Homo sapiens	Epithelial	Renal cortical epithelial cells	Renal cortical epithelial cells	not applicable	not available	not available	normal	JH17_HRCE_SCX_r3_f04	not available	1	not applicable	PXD062642	JH17_HRCE_SCX_r3_f04.raw	Renal cortical epithelial cells	ftp://ftp.pride.ebi.ac.uk/pride/data/archive/2026/01/PXD062642/JH17_HRCE_SCX_r3_f04.raw	4	3	NT=Orbitrap Fusion Lumos;AC=MS:1002732	NT=Carbamidomethyl;TA=C;MT=fixed;AC=UNIMOD:4	NT=Acetyl; MT=Variable; PP=Protein N-term; AC=UNIMOD:1	NT=Oxidation;MT=Variable;TA=M;AC=UNIMOD:35	"NT=Phospho;MT=Variable;TA=S,T,Y;AC=UNIMOD:21"	AC=MS:1001251;NT=Trypsin	AC=MS:1002038;NT=label free sample	10 ppm	20 ppm	1
PXD062642-Sample-17	Homo sapiens	Epithelial	Renal cortical epithelial cells	Renal cortical epithelial cells	not applicable	not available	not available	normal	JH17_HRCE_SCX_r3_f05	not available	1	not applicable	PXD062642	JH17_HRCE_SCX_r3_f05.raw	Renal cortical epithelial cells	ftp://ftp.pride.ebi.ac.uk/pride/data/archive/2026/01/PXD062642/JH17_HRCE_SCX_r3_f05.raw	5	3	NT=Orbitrap Fusion Lumos;AC=MS:1002732	NT=Carbamidomethyl;TA=C;MT=fixed;AC=UNIMOD:4	NT=Acetyl; MT=Variable; PP=Protein N-term; AC=UNIMOD:1	NT=Oxidation;MT=Variable;TA=M;AC=UNIMOD:35	"NT=Phospho;MT=Variable;TA=S,T,Y;AC=UNIMOD:21"	AC=MS:1001251;NT=Trypsin	AC=MS:1002038;NT=label free sample	10 ppm	20 ppm	1
PXD062642-Sample-17	Homo sapiens	Epithelial	Renal cortical epithelial cells	Renal cortical epithelial cells	not applicable	not available	not available	normal	JH17_HRCE_SCX_r3_f06	not available	1	not applicable	PXD062642	JH17_HRCE_SCX_r3_f06.raw	Renal cortical epithelial cells	ftp://ftp.pride.ebi.ac.uk/pride/data/archive/2026/01/PXD062642/JH17_HRCE_SCX_r3_f06.raw	6	3	NT=Orbitrap Fusion Lumos;AC=MS:1002732	NT=Carbamidomethyl;TA=C;MT=fixed;AC=UNIMOD:4	NT=Acetyl; MT=Variable; PP=Protein N-term; AC=UNIMOD:1	NT=Oxidation;MT=Variable;TA=M;AC=UNIMOD:35	"NT=Phospho;MT=Variable;TA=S,T,Y;AC=UNIMOD:21"	AC=MS:1001251;NT=Trypsin	AC=MS:1002038;NT=label free sample	10 ppm	20 ppm	1
PXD062642-Sample-18	Homo sapiens	Epithelial	Renal epithelial cells	Renal epithelial cells	not applicable	not available	not available	normal	JH18_HRE_SCX_r1_f01	not available	1	not applicable	PXD062642	JH18_HRE_SCX_r1_f01.raw	Renal epithelial cells	ftp://ftp.pride.ebi.ac.uk/pride/data/archive/2026/01/PXD062642/JH18_HRE_SCX_r1_f01.raw	1	1	NT=Orbitrap Fusion Lumos;AC=MS:1002732	NT=Carbamidomethyl;TA=C;MT=fixed;AC=UNIMOD:4	NT=Acetyl; MT=Variable; PP=Protein N-term; AC=UNIMOD:1	NT=Oxidation;MT=Variable;TA=M;AC=UNIMOD:35	"NT=Phospho;MT=Variable;TA=S,T,Y;AC=UNIMOD:21"	AC=MS:1001251;NT=Trypsin	AC=MS:1002038;NT=label free sample	10 ppm	20 ppm	1
PXD062642-Sample-18	Homo sapiens	Epithelial	Renal epithelial cells	Renal epithelial cells	not applicable	not available	not available	normal	JH18_HRE_SCX_r1_f02	not available	1	not applicable	PXD062642	JH18_HRE_SCX_r1_f02.raw	Renal epithelial cells	ftp://ftp.pride.ebi.ac.uk/pride/data/archive/2026/01/PXD062642/JH18_HRE_SCX_r1_f02.raw	2	1	NT=Orbitrap Fusion Lumos;AC=MS:1002732	NT=Carbamidomethyl;TA=C;MT=fixed;AC=UNIMOD:4	NT=Acetyl; MT=Variable; PP=Protein N-term; AC=UNIMOD:1	NT=Oxidation;MT=Variable;TA=M;AC=UNIMOD:35	"NT=Phospho;MT=Variable;TA=S,T,Y;AC=UNIMOD:21"	AC=MS:1001251;NT=Trypsin	AC=MS:1002038;NT=label free sample	10 ppm	20 ppm	1
PXD062642-Sample-18	Homo sapiens	Epithelial	Renal epithelial cells	Renal epithelial cells	not applicable	not available	not available	normal	JH18_HRE_SCX_r1_f03	not available	1	not applicable	PXD062642	JH18_HRE_SCX_r1_f03.raw	Renal epithelial cells	ftp://ftp.pride.ebi.ac.uk/pride/data/archive/2026/01/PXD062642/JH18_HRE_SCX_r1_f03.raw	3	1	NT=Orbitrap Fusion Lumos;AC=MS:1002732	NT=Carbamidomethyl;TA=C;MT=fixed;AC=UNIMOD:4	NT=Acetyl; MT=Variable; PP=Protein N-term; AC=UNIMOD:1	NT=Oxidation;MT=Variable;TA=M;AC=UNIMOD:35	"NT=Phospho;MT=Variable;TA=S,T,Y;AC=UNIMOD:21"	AC=MS:1001251;NT=Trypsin	AC=MS:1002038;NT=label free sample	10 ppm	20 ppm	1
PXD062642-Sample-18	Homo sapiens	Epithelial	Renal epithelial cells	Renal epithelial cells	not applicable	not available	not available	normal	JH18_HRE_SCX_r1_f04	not available	1	not applicable	PXD062642	JH18_HRE_SCX_r1_f04.raw	Renal epithelial cells	ftp://ftp.pride.ebi.ac.uk/pride/data/archive/2026/01/PXD062642/JH18_HRE_SCX_r1_f04.raw	4	1	NT=Orbitrap Fusion Lumos;AC=MS:1002732	NT=Carbamidomethyl;TA=C;MT=fixed;AC=UNIMOD:4	NT=Acetyl; MT=Variable; PP=Protein N-term; AC=UNIMOD:1	NT=Oxidation;MT=Variable;TA=M;AC=UNIMOD:35	"NT=Phospho;MT=Variable;TA=S,T,Y;AC=UNIMOD:21"	AC=MS:1001251;NT=Trypsin	AC=MS:1002038;NT=label free sample	10 ppm	20 ppm	1
PXD062642-Sample-18	Homo sapiens	Epithelial	Renal epithelial cells	Renal epithelial cells	not applicable	not available	not available	normal	JH18_HRE_SCX_r1_f05	not available	1	not applicable	PXD062642	JH18_HRE_SCX_r1_f05.raw	Renal epithelial cells	ftp://ftp.pride.ebi.ac.uk/pride/data/archive/2026/01/PXD062642/JH18_HRE_SCX_r1_f05.raw	5	1	NT=Orbitrap Fusion Lumos;AC=MS:1002732	NT=Carbamidomethyl;TA=C;MT=fixed;AC=UNIMOD:4	NT=Acetyl; MT=Variable; PP=Protein N-term; AC=UNIMOD:1	NT=Oxidation;MT=Variable;TA=M;AC=UNIMOD:35	"NT=Phospho;MT=Variable;TA=S,T,Y;AC=UNIMOD:21"	AC=MS:1001251;NT=Trypsin	AC=MS:1002038;NT=label free sample	10 ppm	20 ppm	1
PXD062642-Sample-18	Homo sapiens	Epithelial	Renal epithelial cells	Renal epithelial cells	not applicable	not available	not available	normal	JH18_HRE_SCX_r1_f06	not available	1	not applicable	PXD062642	JH18_HRE_SCX_r1_f06.raw	Renal epithelial cells	ftp://ftp.pride.ebi.ac.uk/pride/data/archive/2026/01/PXD062642/JH18_HRE_SCX_r1_f06.raw	6	1	NT=Orbitrap Fusion Lumos;AC=MS:1002732	NT=Carbamidomethyl;TA=C;MT=fixed;AC=UNIMOD:4	NT=Acetyl; MT=Variable; PP=Protein N-term; AC=UNIMOD:1	NT=Oxidation;MT=Variable;TA=M;AC=UNIMOD:35	"NT=Phospho;MT=Variable;TA=S,T,Y;AC=UNIMOD:21"	AC=MS:1001251;NT=Trypsin	AC=MS:1002038;NT=label free sample	10 ppm	20 ppm	1
PXD062642-Sample-18	Homo sapiens	Epithelial	Renal epithelial cells	Renal epithelial cells	not applicable	not available	not available	normal	JH18_HRE_SCX_r2_f01	not available	1	not applicable	PXD062642	JH18_HRE_SCX_r2_f01.raw	Renal epithelial cells	ftp://ftp.pride.ebi.ac.uk/pride/data/archive/2026/01/PXD062642/JH18_HRE_SCX_r2_f01.raw	1	2	NT=Orbitrap Fusion Lumos;AC=MS:1002732	NT=Carbamidomethyl;TA=C;MT=fixed;AC=UNIMOD:4	NT=Acetyl; MT=Variable; PP=Protein N-term; AC=UNIMOD:1	NT=Oxidation;MT=Variable;TA=M;AC=UNIMOD:35	"NT=Phospho;MT=Variable;TA=S,T,Y;AC=UNIMOD:21"	AC=MS:1001251;NT=Trypsin	AC=MS:1002038;NT=label free sample	10 ppm	20 ppm	1
PXD062642-Sample-18	Homo sapiens	Epithelial	Renal epithelial cells	Renal epithelial cells	not applicable	not available	not available	normal	JH18_HRE_SCX_r2_f02	not available	1	not applicable	PXD062642	JH18_HRE_SCX_r2_f02.raw	Renal epithelial cells	ftp://ftp.pride.ebi.ac.uk/pride/data/archive/2026/01/PXD062642/JH18_HRE_SCX_r2_f02.raw	2	2	NT=Orbitrap Fusion Lumos;AC=MS:1002732	NT=Carbamidomethyl;TA=C;MT=fixed;AC=UNIMOD:4	NT=Acetyl; MT=Variable; PP=Protein N-term; AC=UNIMOD:1	NT=Oxidation;MT=Variable;TA=M;AC=UNIMOD:35	"NT=Phospho;MT=Variable;TA=S,T,Y;AC=UNIMOD:21"	AC=MS:1001251;NT=Trypsin	AC=MS:1002038;NT=label free sample	10 ppm	20 ppm	1
PXD062642-Sample-18	Homo sapiens	Epithelial	Renal epithelial cells	Renal epithelial cells	not applicable	not available	not available	normal	JH18_HRE_SCX_r2_f03	not available	1	not applicable	PXD062642	JH18_HRE_SCX_r2_f03.raw	Renal epithelial cells	ftp://ftp.pride.ebi.ac.uk/pride/data/archive/2026/01/PXD062642/JH18_HRE_SCX_r2_f03.raw	3	2	NT=Orbitrap Fusion Lumos;AC=MS:1002732	NT=Carbamidomethyl;TA=C;MT=fixed;AC=UNIMOD:4	NT=Acetyl; MT=Variable; PP=Protein N-term; AC=UNIMOD:1	NT=Oxidation;MT=Variable;TA=M;AC=UNIMOD:35	"NT=Phospho;MT=Variable;TA=S,T,Y;AC=UNIMOD:21"	AC=MS:1001251;NT=Trypsin	AC=MS:1002038;NT=label free sample	10 ppm	20 ppm	1
PXD062642-Sample-18	Homo sapiens	Epithelial	Renal epithelial cells	Renal epithelial cells	not applicable	not available	not available	normal	JH18_HRE_SCX_r2_f04	not available	1	not applicable	PXD062642	JH18_HRE_SCX_r2_f04.raw	Renal epithelial cells	ftp://ftp.pride.ebi.ac.uk/pride/data/archive/2026/01/PXD062642/JH18_HRE_SCX_r2_f04.raw	4	2	NT=Orbitrap Fusion Lumos;AC=MS:1002732	NT=Carbamidomethyl;TA=C;MT=fixed;AC=UNIMOD:4	NT=Acetyl; MT=Variable; PP=Protein N-term; AC=UNIMOD:1	NT=Oxidation;MT=Variable;TA=M;AC=UNIMOD:35	"NT=Phospho;MT=Variable;TA=S,T,Y;AC=UNIMOD:21"	AC=MS:1001251;NT=Trypsin	AC=MS:1002038;NT=label free sample	10 ppm	20 ppm	1
PXD062642-Sample-18	Homo sapiens	Epithelial	Renal epithelial cells	Renal epithelial cells	not applicable	not available	not available	normal	JH18_HRE_SCX_r2_f05	not available	1	not applicable	PXD062642	JH18_HRE_SCX_r2_f05.raw	Renal epithelial cells	ftp://ftp.pride.ebi.ac.uk/pride/data/archive/2026/01/PXD062642/JH18_HRE_SCX_r2_f05.raw	5	2	NT=Orbitrap Fusion Lumos;AC=MS:1002732	NT=Carbamidomethyl;TA=C;MT=fixed;AC=UNIMOD:4	NT=Acetyl; MT=Variable; PP=Protein N-term; AC=UNIMOD:1	NT=Oxidation;MT=Variable;TA=M;AC=UNIMOD:35	"NT=Phospho;MT=Variable;TA=S,T,Y;AC=UNIMOD:21"	AC=MS:1001251;NT=Trypsin	AC=MS:1002038;NT=label free sample	10 ppm	20 ppm	1
PXD062642-Sample-18	Homo sapiens	Epithelial	Renal epithelial cells	Renal epithelial cells	not applicable	not available	not available	normal	JH18_HRE_SCX_r2_f06	not available	1	not applicable	PXD062642	JH18_HRE_SCX_r2_f06.raw	Renal epithelial cells	ftp://ftp.pride.ebi.ac.uk/pride/data/archive/2026/01/PXD062642/JH18_HRE_SCX_r2_f06.raw	6	2	NT=Orbitrap Fusion Lumos;AC=MS:1002732	NT=Carbamidomethyl;TA=C;MT=fixed;AC=UNIMOD:4	NT=Acetyl; MT=Variable; PP=Protein N-term; AC=UNIMOD:1	NT=Oxidation;MT=Variable;TA=M;AC=UNIMOD:35	"NT=Phospho;MT=Variable;TA=S,T,Y;AC=UNIMOD:21"	AC=MS:1001251;NT=Trypsin	AC=MS:1002038;NT=label free sample	10 ppm	20 ppm	1
PXD062642-Sample-18	Homo sapiens	Epithelial	Renal epithelial cells	Renal epithelial cells	not applicable	not available	not available	normal	JH18_HRE_SCX_r3_f01	not available	1	not applicable	PXD062642	JH18_HRE_SCX_r3_f01.raw	Renal epithelial cells	ftp://ftp.pride.ebi.ac.uk/pride/data/archive/2026/01/PXD062642/JH18_HRE_SCX_r3_f01.raw	1	3	NT=Orbitrap Fusion Lumos;AC=MS:1002732	NT=Carbamidomethyl;TA=C;MT=fixed;AC=UNIMOD:4	NT=Acetyl; MT=Variable; PP=Protein N-term; AC=UNIMOD:1	NT=Oxidation;MT=Variable;TA=M;AC=UNIMOD:35	"NT=Phospho;MT=Variable;TA=S,T,Y;AC=UNIMOD:21"	AC=MS:1001251;NT=Trypsin	AC=MS:1002038;NT=label free sample	10 ppm	20 ppm	1
PXD062642-Sample-18	Homo sapiens	Epithelial	Renal epithelial cells	Renal epithelial cells	not applicable	not available	not available	normal	JH18_HRE_SCX_r3_f02	not available	1	not applicable	PXD062642	JH18_HRE_SCX_r3_f02.raw	Renal epithelial cells	ftp://ftp.pride.ebi.ac.uk/pride/data/archive/2026/01/PXD062642/JH18_HRE_SCX_r3_f02.raw	2	3	NT=Orbitrap Fusion Lumos;AC=MS:1002732	NT=Carbamidomethyl;TA=C;MT=fixed;AC=UNIMOD:4	NT=Acetyl; MT=Variable; PP=Protein N-term; AC=UNIMOD:1	NT=Oxidation;MT=Variable;TA=M;AC=UNIMOD:35	"NT=Phospho;MT=Variable;TA=S,T,Y;AC=UNIMOD:21"	AC=MS:1001251;NT=Trypsin	AC=MS:1002038;NT=label free sample	10 ppm	20 ppm	1
PXD062642-Sample-18	Homo sapiens	Epithelial	Renal epithelial cells	Renal epithelial cells	not applicable	not available	not available	normal	JH18_HRE_SCX_r3_f03	not available	1	not applicable	PXD062642	JH18_HRE_SCX_r3_f03.raw	Renal epithelial cells	ftp://ftp.pride.ebi.ac.uk/pride/data/archive/2026/01/PXD062642/JH18_HRE_SCX_r3_f03.raw	3	3	NT=Orbitrap Fusion Lumos;AC=MS:1002732	NT=Carbamidomethyl;TA=C;MT=fixed;AC=UNIMOD:4	NT=Acetyl; MT=Variable; PP=Protein N-term; AC=UNIMOD:1	NT=Oxidation;MT=Variable;TA=M;AC=UNIMOD:35	"NT=Phospho;MT=Variable;TA=S,T,Y;AC=UNIMOD:21"	AC=MS:1001251;NT=Trypsin	AC=MS:1002038;NT=label free sample	10 ppm	20 ppm	1
PXD062642-Sample-18	Homo sapiens	Epithelial	Renal epithelial cells	Renal epithelial cells	not applicable	not available	not available	normal	JH18_HRE_SCX_r3_f04	not available	1	not applicable	PXD062642	JH18_HRE_SCX_r3_f04.raw	Renal epithelial cells	ftp://ftp.pride.ebi.ac.uk/pride/data/archive/2026/01/PXD062642/JH18_HRE_SCX_r3_f04.raw	4	3	NT=Orbitrap Fusion Lumos;AC=MS:1002732	NT=Carbamidomethyl;TA=C;MT=fixed;AC=UNIMOD:4	NT=Acetyl; MT=Variable; PP=Protein N-term; AC=UNIMOD:1	NT=Oxidation;MT=Variable;TA=M;AC=UNIMOD:35	"NT=Phospho;MT=Variable;TA=S,T,Y;AC=UNIMOD:21"	AC=MS:1001251;NT=Trypsin	AC=MS:1002038;NT=label free sample	10 ppm	20 ppm	1
PXD062642-Sample-18	Homo sapiens	Epithelial	Renal epithelial cells	Renal epithelial cells	not applicable	not available	not available	normal	JH18_HRE_SCX_r3_f05	not available	1	not applicable	PXD062642	JH18_HRE_SCX_r3_f05.raw	Renal epithelial cells	ftp://ftp.pride.ebi.ac.uk/pride/data/archive/2026/01/PXD062642/JH18_HRE_SCX_r3_f05.raw	5	3	NT=Orbitrap Fusion Lumos;AC=MS:1002732	NT=Carbamidomethyl;TA=C;MT=fixed;AC=UNIMOD:4	NT=Acetyl; MT=Variable; PP=Protein N-term; AC=UNIMOD:1	NT=Oxidation;MT=Variable;TA=M;AC=UNIMOD:35	"NT=Phospho;MT=Variable;TA=S,T,Y;AC=UNIMOD:21"	AC=MS:1001251;NT=Trypsin	AC=MS:1002038;NT=label free sample	10 ppm	20 ppm	1
PXD062642-Sample-18	Homo sapiens	Epithelial	Renal epithelial cells	Renal epithelial cells	not applicable	not available	not available	normal	JH18_HRE_SCX_r3_f06	not available	1	not applicable	PXD062642	JH18_HRE_SCX_r3_f06.raw	Renal epithelial cells	ftp://ftp.pride.ebi.ac.uk/pride/data/archive/2026/01/PXD062642/JH18_HRE_SCX_r3_f06.raw	6	3	NT=Orbitrap Fusion Lumos;AC=MS:1002732	NT=Carbamidomethyl;TA=C;MT=fixed;AC=UNIMOD:4	NT=Acetyl; MT=Variable; PP=Protein N-term; AC=UNIMOD:1	NT=Oxidation;MT=Variable;TA=M;AC=UNIMOD:35	"NT=Phospho;MT=Variable;TA=S,T,Y;AC=UNIMOD:21"	AC=MS:1001251;NT=Trypsin	AC=MS:1002038;NT=label free sample	10 ppm	20 ppm	1
PXD062642-Sample-19	Homo sapiens	Epithelial	Renal proximal tubule epithelial cells	Renal proximal tubule epithelial cells	not applicable	not available	not available	normal	JH19_RPTEC_SCX_r1_f01	not available	1	not applicable	PXD062642	JH19_RPTEC_SCX_r1_f01.raw	Renal proximal tubule epithelial cells	ftp://ftp.pride.ebi.ac.uk/pride/data/archive/2026/01/PXD062642/JH19_RPTEC_SCX_r1_f01.raw	1	1	NT=Orbitrap Fusion Lumos;AC=MS:1002732	NT=Carbamidomethyl;TA=C;MT=fixed;AC=UNIMOD:4	NT=Acetyl; MT=Variable; PP=Protein N-term; AC=UNIMOD:1	NT=Oxidation;MT=Variable;TA=M;AC=UNIMOD:35	"NT=Phospho;MT=Variable;TA=S,T,Y;AC=UNIMOD:21"	AC=MS:1001251;NT=Trypsin	AC=MS:1002038;NT=label free sample	10 ppm	20 ppm	1
PXD062642-Sample-19	Homo sapiens	Epithelial	Renal proximal tubule epithelial cells	Renal proximal tubule epithelial cells	not applicable	not available	not available	normal	JH19_RPTEC_SCX_r1_f02	not available	1	not applicable	PXD062642	JH19_RPTEC_SCX_r1_f02.raw	Renal proximal tubule epithelial cells	ftp://ftp.pride.ebi.ac.uk/pride/data/archive/2026/01/PXD062642/JH19_RPTEC_SCX_r1_f02.raw	2	1	NT=Orbitrap Fusion Lumos;AC=MS:1002732	NT=Carbamidomethyl;TA=C;MT=fixed;AC=UNIMOD:4	NT=Acetyl; MT=Variable; PP=Protein N-term; AC=UNIMOD:1	NT=Oxidation;MT=Variable;TA=M;AC=UNIMOD:35	"NT=Phospho;MT=Variable;TA=S,T,Y;AC=UNIMOD:21"	AC=MS:1001251;NT=Trypsin	AC=MS:1002038;NT=label free sample	10 ppm	20 ppm	1
PXD062642-Sample-19	Homo sapiens	Epithelial	Renal proximal tubule epithelial cells	Renal proximal tubule epithelial cells	not applicable	not available	not available	normal	JH19_RPTEC_SCX_r1_f03	not available	1	not applicable	PXD062642	JH19_RPTEC_SCX_r1_f03.raw	Renal proximal tubule epithelial cells	ftp://ftp.pride.ebi.ac.uk/pride/data/archive/2026/01/PXD062642/JH19_RPTEC_SCX_r1_f03.raw	3	1	NT=Orbitrap Fusion Lumos;AC=MS:1002732	NT=Carbamidomethyl;TA=C;MT=fixed;AC=UNIMOD:4	NT=Acetyl; MT=Variable; PP=Protein N-term; AC=UNIMOD:1	NT=Oxidation;MT=Variable;TA=M;AC=UNIMOD:35	"NT=Phospho;MT=Variable;TA=S,T,Y;AC=UNIMOD:21"	AC=MS:1001251;NT=Trypsin	AC=MS:1002038;NT=label free sample	10 ppm	20 ppm	1
PXD062642-Sample-19	Homo sapiens	Epithelial	Renal proximal tubule epithelial cells	Renal proximal tubule epithelial cells	not applicable	not available	not available	normal	JH19_RPTEC_SCX_r1_f04	not available	1	not applicable	PXD062642	JH19_RPTEC_SCX_r1_f04.raw	Renal proximal tubule epithelial cells	ftp://ftp.pride.ebi.ac.uk/pride/data/archive/2026/01/PXD062642/JH19_RPTEC_SCX_r1_f04.raw	4	1	NT=Orbitrap Fusion Lumos;AC=MS:1002732	NT=Carbamidomethyl;TA=C;MT=fixed;AC=UNIMOD:4	NT=Acetyl; MT=Variable; PP=Protein N-term; AC=UNIMOD:1	NT=Oxidation;MT=Variable;TA=M;AC=UNIMOD:35	"NT=Phospho;MT=Variable;TA=S,T,Y;AC=UNIMOD:21"	AC=MS:1001251;NT=Trypsin	AC=MS:1002038;NT=label free sample	10 ppm	20 ppm	1
PXD062642-Sample-19	Homo sapiens	Epithelial	Renal proximal tubule epithelial cells	Renal proximal tubule epithelial cells	not applicable	not available	not available	normal	JH19_RPTEC_SCX_r1_f05	not available	1	not applicable	PXD062642	JH19_RPTEC_SCX_r1_f05.raw	Renal proximal tubule epithelial cells	ftp://ftp.pride.ebi.ac.uk/pride/data/archive/2026/01/PXD062642/JH19_RPTEC_SCX_r1_f05.raw	5	1	NT=Orbitrap Fusion Lumos;AC=MS:1002732	NT=Carbamidomethyl;TA=C;MT=fixed;AC=UNIMOD:4	NT=Acetyl; MT=Variable; PP=Protein N-term; AC=UNIMOD:1	NT=Oxidation;MT=Variable;TA=M;AC=UNIMOD:35	"NT=Phospho;MT=Variable;TA=S,T,Y;AC=UNIMOD:21"	AC=MS:1001251;NT=Trypsin	AC=MS:1002038;NT=label free sample	10 ppm	20 ppm	1
PXD062642-Sample-19	Homo sapiens	Epithelial	Renal proximal tubule epithelial cells	Renal proximal tubule epithelial cells	not applicable	not available	not available	normal	JH19_RPTEC_SCX_r1_f06	not available	1	not applicable	PXD062642	JH19_RPTEC_SCX_r1_f06.raw	Renal proximal tubule epithelial cells	ftp://ftp.pride.ebi.ac.uk/pride/data/archive/2026/01/PXD062642/JH19_RPTEC_SCX_r1_f06.raw	6	1	NT=Orbitrap Fusion Lumos;AC=MS:1002732	NT=Carbamidomethyl;TA=C;MT=fixed;AC=UNIMOD:4	NT=Acetyl; MT=Variable; PP=Protein N-term; AC=UNIMOD:1	NT=Oxidation;MT=Variable;TA=M;AC=UNIMOD:35	"NT=Phospho;MT=Variable;TA=S,T,Y;AC=UNIMOD:21"	AC=MS:1001251;NT=Trypsin	AC=MS:1002038;NT=label free sample	10 ppm	20 ppm	1
PXD062642-Sample-19	Homo sapiens	Epithelial	Renal proximal tubule epithelial cells	Renal proximal tubule epithelial cells	not applicable	not available	not available	normal	JH19_RPTEC_SCX_r2_f01	not available	1	not applicable	PXD062642	JH19_RPTEC_SCX_r2_f01.raw	Renal proximal tubule epithelial cells	ftp://ftp.pride.ebi.ac.uk/pride/data/archive/2026/01/PXD062642/JH19_RPTEC_SCX_r2_f01.raw	1	2	NT=Orbitrap Fusion Lumos;AC=MS:1002732	NT=Carbamidomethyl;TA=C;MT=fixed;AC=UNIMOD:4	NT=Acetyl; MT=Variable; PP=Protein N-term; AC=UNIMOD:1	NT=Oxidation;MT=Variable;TA=M;AC=UNIMOD:35	"NT=Phospho;MT=Variable;TA=S,T,Y;AC=UNIMOD:21"	AC=MS:1001251;NT=Trypsin	AC=MS:1002038;NT=label free sample	10 ppm	20 ppm	1
PXD062642-Sample-19	Homo sapiens	Epithelial	Renal proximal tubule epithelial cells	Renal proximal tubule epithelial cells	not applicable	not available	not available	normal	JH19_RPTEC_SCX_r2_f02	not available	1	not applicable	PXD062642	JH19_RPTEC_SCX_r2_f02.raw	Renal proximal tubule epithelial cells	ftp://ftp.pride.ebi.ac.uk/pride/data/archive/2026/01/PXD062642/JH19_RPTEC_SCX_r2_f02.raw	2	2	NT=Orbitrap Fusion Lumos;AC=MS:1002732	NT=Carbamidomethyl;TA=C;MT=fixed;AC=UNIMOD:4	NT=Acetyl; MT=Variable; PP=Protein N-term; AC=UNIMOD:1	NT=Oxidation;MT=Variable;TA=M;AC=UNIMOD:35	"NT=Phospho;MT=Variable;TA=S,T,Y;AC=UNIMOD:21"	AC=MS:1001251;NT=Trypsin	AC=MS:1002038;NT=label free sample	10 ppm	20 ppm	1
PXD062642-Sample-19	Homo sapiens	Epithelial	Renal proximal tubule epithelial cells	Renal proximal tubule epithelial cells	not applicable	not available	not available	normal	JH19_RPTEC_SCX_r2_f03	not available	1	not applicable	PXD062642	JH19_RPTEC_SCX_r2_f03.raw	Renal proximal tubule epithelial cells	ftp://ftp.pride.ebi.ac.uk/pride/data/archive/2026/01/PXD062642/JH19_RPTEC_SCX_r2_f03.raw	3	2	NT=Orbitrap Fusion Lumos;AC=MS:1002732	NT=Carbamidomethyl;TA=C;MT=fixed;AC=UNIMOD:4	NT=Acetyl; MT=Variable; PP=Protein N-term; AC=UNIMOD:1	NT=Oxidation;MT=Variable;TA=M;AC=UNIMOD:35	"NT=Phospho;MT=Variable;TA=S,T,Y;AC=UNIMOD:21"	AC=MS:1001251;NT=Trypsin	AC=MS:1002038;NT=label free sample	10 ppm	20 ppm	1
PXD062642-Sample-19	Homo sapiens	Epithelial	Renal proximal tubule epithelial cells	Renal proximal tubule epithelial cells	not applicable	not available	not available	normal	JH19_RPTEC_SCX_r2_f04	not available	1	not applicable	PXD062642	JH19_RPTEC_SCX_r2_f04.raw	Renal proximal tubule epithelial cells	ftp://ftp.pride.ebi.ac.uk/pride/data/archive/2026/01/PXD062642/JH19_RPTEC_SCX_r2_f04.raw	4	2	NT=Orbitrap Fusion Lumos;AC=MS:1002732	NT=Carbamidomethyl;TA=C;MT=fixed;AC=UNIMOD:4	NT=Acetyl; MT=Variable; PP=Protein N-term; AC=UNIMOD:1	NT=Oxidation;MT=Variable;TA=M;AC=UNIMOD:35	"NT=Phospho;MT=Variable;TA=S,T,Y;AC=UNIMOD:21"	AC=MS:1001251;NT=Trypsin	AC=MS:1002038;NT=label free sample	10 ppm	20 ppm	1
PXD062642-Sample-19	Homo sapiens	Epithelial	Renal proximal tubule epithelial cells	Renal proximal tubule epithelial cells	not applicable	not available	not available	normal	JH19_RPTEC_SCX_r2_f05	not available	1	not applicable	PXD062642	JH19_RPTEC_SCX_r2_f05.raw	Renal proximal tubule epithelial cells	ftp://ftp.pride.ebi.ac.uk/pride/data/archive/2026/01/PXD062642/JH19_RPTEC_SCX_r2_f05.raw	5	2	NT=Orbitrap Fusion Lumos;AC=MS:1002732	NT=Carbamidomethyl;TA=C;MT=fixed;AC=UNIMOD:4	NT=Acetyl; MT=Variable; PP=Protein N-term; AC=UNIMOD:1	NT=Oxidation;MT=Variable;TA=M;AC=UNIMOD:35	"NT=Phospho;MT=Variable;TA=S,T,Y;AC=UNIMOD:21"	AC=MS:1001251;NT=Trypsin	AC=MS:1002038;NT=label free sample	10 ppm	20 ppm	1
PXD062642-Sample-19	Homo sapiens	Epithelial	Renal proximal tubule epithelial cells	Renal proximal tubule epithelial cells	not applicable	not available	not available	normal	JH19_RPTEC_SCX_r2_f06	not available	1	not applicable	PXD062642	JH19_RPTEC_SCX_r2_f06.raw	Renal proximal tubule epithelial cells	ftp://ftp.pride.ebi.ac.uk/pride/data/archive/2026/01/PXD062642/JH19_RPTEC_SCX_r2_f06.raw	6	2	NT=Orbitrap Fusion Lumos;AC=MS:1002732	NT=Carbamidomethyl;TA=C;MT=fixed;AC=UNIMOD:4	NT=Acetyl; MT=Variable; PP=Protein N-term; AC=UNIMOD:1	NT=Oxidation;MT=Variable;TA=M;AC=UNIMOD:35	"NT=Phospho;MT=Variable;TA=S,T,Y;AC=UNIMOD:21"	AC=MS:1001251;NT=Trypsin	AC=MS:1002038;NT=label free sample	10 ppm	20 ppm	1
PXD062642-Sample-19	Homo sapiens	Epithelial	Renal proximal tubule epithelial cells	Renal proximal tubule epithelial cells	not applicable	not available	not available	normal	JH19_RPTEC_SCX_r3_f01	not available	1	not applicable	PXD062642	JH19_RPTEC_SCX_r3_f01.raw	Renal proximal tubule epithelial cells	ftp://ftp.pride.ebi.ac.uk/pride/data/archive/2026/01/PXD062642/JH19_RPTEC_SCX_r3_f01.raw	1	3	NT=Orbitrap Fusion Lumos;AC=MS:1002732	NT=Carbamidomethyl;TA=C;MT=fixed;AC=UNIMOD:4	NT=Acetyl; MT=Variable; PP=Protein N-term; AC=UNIMOD:1	NT=Oxidation;MT=Variable;TA=M;AC=UNIMOD:35	"NT=Phospho;MT=Variable;TA=S,T,Y;AC=UNIMOD:21"	AC=MS:1001251;NT=Trypsin	AC=MS:1002038;NT=label free sample	10 ppm	20 ppm	1
PXD062642-Sample-19	Homo sapiens	Epithelial	Renal proximal tubule epithelial cells	Renal proximal tubule epithelial cells	not applicable	not available	not available	normal	JH19_RPTEC_SCX_r3_f02	not available	1	not applicable	PXD062642	JH19_RPTEC_SCX_r3_f02.raw	Renal proximal tubule epithelial cells	ftp://ftp.pride.ebi.ac.uk/pride/data/archive/2026/01/PXD062642/JH19_RPTEC_SCX_r3_f02.raw	2	3	NT=Orbitrap Fusion Lumos;AC=MS:1002732	NT=Carbamidomethyl;TA=C;MT=fixed;AC=UNIMOD:4	NT=Acetyl; MT=Variable; PP=Protein N-term; AC=UNIMOD:1	NT=Oxidation;MT=Variable;TA=M;AC=UNIMOD:35	"NT=Phospho;MT=Variable;TA=S,T,Y;AC=UNIMOD:21"	AC=MS:1001251;NT=Trypsin	AC=MS:1002038;NT=label free sample	10 ppm	20 ppm	1
PXD062642-Sample-19	Homo sapiens	Epithelial	Renal proximal tubule epithelial cells	Renal proximal tubule epithelial cells	not applicable	not available	not available	normal	JH19_RPTEC_SCX_r3_f03	not available	1	not applicable	PXD062642	JH19_RPTEC_SCX_r3_f03.raw	Renal proximal tubule epithelial cells	ftp://ftp.pride.ebi.ac.uk/pride/data/archive/2026/01/PXD062642/JH19_RPTEC_SCX_r3_f03.raw	3	3	NT=Orbitrap Fusion Lumos;AC=MS:1002732	NT=Carbamidomethyl;TA=C;MT=fixed;AC=UNIMOD:4	NT=Acetyl; MT=Variable; PP=Protein N-term; AC=UNIMOD:1	NT=Oxidation;MT=Variable;TA=M;AC=UNIMOD:35	"NT=Phospho;MT=Variable;TA=S,T,Y;AC=UNIMOD:21"	AC=MS:1001251;NT=Trypsin	AC=MS:1002038;NT=label free sample	10 ppm	20 ppm	1
PXD062642-Sample-19	Homo sapiens	Epithelial	Renal proximal tubule epithelial cells	Renal proximal tubule epithelial cells	not applicable	not available	not available	normal	JH19_RPTEC_SCX_r3_f04	not available	1	not applicable	PXD062642	JH19_RPTEC_SCX_r3_f04.raw	Renal proximal tubule epithelial cells	ftp://ftp.pride.ebi.ac.uk/pride/data/archive/2026/01/PXD062642/JH19_RPTEC_SCX_r3_f04.raw	4	3	NT=Orbitrap Fusion Lumos;AC=MS:1002732	NT=Carbamidomethyl;TA=C;MT=fixed;AC=UNIMOD:4	NT=Acetyl; MT=Variable; PP=Protein N-term; AC=UNIMOD:1	NT=Oxidation;MT=Variable;TA=M;AC=UNIMOD:35	"NT=Phospho;MT=Variable;TA=S,T,Y;AC=UNIMOD:21"	AC=MS:1001251;NT=Trypsin	AC=MS:1002038;NT=label free sample	10 ppm	20 ppm	1
PXD062642-Sample-19	Homo sapiens	Epithelial	Renal proximal tubule epithelial cells	Renal proximal tubule epithelial cells	not applicable	not available	not available	normal	JH19_RPTEC_SCX_r3_f05	not available	1	not applicable	PXD062642	JH19_RPTEC_SCX_r3_f05.raw	Renal proximal tubule epithelial cells	ftp://ftp.pride.ebi.ac.uk/pride/data/archive/2026/01/PXD062642/JH19_RPTEC_SCX_r3_f05.raw	5	3	NT=Orbitrap Fusion Lumos;AC=MS:1002732	NT=Carbamidomethyl;TA=C;MT=fixed;AC=UNIMOD:4	NT=Acetyl; MT=Variable; PP=Protein N-term; AC=UNIMOD:1	NT=Oxidation;MT=Variable;TA=M;AC=UNIMOD:35	"NT=Phospho;MT=Variable;TA=S,T,Y;AC=UNIMOD:21"	AC=MS:1001251;NT=Trypsin	AC=MS:1002038;NT=label free sample	10 ppm	20 ppm	1
PXD062642-Sample-19	Homo sapiens	Epithelial	Renal proximal tubule epithelial cells	Renal proximal tubule epithelial cells	not applicable	not available	not available	normal	JH19_RPTEC_SCX_r3_f06	not available	1	not applicable	PXD062642	JH19_RPTEC_SCX_r3_f06.raw	Renal proximal tubule epithelial cells	ftp://ftp.pride.ebi.ac.uk/pride/data/archive/2026/01/PXD062642/JH19_RPTEC_SCX_r3_f06.raw	6	3	NT=Orbitrap Fusion Lumos;AC=MS:1002732	NT=Carbamidomethyl;TA=C;MT=fixed;AC=UNIMOD:4	NT=Acetyl; MT=Variable; PP=Protein N-term; AC=UNIMOD:1	NT=Oxidation;MT=Variable;TA=M;AC=UNIMOD:35	"NT=Phospho;MT=Variable;TA=S,T,Y;AC=UNIMOD:21"	AC=MS:1001251;NT=Trypsin	AC=MS:1002038;NT=label free sample	10 ppm	20 ppm	1
PXD062642-Sample-20	Homo sapiens	Epithelial	Retinal pigment epithelial cells	Retinal pigment epithelial cells	not applicable	not available	not available	normal	JH20_HRPE_SCX_r1_f01	not available	1	not applicable	PXD062642	JH20_HRPE_SCX_r1_f01.raw	Retinal pigment epithelial cells	ftp://ftp.pride.ebi.ac.uk/pride/data/archive/2026/01/PXD062642/JH20_HRPE_SCX_r1_f01.raw	1	1	NT=Orbitrap Fusion Lumos;AC=MS:1002732	NT=Carbamidomethyl;TA=C;MT=fixed;AC=UNIMOD:4	NT=Acetyl; MT=Variable; PP=Protein N-term; AC=UNIMOD:1	NT=Oxidation;MT=Variable;TA=M;AC=UNIMOD:35	"NT=Phospho;MT=Variable;TA=S,T,Y;AC=UNIMOD:21"	AC=MS:1001251;NT=Trypsin	AC=MS:1002038;NT=label free sample	10 ppm	20 ppm	1
PXD062642-Sample-20	Homo sapiens	Epithelial	Retinal pigment epithelial cells	Retinal pigment epithelial cells	not applicable	not available	not available	normal	JH20_HRPE_SCX_r1_f02	not available	1	not applicable	PXD062642	JH20_HRPE_SCX_r1_f02.raw	Retinal pigment epithelial cells	ftp://ftp.pride.ebi.ac.uk/pride/data/archive/2026/01/PXD062642/JH20_HRPE_SCX_r1_f02.raw	2	1	NT=Orbitrap Fusion Lumos;AC=MS:1002732	NT=Carbamidomethyl;TA=C;MT=fixed;AC=UNIMOD:4	NT=Acetyl; MT=Variable; PP=Protein N-term; AC=UNIMOD:1	NT=Oxidation;MT=Variable;TA=M;AC=UNIMOD:35	"NT=Phospho;MT=Variable;TA=S,T,Y;AC=UNIMOD:21"	AC=MS:1001251;NT=Trypsin	AC=MS:1002038;NT=label free sample	10 ppm	20 ppm	1
PXD062642-Sample-20	Homo sapiens	Epithelial	Retinal pigment epithelial cells	Retinal pigment epithelial cells	not applicable	not available	not available	normal	JH20_HRPE_SCX_r1_f03	not available	1	not applicable	PXD062642	JH20_HRPE_SCX_r1_f03.raw	Retinal pigment epithelial cells	ftp://ftp.pride.ebi.ac.uk/pride/data/archive/2026/01/PXD062642/JH20_HRPE_SCX_r1_f03.raw	3	1	NT=Orbitrap Fusion Lumos;AC=MS:1002732	NT=Carbamidomethyl;TA=C;MT=fixed;AC=UNIMOD:4	NT=Acetyl; MT=Variable; PP=Protein N-term; AC=UNIMOD:1	NT=Oxidation;MT=Variable;TA=M;AC=UNIMOD:35	"NT=Phospho;MT=Variable;TA=S,T,Y;AC=UNIMOD:21"	AC=MS:1001251;NT=Trypsin	AC=MS:1002038;NT=label free sample	10 ppm	20 ppm	1
PXD062642-Sample-20	Homo sapiens	Epithelial	Retinal pigment epithelial cells	Retinal pigment epithelial cells	not applicable	not available	not available	normal	JH20_HRPE_SCX_r1_f04	not available	1	not applicable	PXD062642	JH20_HRPE_SCX_r1_f04.raw	Retinal pigment epithelial cells	ftp://ftp.pride.ebi.ac.uk/pride/data/archive/2026/01/PXD062642/JH20_HRPE_SCX_r1_f04.raw	4	1	NT=Orbitrap Fusion Lumos;AC=MS:1002732	NT=Carbamidomethyl;TA=C;MT=fixed;AC=UNIMOD:4	NT=Acetyl; MT=Variable; PP=Protein N-term; AC=UNIMOD:1	NT=Oxidation;MT=Variable;TA=M;AC=UNIMOD:35	"NT=Phospho;MT=Variable;TA=S,T,Y;AC=UNIMOD:21"	AC=MS:1001251;NT=Trypsin	AC=MS:1002038;NT=label free sample	10 ppm	20 ppm	1
PXD062642-Sample-20	Homo sapiens	Epithelial	Retinal pigment epithelial cells	Retinal pigment epithelial cells	not applicable	not available	not available	normal	JH20_HRPE_SCX_r1_f05	not available	1	not applicable	PXD062642	JH20_HRPE_SCX_r1_f05.raw	Retinal pigment epithelial cells	ftp://ftp.pride.ebi.ac.uk/pride/data/archive/2026/01/PXD062642/JH20_HRPE_SCX_r1_f05.raw	5	1	NT=Orbitrap Fusion Lumos;AC=MS:1002732	NT=Carbamidomethyl;TA=C;MT=fixed;AC=UNIMOD:4	NT=Acetyl; MT=Variable; PP=Protein N-term; AC=UNIMOD:1	NT=Oxidation;MT=Variable;TA=M;AC=UNIMOD:35	"NT=Phospho;MT=Variable;TA=S,T,Y;AC=UNIMOD:21"	AC=MS:1001251;NT=Trypsin	AC=MS:1002038;NT=label free sample	10 ppm	20 ppm	1
PXD062642-Sample-20	Homo sapiens	Epithelial	Retinal pigment epithelial cells	Retinal pigment epithelial cells	not applicable	not available	not available	normal	JH20_HRPE_SCX_r1_f06	not available	1	not applicable	PXD062642	JH20_HRPE_SCX_r1_f06.raw	Retinal pigment epithelial cells	ftp://ftp.pride.ebi.ac.uk/pride/data/archive/2026/01/PXD062642/JH20_HRPE_SCX_r1_f06.raw	6	1	NT=Orbitrap Fusion Lumos;AC=MS:1002732	NT=Carbamidomethyl;TA=C;MT=fixed;AC=UNIMOD:4	NT=Acetyl; MT=Variable; PP=Protein N-term; AC=UNIMOD:1	NT=Oxidation;MT=Variable;TA=M;AC=UNIMOD:35	"NT=Phospho;MT=Variable;TA=S,T,Y;AC=UNIMOD:21"	AC=MS:1001251;NT=Trypsin	AC=MS:1002038;NT=label free sample	10 ppm	20 ppm	1
PXD062642-Sample-20	Homo sapiens	Epithelial	Retinal pigment epithelial cells	Retinal pigment epithelial cells	not applicable	not available	not available	normal	JH20_HRPE_SCX_r2_f01	not available	1	not applicable	PXD062642	JH20_HRPE_SCX_r2_f01.raw	Retinal pigment epithelial cells	ftp://ftp.pride.ebi.ac.uk/pride/data/archive/2026/01/PXD062642/JH20_HRPE_SCX_r2_f01.raw	1	2	NT=Orbitrap Fusion Lumos;AC=MS:1002732	NT=Carbamidomethyl;TA=C;MT=fixed;AC=UNIMOD:4	NT=Acetyl; MT=Variable; PP=Protein N-term; AC=UNIMOD:1	NT=Oxidation;MT=Variable;TA=M;AC=UNIMOD:35	"NT=Phospho;MT=Variable;TA=S,T,Y;AC=UNIMOD:21"	AC=MS:1001251;NT=Trypsin	AC=MS:1002038;NT=label free sample	10 ppm	20 ppm	1
PXD062642-Sample-20	Homo sapiens	Epithelial	Retinal pigment epithelial cells	Retinal pigment epithelial cells	not applicable	not available	not available	normal	JH20_HRPE_SCX_r2_f02	not available	1	not applicable	PXD062642	JH20_HRPE_SCX_r2_f02.raw	Retinal pigment epithelial cells	ftp://ftp.pride.ebi.ac.uk/pride/data/archive/2026/01/PXD062642/JH20_HRPE_SCX_r2_f02.raw	2	2	NT=Orbitrap Fusion Lumos;AC=MS:1002732	NT=Carbamidomethyl;TA=C;MT=fixed;AC=UNIMOD:4	NT=Acetyl; MT=Variable; PP=Protein N-term; AC=UNIMOD:1	NT=Oxidation;MT=Variable;TA=M;AC=UNIMOD:35	"NT=Phospho;MT=Variable;TA=S,T,Y;AC=UNIMOD:21"	AC=MS:1001251;NT=Trypsin	AC=MS:1002038;NT=label free sample	10 ppm	20 ppm	1
PXD062642-Sample-20	Homo sapiens	Epithelial	Retinal pigment epithelial cells	Retinal pigment epithelial cells	not applicable	not available	not available	normal	JH20_HRPE_SCX_r2_f03	not available	1	not applicable	PXD062642	JH20_HRPE_SCX_r2_f03.raw	Retinal pigment epithelial cells	ftp://ftp.pride.ebi.ac.uk/pride/data/archive/2026/01/PXD062642/JH20_HRPE_SCX_r2_f03.raw	3	2	NT=Orbitrap Fusion Lumos;AC=MS:1002732	NT=Carbamidomethyl;TA=C;MT=fixed;AC=UNIMOD:4	NT=Acetyl; MT=Variable; PP=Protein N-term; AC=UNIMOD:1	NT=Oxidation;MT=Variable;TA=M;AC=UNIMOD:35	"NT=Phospho;MT=Variable;TA=S,T,Y;AC=UNIMOD:21"	AC=MS:1001251;NT=Trypsin	AC=MS:1002038;NT=label free sample	10 ppm	20 ppm	1
PXD062642-Sample-20	Homo sapiens	Epithelial	Retinal pigment epithelial cells	Retinal pigment epithelial cells	not applicable	not available	not available	normal	JH20_HRPE_SCX_r2_f04	not available	1	not applicable	PXD062642	JH20_HRPE_SCX_r2_f04.raw	Retinal pigment epithelial cells	ftp://ftp.pride.ebi.ac.uk/pride/data/archive/2026/01/PXD062642/JH20_HRPE_SCX_r2_f04.raw	4	2	NT=Orbitrap Fusion Lumos;AC=MS:1002732	NT=Carbamidomethyl;TA=C;MT=fixed;AC=UNIMOD:4	NT=Acetyl; MT=Variable; PP=Protein N-term; AC=UNIMOD:1	NT=Oxidation;MT=Variable;TA=M;AC=UNIMOD:35	"NT=Phospho;MT=Variable;TA=S,T,Y;AC=UNIMOD:21"	AC=MS:1001251;NT=Trypsin	AC=MS:1002038;NT=label free sample	10 ppm	20 ppm	1
PXD062642-Sample-20	Homo sapiens	Epithelial	Retinal pigment epithelial cells	Retinal pigment epithelial cells	not applicable	not available	not available	normal	JH20_HRPE_SCX_r2_f05	not available	1	not applicable	PXD062642	JH20_HRPE_SCX_r2_f05.raw	Retinal pigment epithelial cells	ftp://ftp.pride.ebi.ac.uk/pride/data/archive/2026/01/PXD062642/JH20_HRPE_SCX_r2_f05.raw	5	2	NT=Orbitrap Fusion Lumos;AC=MS:1002732	NT=Carbamidomethyl;TA=C;MT=fixed;AC=UNIMOD:4	NT=Acetyl; MT=Variable; PP=Protein N-term; AC=UNIMOD:1	NT=Oxidation;MT=Variable;TA=M;AC=UNIMOD:35	"NT=Phospho;MT=Variable;TA=S,T,Y;AC=UNIMOD:21"	AC=MS:1001251;NT=Trypsin	AC=MS:1002038;NT=label free sample	10 ppm	20 ppm	1
PXD062642-Sample-20	Homo sapiens	Epithelial	Retinal pigment epithelial cells	Retinal pigment epithelial cells	not applicable	not available	not available	normal	JH20_HRPE_SCX_r2_f06	not available	1	not applicable	PXD062642	JH20_HRPE_SCX_r2_f06.raw	Retinal pigment epithelial cells	ftp://ftp.pride.ebi.ac.uk/pride/data/archive/2026/01/PXD062642/JH20_HRPE_SCX_r2_f06.raw	6	2	NT=Orbitrap Fusion Lumos;AC=MS:1002732	NT=Carbamidomethyl;TA=C;MT=fixed;AC=UNIMOD:4	NT=Acetyl; MT=Variable; PP=Protein N-term; AC=UNIMOD:1	NT=Oxidation;MT=Variable;TA=M;AC=UNIMOD:35	"NT=Phospho;MT=Variable;TA=S,T,Y;AC=UNIMOD:21"	AC=MS:1001251;NT=Trypsin	AC=MS:1002038;NT=label free sample	10 ppm	20 ppm	1
PXD062642-Sample-20	Homo sapiens	Epithelial	Retinal pigment epithelial cells	Retinal pigment epithelial cells	not applicable	not available	not available	normal	JH20_HRPE_SCX_r3_f01	not available	1	not applicable	PXD062642	JH20_HRPE_SCX_r3_f01.raw	Retinal pigment epithelial cells	ftp://ftp.pride.ebi.ac.uk/pride/data/archive/2026/01/PXD062642/JH20_HRPE_SCX_r3_f01.raw	1	3	NT=Orbitrap Fusion Lumos;AC=MS:1002732	NT=Carbamidomethyl;TA=C;MT=fixed;AC=UNIMOD:4	NT=Acetyl; MT=Variable; PP=Protein N-term; AC=UNIMOD:1	NT=Oxidation;MT=Variable;TA=M;AC=UNIMOD:35	"NT=Phospho;MT=Variable;TA=S,T,Y;AC=UNIMOD:21"	AC=MS:1001251;NT=Trypsin	AC=MS:1002038;NT=label free sample	10 ppm	20 ppm	1
PXD062642-Sample-20	Homo sapiens	Epithelial	Retinal pigment epithelial cells	Retinal pigment epithelial cells	not applicable	not available	not available	normal	JH20_HRPE_SCX_r3_f02	not available	1	not applicable	PXD062642	JH20_HRPE_SCX_r3_f02.raw	Retinal pigment epithelial cells	ftp://ftp.pride.ebi.ac.uk/pride/data/archive/2026/01/PXD062642/JH20_HRPE_SCX_r3_f02.raw	2	3	NT=Orbitrap Fusion Lumos;AC=MS:1002732	NT=Carbamidomethyl;TA=C;MT=fixed;AC=UNIMOD:4	NT=Acetyl; MT=Variable; PP=Protein N-term; AC=UNIMOD:1	NT=Oxidation;MT=Variable;TA=M;AC=UNIMOD:35	"NT=Phospho;MT=Variable;TA=S,T,Y;AC=UNIMOD:21"	AC=MS:1001251;NT=Trypsin	AC=MS:1002038;NT=label free sample	10 ppm	20 ppm	1
PXD062642-Sample-20	Homo sapiens	Epithelial	Retinal pigment epithelial cells	Retinal pigment epithelial cells	not applicable	not available	not available	normal	JH20_HRPE_SCX_r3_f03	not available	1	not applicable	PXD062642	JH20_HRPE_SCX_r3_f03.raw	Retinal pigment epithelial cells	ftp://ftp.pride.ebi.ac.uk/pride/data/archive/2026/01/PXD062642/JH20_HRPE_SCX_r3_f03.raw	3	3	NT=Orbitrap Fusion Lumos;AC=MS:1002732	NT=Carbamidomethyl;TA=C;MT=fixed;AC=UNIMOD:4	NT=Acetyl; MT=Variable; PP=Protein N-term; AC=UNIMOD:1	NT=Oxidation;MT=Variable;TA=M;AC=UNIMOD:35	"NT=Phospho;MT=Variable;TA=S,T,Y;AC=UNIMOD:21"	AC=MS:1001251;NT=Trypsin	AC=MS:1002038;NT=label free sample	10 ppm	20 ppm	1
PXD062642-Sample-20	Homo sapiens	Epithelial	Retinal pigment epithelial cells	Retinal pigment epithelial cells	not applicable	not available	not available	normal	JH20_HRPE_SCX_r3_f04	not available	1	not applicable	PXD062642	JH20_HRPE_SCX_r3_f04.raw	Retinal pigment epithelial cells	ftp://ftp.pride.ebi.ac.uk/pride/data/archive/2026/01/PXD062642/JH20_HRPE_SCX_r3_f04.raw	4	3	NT=Orbitrap Fusion Lumos;AC=MS:1002732	NT=Carbamidomethyl;TA=C;MT=fixed;AC=UNIMOD:4	NT=Acetyl; MT=Variable; PP=Protein N-term; AC=UNIMOD:1	NT=Oxidation;MT=Variable;TA=M;AC=UNIMOD:35	"NT=Phospho;MT=Variable;TA=S,T,Y;AC=UNIMOD:21"	AC=MS:1001251;NT=Trypsin	AC=MS:1002038;NT=label free sample	10 ppm	20 ppm	1
PXD062642-Sample-20	Homo sapiens	Epithelial	Retinal pigment epithelial cells	Retinal pigment epithelial cells	not applicable	not available	not available	normal	JH20_HRPE_SCX_r3_f05	not available	1	not applicable	PXD062642	JH20_HRPE_SCX_r3_f05.raw	Retinal pigment epithelial cells	ftp://ftp.pride.ebi.ac.uk/pride/data/archive/2026/01/PXD062642/JH20_HRPE_SCX_r3_f05.raw	5	3	NT=Orbitrap Fusion Lumos;AC=MS:1002732	NT=Carbamidomethyl;TA=C;MT=fixed;AC=UNIMOD:4	NT=Acetyl; MT=Variable; PP=Protein N-term; AC=UNIMOD:1	NT=Oxidation;MT=Variable;TA=M;AC=UNIMOD:35	"NT=Phospho;MT=Variable;TA=S,T,Y;AC=UNIMOD:21"	AC=MS:1001251;NT=Trypsin	AC=MS:1002038;NT=label free sample	10 ppm	20 ppm	1
PXD062642-Sample-20	Homo sapiens	Epithelial	Retinal pigment epithelial cells	Retinal pigment epithelial cells	not applicable	not available	not available	normal	JH20_HRPE_SCX_r3_f06	not available	1	not applicable	PXD062642	JH20_HRPE_SCX_r3_f06.raw	Retinal pigment epithelial cells	ftp://ftp.pride.ebi.ac.uk/pride/data/archive/2026/01/PXD062642/JH20_HRPE_SCX_r3_f06.raw	6	3	NT=Orbitrap Fusion Lumos;AC=MS:1002732	NT=Carbamidomethyl;TA=C;MT=fixed;AC=UNIMOD:4	NT=Acetyl; MT=Variable; PP=Protein N-term; AC=UNIMOD:1	NT=Oxidation;MT=Variable;TA=M;AC=UNIMOD:35	"NT=Phospho;MT=Variable;TA=S,T,Y;AC=UNIMOD:21"	AC=MS:1001251;NT=Trypsin	AC=MS:1002038;NT=label free sample	10 ppm	20 ppm	1
PXD062642-Sample-21	Homo sapiens	Mesenchymal	Aortic adventitial fibroblasts	Aortic adventitial fibroblasts	not applicable	not available	not available	normal	JH21_AoAF_SCX_r1_f01	not available	1	not applicable	PXD062642	JH21_AoAF_SCX_r1_f01.raw	Aortic adventitial fibroblasts	ftp://ftp.pride.ebi.ac.uk/pride/data/archive/2026/01/PXD062642/JH21_AoAF_SCX_r1_f01.raw	1	1	NT=Orbitrap Fusion Lumos;AC=MS:1002732	NT=Carbamidomethyl;TA=C;MT=fixed;AC=UNIMOD:4	NT=Acetyl; MT=Variable; PP=Protein N-term; AC=UNIMOD:1	NT=Oxidation;MT=Variable;TA=M;AC=UNIMOD:35	"NT=Phospho;MT=Variable;TA=S,T,Y;AC=UNIMOD:21"	AC=MS:1001251;NT=Trypsin	AC=MS:1002038;NT=label free sample	10 ppm	20 ppm	1
PXD062642-Sample-21	Homo sapiens	Mesenchymal	Aortic adventitial fibroblasts	Aortic adventitial fibroblasts	not applicable	not available	not available	normal	JH21_AoAF_SCX_r1_f02	not available	1	not applicable	PXD062642	JH21_AoAF_SCX_r1_f02.raw	Aortic adventitial fibroblasts	ftp://ftp.pride.ebi.ac.uk/pride/data/archive/2026/01/PXD062642/JH21_AoAF_SCX_r1_f02.raw	2	1	NT=Orbitrap Fusion Lumos;AC=MS:1002732	NT=Carbamidomethyl;TA=C;MT=fixed;AC=UNIMOD:4	NT=Acetyl; MT=Variable; PP=Protein N-term; AC=UNIMOD:1	NT=Oxidation;MT=Variable;TA=M;AC=UNIMOD:35	"NT=Phospho;MT=Variable;TA=S,T,Y;AC=UNIMOD:21"	AC=MS:1001251;NT=Trypsin	AC=MS:1002038;NT=label free sample	10 ppm	20 ppm	1
PXD062642-Sample-21	Homo sapiens	Mesenchymal	Aortic adventitial fibroblasts	Aortic adventitial fibroblasts	not applicable	not available	not available	normal	JH21_AoAF_SCX_r1_f03	not available	1	not applicable	PXD062642	JH21_AoAF_SCX_r1_f03.raw	Aortic adventitial fibroblasts	ftp://ftp.pride.ebi.ac.uk/pride/data/archive/2026/01/PXD062642/JH21_AoAF_SCX_r1_f03.raw	3	1	NT=Orbitrap Fusion Lumos;AC=MS:1002732	NT=Carbamidomethyl;TA=C;MT=fixed;AC=UNIMOD:4	NT=Acetyl; MT=Variable; PP=Protein N-term; AC=UNIMOD:1	NT=Oxidation;MT=Variable;TA=M;AC=UNIMOD:35	"NT=Phospho;MT=Variable;TA=S,T,Y;AC=UNIMOD:21"	AC=MS:1001251;NT=Trypsin	AC=MS:1002038;NT=label free sample	10 ppm	20 ppm	1
PXD062642-Sample-21	Homo sapiens	Mesenchymal	Aortic adventitial fibroblasts	Aortic adventitial fibroblasts	not applicable	not available	not available	normal	JH21_AoAF_SCX_r1_f04	not available	1	not applicable	PXD062642	JH21_AoAF_SCX_r1_f04.raw	Aortic adventitial fibroblasts	ftp://ftp.pride.ebi.ac.uk/pride/data/archive/2026/01/PXD062642/JH21_AoAF_SCX_r1_f04.raw	4	1	NT=Orbitrap Fusion Lumos;AC=MS:1002732	NT=Carbamidomethyl;TA=C;MT=fixed;AC=UNIMOD:4	NT=Acetyl; MT=Variable; PP=Protein N-term; AC=UNIMOD:1	NT=Oxidation;MT=Variable;TA=M;AC=UNIMOD:35	"NT=Phospho;MT=Variable;TA=S,T,Y;AC=UNIMOD:21"	AC=MS:1001251;NT=Trypsin	AC=MS:1002038;NT=label free sample	10 ppm	20 ppm	1
PXD062642-Sample-21	Homo sapiens	Mesenchymal	Aortic adventitial fibroblasts	Aortic adventitial fibroblasts	not applicable	not available	not available	normal	JH21_AoAF_SCX_r1_f05	not available	1	not applicable	PXD062642	JH21_AoAF_SCX_r1_f05.raw	Aortic adventitial fibroblasts	ftp://ftp.pride.ebi.ac.uk/pride/data/archive/2026/01/PXD062642/JH21_AoAF_SCX_r1_f05.raw	5	1	NT=Orbitrap Fusion Lumos;AC=MS:1002732	NT=Carbamidomethyl;TA=C;MT=fixed;AC=UNIMOD:4	NT=Acetyl; MT=Variable; PP=Protein N-term; AC=UNIMOD:1	NT=Oxidation;MT=Variable;TA=M;AC=UNIMOD:35	"NT=Phospho;MT=Variable;TA=S,T,Y;AC=UNIMOD:21"	AC=MS:1001251;NT=Trypsin	AC=MS:1002038;NT=label free sample	10 ppm	20 ppm	1
PXD062642-Sample-21	Homo sapiens	Mesenchymal	Aortic adventitial fibroblasts	Aortic adventitial fibroblasts	not applicable	not available	not available	normal	JH21_AoAF_SCX_r1_f06	not available	1	not applicable	PXD062642	JH21_AoAF_SCX_r1_f06.raw	Aortic adventitial fibroblasts	ftp://ftp.pride.ebi.ac.uk/pride/data/archive/2026/01/PXD062642/JH21_AoAF_SCX_r1_f06.raw	6	1	NT=Orbitrap Fusion Lumos;AC=MS:1002732	NT=Carbamidomethyl;TA=C;MT=fixed;AC=UNIMOD:4	NT=Acetyl; MT=Variable; PP=Protein N-term; AC=UNIMOD:1	NT=Oxidation;MT=Variable;TA=M;AC=UNIMOD:35	"NT=Phospho;MT=Variable;TA=S,T,Y;AC=UNIMOD:21"	AC=MS:1001251;NT=Trypsin	AC=MS:1002038;NT=label free sample	10 ppm	20 ppm	1
PXD062642-Sample-21	Homo sapiens	Mesenchymal	Aortic adventitial fibroblasts	Aortic adventitial fibroblasts	not applicable	not available	not available	normal	JH21_AoAF_SCX_r2_f01	not available	1	not applicable	PXD062642	JH21_AoAF_SCX_r2_f01.raw	Aortic adventitial fibroblasts	ftp://ftp.pride.ebi.ac.uk/pride/data/archive/2026/01/PXD062642/JH21_AoAF_SCX_r2_f01.raw	1	2	NT=Orbitrap Fusion Lumos;AC=MS:1002732	NT=Carbamidomethyl;TA=C;MT=fixed;AC=UNIMOD:4	NT=Acetyl; MT=Variable; PP=Protein N-term; AC=UNIMOD:1	NT=Oxidation;MT=Variable;TA=M;AC=UNIMOD:35	"NT=Phospho;MT=Variable;TA=S,T,Y;AC=UNIMOD:21"	AC=MS:1001251;NT=Trypsin	AC=MS:1002038;NT=label free sample	10 ppm	20 ppm	1
PXD062642-Sample-21	Homo sapiens	Mesenchymal	Aortic adventitial fibroblasts	Aortic adventitial fibroblasts	not applicable	not available	not available	normal	JH21_AoAF_SCX_r2_f02	not available	1	not applicable	PXD062642	JH21_AoAF_SCX_r2_f02.raw	Aortic adventitial fibroblasts	ftp://ftp.pride.ebi.ac.uk/pride/data/archive/2026/01/PXD062642/JH21_AoAF_SCX_r2_f02.raw	2	2	NT=Orbitrap Fusion Lumos;AC=MS:1002732	NT=Carbamidomethyl;TA=C;MT=fixed;AC=UNIMOD:4	NT=Acetyl; MT=Variable; PP=Protein N-term; AC=UNIMOD:1	NT=Oxidation;MT=Variable;TA=M;AC=UNIMOD:35	"NT=Phospho;MT=Variable;TA=S,T,Y;AC=UNIMOD:21"	AC=MS:1001251;NT=Trypsin	AC=MS:1002038;NT=label free sample	10 ppm	20 ppm	1
PXD062642-Sample-21	Homo sapiens	Mesenchymal	Aortic adventitial fibroblasts	Aortic adventitial fibroblasts	not applicable	not available	not available	normal	JH21_AoAF_SCX_r2_f03	not available	1	not applicable	PXD062642	JH21_AoAF_SCX_r2_f03.raw	Aortic adventitial fibroblasts	ftp://ftp.pride.ebi.ac.uk/pride/data/archive/2026/01/PXD062642/JH21_AoAF_SCX_r2_f03.raw	3	2	NT=Orbitrap Fusion Lumos;AC=MS:1002732	NT=Carbamidomethyl;TA=C;MT=fixed;AC=UNIMOD:4	NT=Acetyl; MT=Variable; PP=Protein N-term; AC=UNIMOD:1	NT=Oxidation;MT=Variable;TA=M;AC=UNIMOD:35	"NT=Phospho;MT=Variable;TA=S,T,Y;AC=UNIMOD:21"	AC=MS:1001251;NT=Trypsin	AC=MS:1002038;NT=label free sample	10 ppm	20 ppm	1
PXD062642-Sample-21	Homo sapiens	Mesenchymal	Aortic adventitial fibroblasts	Aortic adventitial fibroblasts	not applicable	not available	not available	normal	JH21_AoAF_SCX_r2_f04	not available	1	not applicable	PXD062642	JH21_AoAF_SCX_r2_f04.raw	Aortic adventitial fibroblasts	ftp://ftp.pride.ebi.ac.uk/pride/data/archive/2026/01/PXD062642/JH21_AoAF_SCX_r2_f04.raw	4	2	NT=Orbitrap Fusion Lumos;AC=MS:1002732	NT=Carbamidomethyl;TA=C;MT=fixed;AC=UNIMOD:4	NT=Acetyl; MT=Variable; PP=Protein N-term; AC=UNIMOD:1	NT=Oxidation;MT=Variable;TA=M;AC=UNIMOD:35	"NT=Phospho;MT=Variable;TA=S,T,Y;AC=UNIMOD:21"	AC=MS:1001251;NT=Trypsin	AC=MS:1002038;NT=label free sample	10 ppm	20 ppm	1
PXD062642-Sample-21	Homo sapiens	Mesenchymal	Aortic adventitial fibroblasts	Aortic adventitial fibroblasts	not applicable	not available	not available	normal	JH21_AoAF_SCX_r2_f05	not available	1	not applicable	PXD062642	JH21_AoAF_SCX_r2_f05.raw	Aortic adventitial fibroblasts	ftp://ftp.pride.ebi.ac.uk/pride/data/archive/2026/01/PXD062642/JH21_AoAF_SCX_r2_f05.raw	5	2	NT=Orbitrap Fusion Lumos;AC=MS:1002732	NT=Carbamidomethyl;TA=C;MT=fixed;AC=UNIMOD:4	NT=Acetyl; MT=Variable; PP=Protein N-term; AC=UNIMOD:1	NT=Oxidation;MT=Variable;TA=M;AC=UNIMOD:35	"NT=Phospho;MT=Variable;TA=S,T,Y;AC=UNIMOD:21"	AC=MS:1001251;NT=Trypsin	AC=MS:1002038;NT=label free sample	10 ppm	20 ppm	1
PXD062642-Sample-21	Homo sapiens	Mesenchymal	Aortic adventitial fibroblasts	Aortic adventitial fibroblasts	not applicable	not available	not available	normal	JH21_AoAF_SCX_r2_f06	not available	1	not applicable	PXD062642	JH21_AoAF_SCX_r2_f06.raw	Aortic adventitial fibroblasts	ftp://ftp.pride.ebi.ac.uk/pride/data/archive/2026/01/PXD062642/JH21_AoAF_SCX_r2_f06.raw	6	2	NT=Orbitrap Fusion Lumos;AC=MS:1002732	NT=Carbamidomethyl;TA=C;MT=fixed;AC=UNIMOD:4	NT=Acetyl; MT=Variable; PP=Protein N-term; AC=UNIMOD:1	NT=Oxidation;MT=Variable;TA=M;AC=UNIMOD:35	"NT=Phospho;MT=Variable;TA=S,T,Y;AC=UNIMOD:21"	AC=MS:1001251;NT=Trypsin	AC=MS:1002038;NT=label free sample	10 ppm	20 ppm	1
PXD062642-Sample-21	Homo sapiens	Mesenchymal	Aortic adventitial fibroblasts	Aortic adventitial fibroblasts	not applicable	not available	not available	normal	JH21_AoAF_SCX_r3_f01	not available	1	not applicable	PXD062642	JH21_AoAF_SCX_r3_f01.raw	Aortic adventitial fibroblasts	ftp://ftp.pride.ebi.ac.uk/pride/data/archive/2026/01/PXD062642/JH21_AoAF_SCX_r3_f01.raw	1	3	NT=Orbitrap Fusion Lumos;AC=MS:1002732	NT=Carbamidomethyl;TA=C;MT=fixed;AC=UNIMOD:4	NT=Acetyl; MT=Variable; PP=Protein N-term; AC=UNIMOD:1	NT=Oxidation;MT=Variable;TA=M;AC=UNIMOD:35	"NT=Phospho;MT=Variable;TA=S,T,Y;AC=UNIMOD:21"	AC=MS:1001251;NT=Trypsin	AC=MS:1002038;NT=label free sample	10 ppm	20 ppm	1
PXD062642-Sample-21	Homo sapiens	Mesenchymal	Aortic adventitial fibroblasts	Aortic adventitial fibroblasts	not applicable	not available	not available	normal	JH21_AoAF_SCX_r3_f02	not available	1	not applicable	PXD062642	JH21_AoAF_SCX_r3_f02.raw	Aortic adventitial fibroblasts	ftp://ftp.pride.ebi.ac.uk/pride/data/archive/2026/01/PXD062642/JH21_AoAF_SCX_r3_f02.raw	2	3	NT=Orbitrap Fusion Lumos;AC=MS:1002732	NT=Carbamidomethyl;TA=C;MT=fixed;AC=UNIMOD:4	NT=Acetyl; MT=Variable; PP=Protein N-term; AC=UNIMOD:1	NT=Oxidation;MT=Variable;TA=M;AC=UNIMOD:35	"NT=Phospho;MT=Variable;TA=S,T,Y;AC=UNIMOD:21"	AC=MS:1001251;NT=Trypsin	AC=MS:1002038;NT=label free sample	10 ppm	20 ppm	1
PXD062642-Sample-21	Homo sapiens	Mesenchymal	Aortic adventitial fibroblasts	Aortic adventitial fibroblasts	not applicable	not available	not available	normal	JH21_AoAF_SCX_r3_f03	not available	1	not applicable	PXD062642	JH21_AoAF_SCX_r3_f03.raw	Aortic adventitial fibroblasts	ftp://ftp.pride.ebi.ac.uk/pride/data/archive/2026/01/PXD062642/JH21_AoAF_SCX_r3_f03.raw	3	3	NT=Orbitrap Fusion Lumos;AC=MS:1002732	NT=Carbamidomethyl;TA=C;MT=fixed;AC=UNIMOD:4	NT=Acetyl; MT=Variable; PP=Protein N-term; AC=UNIMOD:1	NT=Oxidation;MT=Variable;TA=M;AC=UNIMOD:35	"NT=Phospho;MT=Variable;TA=S,T,Y;AC=UNIMOD:21"	AC=MS:1001251;NT=Trypsin	AC=MS:1002038;NT=label free sample	10 ppm	20 ppm	1
PXD062642-Sample-21	Homo sapiens	Mesenchymal	Aortic adventitial fibroblasts	Aortic adventitial fibroblasts	not applicable	not available	not available	normal	JH21_AoAF_SCX_r3_f04	not available	1	not applicable	PXD062642	JH21_AoAF_SCX_r3_f04.raw	Aortic adventitial fibroblasts	ftp://ftp.pride.ebi.ac.uk/pride/data/archive/2026/01/PXD062642/JH21_AoAF_SCX_r3_f04.raw	4	3	NT=Orbitrap Fusion Lumos;AC=MS:1002732	NT=Carbamidomethyl;TA=C;MT=fixed;AC=UNIMOD:4	NT=Acetyl; MT=Variable; PP=Protein N-term; AC=UNIMOD:1	NT=Oxidation;MT=Variable;TA=M;AC=UNIMOD:35	"NT=Phospho;MT=Variable;TA=S,T,Y;AC=UNIMOD:21"	AC=MS:1001251;NT=Trypsin	AC=MS:1002038;NT=label free sample	10 ppm	20 ppm	1
PXD062642-Sample-21	Homo sapiens	Mesenchymal	Aortic adventitial fibroblasts	Aortic adventitial fibroblasts	not applicable	not available	not available	normal	JH21_AoAF_SCX_r3_f05	not available	1	not applicable	PXD062642	JH21_AoAF_SCX_r3_f05.raw	Aortic adventitial fibroblasts	ftp://ftp.pride.ebi.ac.uk/pride/data/archive/2026/01/PXD062642/JH21_AoAF_SCX_r3_f05.raw	5	3	NT=Orbitrap Fusion Lumos;AC=MS:1002732	NT=Carbamidomethyl;TA=C;MT=fixed;AC=UNIMOD:4	NT=Acetyl; MT=Variable; PP=Protein N-term; AC=UNIMOD:1	NT=Oxidation;MT=Variable;TA=M;AC=UNIMOD:35	"NT=Phospho;MT=Variable;TA=S,T,Y;AC=UNIMOD:21"	AC=MS:1001251;NT=Trypsin	AC=MS:1002038;NT=label free sample	10 ppm	20 ppm	1
PXD062642-Sample-21	Homo sapiens	Mesenchymal	Aortic adventitial fibroblasts	Aortic adventitial fibroblasts	not applicable	not available	not available	normal	JH21_AoAF_SCX_r3_f06	not available	1	not applicable	PXD062642	JH21_AoAF_SCX_r3_f06.raw	Aortic adventitial fibroblasts	ftp://ftp.pride.ebi.ac.uk/pride/data/archive/2026/01/PXD062642/JH21_AoAF_SCX_r3_f06.raw	6	3	NT=Orbitrap Fusion Lumos;AC=MS:1002732	NT=Carbamidomethyl;TA=C;MT=fixed;AC=UNIMOD:4	NT=Acetyl; MT=Variable; PP=Protein N-term; AC=UNIMOD:1	NT=Oxidation;MT=Variable;TA=M;AC=UNIMOD:35	"NT=Phospho;MT=Variable;TA=S,T,Y;AC=UNIMOD:21"	AC=MS:1001251;NT=Trypsin	AC=MS:1002038;NT=label free sample	10 ppm	20 ppm	1
PXD062642-Sample-22	Homo sapiens	Mesenchymal	Periodontal ligament fibroblasts	Periodontal ligament fibroblasts	not applicable	not available	not available	normal	JH22_HPdLF_SCX_r1_f01	not available	1	not applicable	PXD062642	JH22_HPdLF_SCX_r1_f01.raw	Periodontal ligament fibroblasts	ftp://ftp.pride.ebi.ac.uk/pride/data/archive/2026/01/PXD062642/JH22_HPdLF_SCX_r1_f01.raw	1	1	NT=Orbitrap Fusion Lumos;AC=MS:1002732	NT=Carbamidomethyl;TA=C;MT=fixed;AC=UNIMOD:4	NT=Acetyl; MT=Variable; PP=Protein N-term; AC=UNIMOD:1	NT=Oxidation;MT=Variable;TA=M;AC=UNIMOD:35	"NT=Phospho;MT=Variable;TA=S,T,Y;AC=UNIMOD:21"	AC=MS:1001251;NT=Trypsin	AC=MS:1002038;NT=label free sample	10 ppm	20 ppm	1
PXD062642-Sample-22	Homo sapiens	Mesenchymal	Periodontal ligament fibroblasts	Periodontal ligament fibroblasts	not applicable	not available	not available	normal	JH22_HPdLF_SCX_r1_f02	not available	1	not applicable	PXD062642	JH22_HPdLF_SCX_r1_f02.raw	Periodontal ligament fibroblasts	ftp://ftp.pride.ebi.ac.uk/pride/data/archive/2026/01/PXD062642/JH22_HPdLF_SCX_r1_f02.raw	2	1	NT=Orbitrap Fusion Lumos;AC=MS:1002732	NT=Carbamidomethyl;TA=C;MT=fixed;AC=UNIMOD:4	NT=Acetyl; MT=Variable; PP=Protein N-term; AC=UNIMOD:1	NT=Oxidation;MT=Variable;TA=M;AC=UNIMOD:35	"NT=Phospho;MT=Variable;TA=S,T,Y;AC=UNIMOD:21"	AC=MS:1001251;NT=Trypsin	AC=MS:1002038;NT=label free sample	10 ppm	20 ppm	1
PXD062642-Sample-22	Homo sapiens	Mesenchymal	Periodontal ligament fibroblasts	Periodontal ligament fibroblasts	not applicable	not available	not available	normal	JH22_HPdLF_SCX_r1_f03	not available	1	not applicable	PXD062642	JH22_HPdLF_SCX_r1_f03.raw	Periodontal ligament fibroblasts	ftp://ftp.pride.ebi.ac.uk/pride/data/archive/2026/01/PXD062642/JH22_HPdLF_SCX_r1_f03.raw	3	1	NT=Orbitrap Fusion Lumos;AC=MS:1002732	NT=Carbamidomethyl;TA=C;MT=fixed;AC=UNIMOD:4	NT=Acetyl; MT=Variable; PP=Protein N-term; AC=UNIMOD:1	NT=Oxidation;MT=Variable;TA=M;AC=UNIMOD:35	"NT=Phospho;MT=Variable;TA=S,T,Y;AC=UNIMOD:21"	AC=MS:1001251;NT=Trypsin	AC=MS:1002038;NT=label free sample	10 ppm	20 ppm	1
PXD062642-Sample-22	Homo sapiens	Mesenchymal	Periodontal ligament fibroblasts	Periodontal ligament fibroblasts	not applicable	not available	not available	normal	JH22_HPdLF_SCX_r1_f04	not available	1	not applicable	PXD062642	JH22_HPdLF_SCX_r1_f04.raw	Periodontal ligament fibroblasts	ftp://ftp.pride.ebi.ac.uk/pride/data/archive/2026/01/PXD062642/JH22_HPdLF_SCX_r1_f04.raw	4	1	NT=Orbitrap Fusion Lumos;AC=MS:1002732	NT=Carbamidomethyl;TA=C;MT=fixed;AC=UNIMOD:4	NT=Acetyl; MT=Variable; PP=Protein N-term; AC=UNIMOD:1	NT=Oxidation;MT=Variable;TA=M;AC=UNIMOD:35	"NT=Phospho;MT=Variable;TA=S,T,Y;AC=UNIMOD:21"	AC=MS:1001251;NT=Trypsin	AC=MS:1002038;NT=label free sample	10 ppm	20 ppm	1
PXD062642-Sample-22	Homo sapiens	Mesenchymal	Periodontal ligament fibroblasts	Periodontal ligament fibroblasts	not applicable	not available	not available	normal	JH22_HPdLF_SCX_r1_f05	not available	1	not applicable	PXD062642	JH22_HPdLF_SCX_r1_f05.raw	Periodontal ligament fibroblasts	ftp://ftp.pride.ebi.ac.uk/pride/data/archive/2026/01/PXD062642/JH22_HPdLF_SCX_r1_f05.raw	5	1	NT=Orbitrap Fusion Lumos;AC=MS:1002732	NT=Carbamidomethyl;TA=C;MT=fixed;AC=UNIMOD:4	NT=Acetyl; MT=Variable; PP=Protein N-term; AC=UNIMOD:1	NT=Oxidation;MT=Variable;TA=M;AC=UNIMOD:35	"NT=Phospho;MT=Variable;TA=S,T,Y;AC=UNIMOD:21"	AC=MS:1001251;NT=Trypsin	AC=MS:1002038;NT=label free sample	10 ppm	20 ppm	1
PXD062642-Sample-22	Homo sapiens	Mesenchymal	Periodontal ligament fibroblasts	Periodontal ligament fibroblasts	not applicable	not available	not available	normal	JH22_HPdLF_SCX_r1_f06	not available	1	not applicable	PXD062642	JH22_HPdLF_SCX_r1_f06.raw	Periodontal ligament fibroblasts	ftp://ftp.pride.ebi.ac.uk/pride/data/archive/2026/01/PXD062642/JH22_HPdLF_SCX_r1_f06.raw	6	1	NT=Orbitrap Fusion Lumos;AC=MS:1002732	NT=Carbamidomethyl;TA=C;MT=fixed;AC=UNIMOD:4	NT=Acetyl; MT=Variable; PP=Protein N-term; AC=UNIMOD:1	NT=Oxidation;MT=Variable;TA=M;AC=UNIMOD:35	"NT=Phospho;MT=Variable;TA=S,T,Y;AC=UNIMOD:21"	AC=MS:1001251;NT=Trypsin	AC=MS:1002038;NT=label free sample	10 ppm	20 ppm	1
PXD062642-Sample-22	Homo sapiens	Mesenchymal	Periodontal ligament fibroblasts	Periodontal ligament fibroblasts	not applicable	not available	not available	normal	JH22_HPdLF_SCX_r2_f01	not available	1	not applicable	PXD062642	JH22_HPdLF_SCX_r2_f01.raw	Periodontal ligament fibroblasts	ftp://ftp.pride.ebi.ac.uk/pride/data/archive/2026/01/PXD062642/JH22_HPdLF_SCX_r2_f01.raw	1	2	NT=Orbitrap Fusion Lumos;AC=MS:1002732	NT=Carbamidomethyl;TA=C;MT=fixed;AC=UNIMOD:4	NT=Acetyl; MT=Variable; PP=Protein N-term; AC=UNIMOD:1	NT=Oxidation;MT=Variable;TA=M;AC=UNIMOD:35	"NT=Phospho;MT=Variable;TA=S,T,Y;AC=UNIMOD:21"	AC=MS:1001251;NT=Trypsin	AC=MS:1002038;NT=label free sample	10 ppm	20 ppm	1
PXD062642-Sample-22	Homo sapiens	Mesenchymal	Periodontal ligament fibroblasts	Periodontal ligament fibroblasts	not applicable	not available	not available	normal	JH22_HPdLF_SCX_r2_f02	not available	1	not applicable	PXD062642	JH22_HPdLF_SCX_r2_f02.raw	Periodontal ligament fibroblasts	ftp://ftp.pride.ebi.ac.uk/pride/data/archive/2026/01/PXD062642/JH22_HPdLF_SCX_r2_f02.raw	2	2	NT=Orbitrap Fusion Lumos;AC=MS:1002732	NT=Carbamidomethyl;TA=C;MT=fixed;AC=UNIMOD:4	NT=Acetyl; MT=Variable; PP=Protein N-term; AC=UNIMOD:1	NT=Oxidation;MT=Variable;TA=M;AC=UNIMOD:35	"NT=Phospho;MT=Variable;TA=S,T,Y;AC=UNIMOD:21"	AC=MS:1001251;NT=Trypsin	AC=MS:1002038;NT=label free sample	10 ppm	20 ppm	1
PXD062642-Sample-22	Homo sapiens	Mesenchymal	Periodontal ligament fibroblasts	Periodontal ligament fibroblasts	not applicable	not available	not available	normal	JH22_HPdLF_SCX_r2_f03	not available	1	not applicable	PXD062642	JH22_HPdLF_SCX_r2_f03.raw	Periodontal ligament fibroblasts	ftp://ftp.pride.ebi.ac.uk/pride/data/archive/2026/01/PXD062642/JH22_HPdLF_SCX_r2_f03.raw	3	2	NT=Orbitrap Fusion Lumos;AC=MS:1002732	NT=Carbamidomethyl;TA=C;MT=fixed;AC=UNIMOD:4	NT=Acetyl; MT=Variable; PP=Protein N-term; AC=UNIMOD:1	NT=Oxidation;MT=Variable;TA=M;AC=UNIMOD:35	"NT=Phospho;MT=Variable;TA=S,T,Y;AC=UNIMOD:21"	AC=MS:1001251;NT=Trypsin	AC=MS:1002038;NT=label free sample	10 ppm	20 ppm	1
PXD062642-Sample-22	Homo sapiens	Mesenchymal	Periodontal ligament fibroblasts	Periodontal ligament fibroblasts	not applicable	not available	not available	normal	JH22_HPdLF_SCX_r2_f04	not available	1	not applicable	PXD062642	JH22_HPdLF_SCX_r2_f04.raw	Periodontal ligament fibroblasts	ftp://ftp.pride.ebi.ac.uk/pride/data/archive/2026/01/PXD062642/JH22_HPdLF_SCX_r2_f04.raw	4	2	NT=Orbitrap Fusion Lumos;AC=MS:1002732	NT=Carbamidomethyl;TA=C;MT=fixed;AC=UNIMOD:4	NT=Acetyl; MT=Variable; PP=Protein N-term; AC=UNIMOD:1	NT=Oxidation;MT=Variable;TA=M;AC=UNIMOD:35	"NT=Phospho;MT=Variable;TA=S,T,Y;AC=UNIMOD:21"	AC=MS:1001251;NT=Trypsin	AC=MS:1002038;NT=label free sample	10 ppm	20 ppm	1
PXD062642-Sample-22	Homo sapiens	Mesenchymal	Periodontal ligament fibroblasts	Periodontal ligament fibroblasts	not applicable	not available	not available	normal	JH22_HPdLF_SCX_r2_f05	not available	1	not applicable	PXD062642	JH22_HPdLF_SCX_r2_f05.raw	Periodontal ligament fibroblasts	ftp://ftp.pride.ebi.ac.uk/pride/data/archive/2026/01/PXD062642/JH22_HPdLF_SCX_r2_f05.raw	5	2	NT=Orbitrap Fusion Lumos;AC=MS:1002732	NT=Carbamidomethyl;TA=C;MT=fixed;AC=UNIMOD:4	NT=Acetyl; MT=Variable; PP=Protein N-term; AC=UNIMOD:1	NT=Oxidation;MT=Variable;TA=M;AC=UNIMOD:35	"NT=Phospho;MT=Variable;TA=S,T,Y;AC=UNIMOD:21"	AC=MS:1001251;NT=Trypsin	AC=MS:1002038;NT=label free sample	10 ppm	20 ppm	1
PXD062642-Sample-22	Homo sapiens	Mesenchymal	Periodontal ligament fibroblasts	Periodontal ligament fibroblasts	not applicable	not available	not available	normal	JH22_HPdLF_SCX_r2_f06	not available	1	not applicable	PXD062642	JH22_HPdLF_SCX_r2_f06.raw	Periodontal ligament fibroblasts	ftp://ftp.pride.ebi.ac.uk/pride/data/archive/2026/01/PXD062642/JH22_HPdLF_SCX_r2_f06.raw	6	2	NT=Orbitrap Fusion Lumos;AC=MS:1002732	NT=Carbamidomethyl;TA=C;MT=fixed;AC=UNIMOD:4	NT=Acetyl; MT=Variable; PP=Protein N-term; AC=UNIMOD:1	NT=Oxidation;MT=Variable;TA=M;AC=UNIMOD:35	"NT=Phospho;MT=Variable;TA=S,T,Y;AC=UNIMOD:21"	AC=MS:1001251;NT=Trypsin	AC=MS:1002038;NT=label free sample	10 ppm	20 ppm	1
PXD062642-Sample-22	Homo sapiens	Mesenchymal	Periodontal ligament fibroblasts	Periodontal ligament fibroblasts	not applicable	not available	not available	normal	JH22_HPdLF_SCX_r3_f01	not available	1	not applicable	PXD062642	JH22_HPdLF_SCX_r3_f01.raw	Periodontal ligament fibroblasts	ftp://ftp.pride.ebi.ac.uk/pride/data/archive/2026/01/PXD062642/JH22_HPdLF_SCX_r3_f01.raw	1	3	NT=Orbitrap Fusion Lumos;AC=MS:1002732	NT=Carbamidomethyl;TA=C;MT=fixed;AC=UNIMOD:4	NT=Acetyl; MT=Variable; PP=Protein N-term; AC=UNIMOD:1	NT=Oxidation;MT=Variable;TA=M;AC=UNIMOD:35	"NT=Phospho;MT=Variable;TA=S,T,Y;AC=UNIMOD:21"	AC=MS:1001251;NT=Trypsin	AC=MS:1002038;NT=label free sample	10 ppm	20 ppm	1
PXD062642-Sample-22	Homo sapiens	Mesenchymal	Periodontal ligament fibroblasts	Periodontal ligament fibroblasts	not applicable	not available	not available	normal	JH22_HPdLF_SCX_r3_f02	not available	1	not applicable	PXD062642	JH22_HPdLF_SCX_r3_f02.raw	Periodontal ligament fibroblasts	ftp://ftp.pride.ebi.ac.uk/pride/data/archive/2026/01/PXD062642/JH22_HPdLF_SCX_r3_f02.raw	2	3	NT=Orbitrap Fusion Lumos;AC=MS:1002732	NT=Carbamidomethyl;TA=C;MT=fixed;AC=UNIMOD:4	NT=Acetyl; MT=Variable; PP=Protein N-term; AC=UNIMOD:1	NT=Oxidation;MT=Variable;TA=M;AC=UNIMOD:35	"NT=Phospho;MT=Variable;TA=S,T,Y;AC=UNIMOD:21"	AC=MS:1001251;NT=Trypsin	AC=MS:1002038;NT=label free sample	10 ppm	20 ppm	1
PXD062642-Sample-22	Homo sapiens	Mesenchymal	Periodontal ligament fibroblasts	Periodontal ligament fibroblasts	not applicable	not available	not available	normal	JH22_HPdLF_SCX_r3_f03	not available	1	not applicable	PXD062642	JH22_HPdLF_SCX_r3_f03.raw	Periodontal ligament fibroblasts	ftp://ftp.pride.ebi.ac.uk/pride/data/archive/2026/01/PXD062642/JH22_HPdLF_SCX_r3_f03.raw	3	3	NT=Orbitrap Fusion Lumos;AC=MS:1002732	NT=Carbamidomethyl;TA=C;MT=fixed;AC=UNIMOD:4	NT=Acetyl; MT=Variable; PP=Protein N-term; AC=UNIMOD:1	NT=Oxidation;MT=Variable;TA=M;AC=UNIMOD:35	"NT=Phospho;MT=Variable;TA=S,T,Y;AC=UNIMOD:21"	AC=MS:1001251;NT=Trypsin	AC=MS:1002038;NT=label free sample	10 ppm	20 ppm	1
PXD062642-Sample-22	Homo sapiens	Mesenchymal	Periodontal ligament fibroblasts	Periodontal ligament fibroblasts	not applicable	not available	not available	normal	JH22_HPdLF_SCX_r3_f04	not available	1	not applicable	PXD062642	JH22_HPdLF_SCX_r3_f04.raw	Periodontal ligament fibroblasts	ftp://ftp.pride.ebi.ac.uk/pride/data/archive/2026/01/PXD062642/JH22_HPdLF_SCX_r3_f04.raw	4	3	NT=Orbitrap Fusion Lumos;AC=MS:1002732	NT=Carbamidomethyl;TA=C;MT=fixed;AC=UNIMOD:4	NT=Acetyl; MT=Variable; PP=Protein N-term; AC=UNIMOD:1	NT=Oxidation;MT=Variable;TA=M;AC=UNIMOD:35	"NT=Phospho;MT=Variable;TA=S,T,Y;AC=UNIMOD:21"	AC=MS:1001251;NT=Trypsin	AC=MS:1002038;NT=label free sample	10 ppm	20 ppm	1
PXD062642-Sample-22	Homo sapiens	Mesenchymal	Periodontal ligament fibroblasts	Periodontal ligament fibroblasts	not applicable	not available	not available	normal	JH22_HPdLF_SCX_r3_f05	not available	1	not applicable	PXD062642	JH22_HPdLF_SCX_r3_f05.raw	Periodontal ligament fibroblasts	ftp://ftp.pride.ebi.ac.uk/pride/data/archive/2026/01/PXD062642/JH22_HPdLF_SCX_r3_f05.raw	5	3	NT=Orbitrap Fusion Lumos;AC=MS:1002732	NT=Carbamidomethyl;TA=C;MT=fixed;AC=UNIMOD:4	NT=Acetyl; MT=Variable; PP=Protein N-term; AC=UNIMOD:1	NT=Oxidation;MT=Variable;TA=M;AC=UNIMOD:35	"NT=Phospho;MT=Variable;TA=S,T,Y;AC=UNIMOD:21"	AC=MS:1001251;NT=Trypsin	AC=MS:1002038;NT=label free sample	10 ppm	20 ppm	1
PXD062642-Sample-22	Homo sapiens	Mesenchymal	Periodontal ligament fibroblasts	Periodontal ligament fibroblasts	not applicable	not available	not available	normal	JH22_HPdLF_SCX_r3_f06	not available	1	not applicable	PXD062642	JH22_HPdLF_SCX_r3_f06.raw	Periodontal ligament fibroblasts	ftp://ftp.pride.ebi.ac.uk/pride/data/archive/2026/01/PXD062642/JH22_HPdLF_SCX_r3_f06.raw	6	3	NT=Orbitrap Fusion Lumos;AC=MS:1002732	NT=Carbamidomethyl;TA=C;MT=fixed;AC=UNIMOD:4	NT=Acetyl; MT=Variable; PP=Protein N-term; AC=UNIMOD:1	NT=Oxidation;MT=Variable;TA=M;AC=UNIMOD:35	"NT=Phospho;MT=Variable;TA=S,T,Y;AC=UNIMOD:21"	AC=MS:1001251;NT=Trypsin	AC=MS:1002038;NT=label free sample	10 ppm	20 ppm	1
PXD062642-Sample-23	Homo sapiens	Others	Prostate stromal cells 	Prostate stromal cells 	not applicable	not available	not available	normal	JH23_PrSC_SCX_r1_f01	not available	1	not applicable	PXD062642	JH23_PrSC_SCX_r1_f01.raw	Prostate stromal cells 	ftp://ftp.pride.ebi.ac.uk/pride/data/archive/2026/01/PXD062642/JH23_PrSC_SCX_r1_f01.raw	1	1	NT=Orbitrap Fusion Lumos;AC=MS:1002732	NT=Carbamidomethyl;TA=C;MT=fixed;AC=UNIMOD:4	NT=Acetyl; MT=Variable; PP=Protein N-term; AC=UNIMOD:1	NT=Oxidation;MT=Variable;TA=M;AC=UNIMOD:35	"NT=Phospho;MT=Variable;TA=S,T,Y;AC=UNIMOD:21"	AC=MS:1001251;NT=Trypsin	AC=MS:1002038;NT=label free sample	10 ppm	20 ppm	1
PXD062642-Sample-23	Homo sapiens	Others	Prostate stromal cells 	Prostate stromal cells 	not applicable	not available	not available	normal	JH23_PrSC_SCX_r1_f02	not available	1	not applicable	PXD062642	JH23_PrSC_SCX_r1_f02.raw	Prostate stromal cells 	ftp://ftp.pride.ebi.ac.uk/pride/data/archive/2026/01/PXD062642/JH23_PrSC_SCX_r1_f02.raw	2	1	NT=Orbitrap Fusion Lumos;AC=MS:1002732	NT=Carbamidomethyl;TA=C;MT=fixed;AC=UNIMOD:4	NT=Acetyl; MT=Variable; PP=Protein N-term; AC=UNIMOD:1	NT=Oxidation;MT=Variable;TA=M;AC=UNIMOD:35	"NT=Phospho;MT=Variable;TA=S,T,Y;AC=UNIMOD:21"	AC=MS:1001251;NT=Trypsin	AC=MS:1002038;NT=label free sample	10 ppm	20 ppm	1
PXD062642-Sample-23	Homo sapiens	Others	Prostate stromal cells 	Prostate stromal cells 	not applicable	not available	not available	normal	JH23_PrSC_SCX_r1_f03	not available	1	not applicable	PXD062642	JH23_PrSC_SCX_r1_f03.raw	Prostate stromal cells 	ftp://ftp.pride.ebi.ac.uk/pride/data/archive/2026/01/PXD062642/JH23_PrSC_SCX_r1_f03.raw	3	1	NT=Orbitrap Fusion Lumos;AC=MS:1002732	NT=Carbamidomethyl;TA=C;MT=fixed;AC=UNIMOD:4	NT=Acetyl; MT=Variable; PP=Protein N-term; AC=UNIMOD:1	NT=Oxidation;MT=Variable;TA=M;AC=UNIMOD:35	"NT=Phospho;MT=Variable;TA=S,T,Y;AC=UNIMOD:21"	AC=MS:1001251;NT=Trypsin	AC=MS:1002038;NT=label free sample	10 ppm	20 ppm	1
PXD062642-Sample-23	Homo sapiens	Others	Prostate stromal cells 	Prostate stromal cells 	not applicable	not available	not available	normal	JH23_PrSC_SCX_r1_f04	not available	1	not applicable	PXD062642	JH23_PrSC_SCX_r1_f04.raw	Prostate stromal cells 	ftp://ftp.pride.ebi.ac.uk/pride/data/archive/2026/01/PXD062642/JH23_PrSC_SCX_r1_f04.raw	4	1	NT=Orbitrap Fusion Lumos;AC=MS:1002732	NT=Carbamidomethyl;TA=C;MT=fixed;AC=UNIMOD:4	NT=Acetyl; MT=Variable; PP=Protein N-term; AC=UNIMOD:1	NT=Oxidation;MT=Variable;TA=M;AC=UNIMOD:35	"NT=Phospho;MT=Variable;TA=S,T,Y;AC=UNIMOD:21"	AC=MS:1001251;NT=Trypsin	AC=MS:1002038;NT=label free sample	10 ppm	20 ppm	1
PXD062642-Sample-23	Homo sapiens	Others	Prostate stromal cells 	Prostate stromal cells 	not applicable	not available	not available	normal	JH23_PrSC_SCX_r1_f05	not available	1	not applicable	PXD062642	JH23_PrSC_SCX_r1_f05.raw	Prostate stromal cells 	ftp://ftp.pride.ebi.ac.uk/pride/data/archive/2026/01/PXD062642/JH23_PrSC_SCX_r1_f05.raw	5	1	NT=Orbitrap Fusion Lumos;AC=MS:1002732	NT=Carbamidomethyl;TA=C;MT=fixed;AC=UNIMOD:4	NT=Acetyl; MT=Variable; PP=Protein N-term; AC=UNIMOD:1	NT=Oxidation;MT=Variable;TA=M;AC=UNIMOD:35	"NT=Phospho;MT=Variable;TA=S,T,Y;AC=UNIMOD:21"	AC=MS:1001251;NT=Trypsin	AC=MS:1002038;NT=label free sample	10 ppm	20 ppm	1
PXD062642-Sample-23	Homo sapiens	Others	Prostate stromal cells 	Prostate stromal cells 	not applicable	not available	not available	normal	JH23_PrSC_SCX_r1_f06	not available	1	not applicable	PXD062642	JH23_PrSC_SCX_r1_f06.raw	Prostate stromal cells 	ftp://ftp.pride.ebi.ac.uk/pride/data/archive/2026/01/PXD062642/JH23_PrSC_SCX_r1_f06.raw	6	1	NT=Orbitrap Fusion Lumos;AC=MS:1002732	NT=Carbamidomethyl;TA=C;MT=fixed;AC=UNIMOD:4	NT=Acetyl; MT=Variable; PP=Protein N-term; AC=UNIMOD:1	NT=Oxidation;MT=Variable;TA=M;AC=UNIMOD:35	"NT=Phospho;MT=Variable;TA=S,T,Y;AC=UNIMOD:21"	AC=MS:1001251;NT=Trypsin	AC=MS:1002038;NT=label free sample	10 ppm	20 ppm	1
PXD062642-Sample-23	Homo sapiens	Others	Prostate stromal cells 	Prostate stromal cells 	not applicable	not available	not available	normal	JH23_PrSC_SCX_r2_f01	not available	1	not applicable	PXD062642	JH23_PrSC_SCX_r2_f01.raw	Prostate stromal cells 	ftp://ftp.pride.ebi.ac.uk/pride/data/archive/2026/01/PXD062642/JH23_PrSC_SCX_r2_f01.raw	1	2	NT=Orbitrap Fusion Lumos;AC=MS:1002732	NT=Carbamidomethyl;TA=C;MT=fixed;AC=UNIMOD:4	NT=Acetyl; MT=Variable; PP=Protein N-term; AC=UNIMOD:1	NT=Oxidation;MT=Variable;TA=M;AC=UNIMOD:35	"NT=Phospho;MT=Variable;TA=S,T,Y;AC=UNIMOD:21"	AC=MS:1001251;NT=Trypsin	AC=MS:1002038;NT=label free sample	10 ppm	20 ppm	1
PXD062642-Sample-23	Homo sapiens	Others	Prostate stromal cells 	Prostate stromal cells 	not applicable	not available	not available	normal	JH23_PrSC_SCX_r2_f02	not available	1	not applicable	PXD062642	JH23_PrSC_SCX_r2_f02.raw	Prostate stromal cells 	ftp://ftp.pride.ebi.ac.uk/pride/data/archive/2026/01/PXD062642/JH23_PrSC_SCX_r2_f02.raw	2	2	NT=Orbitrap Fusion Lumos;AC=MS:1002732	NT=Carbamidomethyl;TA=C;MT=fixed;AC=UNIMOD:4	NT=Acetyl; MT=Variable; PP=Protein N-term; AC=UNIMOD:1	NT=Oxidation;MT=Variable;TA=M;AC=UNIMOD:35	"NT=Phospho;MT=Variable;TA=S,T,Y;AC=UNIMOD:21"	AC=MS:1001251;NT=Trypsin	AC=MS:1002038;NT=label free sample	10 ppm	20 ppm	1
PXD062642-Sample-23	Homo sapiens	Others	Prostate stromal cells 	Prostate stromal cells 	not applicable	not available	not available	normal	JH23_PrSC_SCX_r2_f03	not available	1	not applicable	PXD062642	JH23_PrSC_SCX_r2_f03.raw	Prostate stromal cells 	ftp://ftp.pride.ebi.ac.uk/pride/data/archive/2026/01/PXD062642/JH23_PrSC_SCX_r2_f03.raw	3	2	NT=Orbitrap Fusion Lumos;AC=MS:1002732	NT=Carbamidomethyl;TA=C;MT=fixed;AC=UNIMOD:4	NT=Acetyl; MT=Variable; PP=Protein N-term; AC=UNIMOD:1	NT=Oxidation;MT=Variable;TA=M;AC=UNIMOD:35	"NT=Phospho;MT=Variable;TA=S,T,Y;AC=UNIMOD:21"	AC=MS:1001251;NT=Trypsin	AC=MS:1002038;NT=label free sample	10 ppm	20 ppm	1
PXD062642-Sample-23	Homo sapiens	Others	Prostate stromal cells 	Prostate stromal cells 	not applicable	not available	not available	normal	JH23_PrSC_SCX_r2_f04	not available	1	not applicable	PXD062642	JH23_PrSC_SCX_r2_f04.raw	Prostate stromal cells 	ftp://ftp.pride.ebi.ac.uk/pride/data/archive/2026/01/PXD062642/JH23_PrSC_SCX_r2_f04.raw	4	2	NT=Orbitrap Fusion Lumos;AC=MS:1002732	NT=Carbamidomethyl;TA=C;MT=fixed;AC=UNIMOD:4	NT=Acetyl; MT=Variable; PP=Protein N-term; AC=UNIMOD:1	NT=Oxidation;MT=Variable;TA=M;AC=UNIMOD:35	"NT=Phospho;MT=Variable;TA=S,T,Y;AC=UNIMOD:21"	AC=MS:1001251;NT=Trypsin	AC=MS:1002038;NT=label free sample	10 ppm	20 ppm	1
PXD062642-Sample-23	Homo sapiens	Others	Prostate stromal cells 	Prostate stromal cells 	not applicable	not available	not available	normal	JH23_PrSC_SCX_r2_f05	not available	1	not applicable	PXD062642	JH23_PrSC_SCX_r2_f05.raw	Prostate stromal cells 	ftp://ftp.pride.ebi.ac.uk/pride/data/archive/2026/01/PXD062642/JH23_PrSC_SCX_r2_f05.raw	5	2	NT=Orbitrap Fusion Lumos;AC=MS:1002732	NT=Carbamidomethyl;TA=C;MT=fixed;AC=UNIMOD:4	NT=Acetyl; MT=Variable; PP=Protein N-term; AC=UNIMOD:1	NT=Oxidation;MT=Variable;TA=M;AC=UNIMOD:35	"NT=Phospho;MT=Variable;TA=S,T,Y;AC=UNIMOD:21"	AC=MS:1001251;NT=Trypsin	AC=MS:1002038;NT=label free sample	10 ppm	20 ppm	1
PXD062642-Sample-23	Homo sapiens	Others	Prostate stromal cells 	Prostate stromal cells 	not applicable	not available	not available	normal	JH23_PrSC_SCX_r2_f06	not available	1	not applicable	PXD062642	JH23_PrSC_SCX_r2_f06.raw	Prostate stromal cells 	ftp://ftp.pride.ebi.ac.uk/pride/data/archive/2026/01/PXD062642/JH23_PrSC_SCX_r2_f06.raw	6	2	NT=Orbitrap Fusion Lumos;AC=MS:1002732	NT=Carbamidomethyl;TA=C;MT=fixed;AC=UNIMOD:4	NT=Acetyl; MT=Variable; PP=Protein N-term; AC=UNIMOD:1	NT=Oxidation;MT=Variable;TA=M;AC=UNIMOD:35	"NT=Phospho;MT=Variable;TA=S,T,Y;AC=UNIMOD:21"	AC=MS:1001251;NT=Trypsin	AC=MS:1002038;NT=label free sample	10 ppm	20 ppm	1
PXD062642-Sample-23	Homo sapiens	Others	Prostate stromal cells 	Prostate stromal cells 	not applicable	not available	not available	normal	JH23_PrSC_SCX_r3_f01	not available	1	not applicable	PXD062642	JH23_PrSC_SCX_r3_f01.raw	Prostate stromal cells 	ftp://ftp.pride.ebi.ac.uk/pride/data/archive/2026/01/PXD062642/JH23_PrSC_SCX_r3_f01.raw	1	3	NT=Orbitrap Fusion Lumos;AC=MS:1002732	NT=Carbamidomethyl;TA=C;MT=fixed;AC=UNIMOD:4	NT=Acetyl; MT=Variable; PP=Protein N-term; AC=UNIMOD:1	NT=Oxidation;MT=Variable;TA=M;AC=UNIMOD:35	"NT=Phospho;MT=Variable;TA=S,T,Y;AC=UNIMOD:21"	AC=MS:1001251;NT=Trypsin	AC=MS:1002038;NT=label free sample	10 ppm	20 ppm	1
PXD062642-Sample-23	Homo sapiens	Others	Prostate stromal cells 	Prostate stromal cells 	not applicable	not available	not available	normal	JH23_PrSC_SCX_r3_f02	not available	1	not applicable	PXD062642	JH23_PrSC_SCX_r3_f02.raw	Prostate stromal cells 	ftp://ftp.pride.ebi.ac.uk/pride/data/archive/2026/01/PXD062642/JH23_PrSC_SCX_r3_f02.raw	2	3	NT=Orbitrap Fusion Lumos;AC=MS:1002732	NT=Carbamidomethyl;TA=C;MT=fixed;AC=UNIMOD:4	NT=Acetyl; MT=Variable; PP=Protein N-term; AC=UNIMOD:1	NT=Oxidation;MT=Variable;TA=M;AC=UNIMOD:35	"NT=Phospho;MT=Variable;TA=S,T,Y;AC=UNIMOD:21"	AC=MS:1001251;NT=Trypsin	AC=MS:1002038;NT=label free sample	10 ppm	20 ppm	1
PXD062642-Sample-23	Homo sapiens	Others	Prostate stromal cells 	Prostate stromal cells 	not applicable	not available	not available	normal	JH23_PrSC_SCX_r3_f03	not available	1	not applicable	PXD062642	JH23_PrSC_SCX_r3_f03.raw	Prostate stromal cells 	ftp://ftp.pride.ebi.ac.uk/pride/data/archive/2026/01/PXD062642/JH23_PrSC_SCX_r3_f03.raw	3	3	NT=Orbitrap Fusion Lumos;AC=MS:1002732	NT=Carbamidomethyl;TA=C;MT=fixed;AC=UNIMOD:4	NT=Acetyl; MT=Variable; PP=Protein N-term; AC=UNIMOD:1	NT=Oxidation;MT=Variable;TA=M;AC=UNIMOD:35	"NT=Phospho;MT=Variable;TA=S,T,Y;AC=UNIMOD:21"	AC=MS:1001251;NT=Trypsin	AC=MS:1002038;NT=label free sample	10 ppm	20 ppm	1
PXD062642-Sample-23	Homo sapiens	Others	Prostate stromal cells 	Prostate stromal cells 	not applicable	not available	not available	normal	JH23_PrSC_SCX_r3_f04	not available	1	not applicable	PXD062642	JH23_PrSC_SCX_r3_f04.raw	Prostate stromal cells 	ftp://ftp.pride.ebi.ac.uk/pride/data/archive/2026/01/PXD062642/JH23_PrSC_SCX_r3_f04.raw	4	3	NT=Orbitrap Fusion Lumos;AC=MS:1002732	NT=Carbamidomethyl;TA=C;MT=fixed;AC=UNIMOD:4	NT=Acetyl; MT=Variable; PP=Protein N-term; AC=UNIMOD:1	NT=Oxidation;MT=Variable;TA=M;AC=UNIMOD:35	"NT=Phospho;MT=Variable;TA=S,T,Y;AC=UNIMOD:21"	AC=MS:1001251;NT=Trypsin	AC=MS:1002038;NT=label free sample	10 ppm	20 ppm	1
PXD062642-Sample-23	Homo sapiens	Others	Prostate stromal cells 	Prostate stromal cells 	not applicable	not available	not available	normal	JH23_PrSC_SCX_r3_f05	not available	1	not applicable	PXD062642	JH23_PrSC_SCX_r3_f05.raw	Prostate stromal cells 	ftp://ftp.pride.ebi.ac.uk/pride/data/archive/2026/01/PXD062642/JH23_PrSC_SCX_r3_f05.raw	5	3	NT=Orbitrap Fusion Lumos;AC=MS:1002732	NT=Carbamidomethyl;TA=C;MT=fixed;AC=UNIMOD:4	NT=Acetyl; MT=Variable; PP=Protein N-term; AC=UNIMOD:1	NT=Oxidation;MT=Variable;TA=M;AC=UNIMOD:35	"NT=Phospho;MT=Variable;TA=S,T,Y;AC=UNIMOD:21"	AC=MS:1001251;NT=Trypsin	AC=MS:1002038;NT=label free sample	10 ppm	20 ppm	1
PXD062642-Sample-23	Homo sapiens	Others	Prostate stromal cells 	Prostate stromal cells 	not applicable	not available	not available	normal	JH23_PrSC_SCX_r3_f06	not available	1	not applicable	PXD062642	JH23_PrSC_SCX_r3_f06.raw	Prostate stromal cells 	ftp://ftp.pride.ebi.ac.uk/pride/data/archive/2026/01/PXD062642/JH23_PrSC_SCX_r3_f06.raw	6	3	NT=Orbitrap Fusion Lumos;AC=MS:1002732	NT=Carbamidomethyl;TA=C;MT=fixed;AC=UNIMOD:4	NT=Acetyl; MT=Variable; PP=Protein N-term; AC=UNIMOD:1	NT=Oxidation;MT=Variable;TA=M;AC=UNIMOD:35	"NT=Phospho;MT=Variable;TA=S,T,Y;AC=UNIMOD:21"	AC=MS:1001251;NT=Trypsin	AC=MS:1002038;NT=label free sample	10 ppm	20 ppm	1
PXD062642-Sample-24	Homo sapiens	Others	Skeletal muscle myoblasts	Skeletal muscle myoblasts	not applicable	not available	not available	normal	JH24_HSMM_SCX_r1_f01	not available	1	not applicable	PXD062642	JH24_HSMM_SCX_r1_f01.raw	Skeletal muscle myoblasts	ftp://ftp.pride.ebi.ac.uk/pride/data/archive/2026/01/PXD062642/JH24_HSMM_SCX_r1_f01.raw	1	1	NT=Orbitrap Fusion Lumos;AC=MS:1002732	NT=Carbamidomethyl;TA=C;MT=fixed;AC=UNIMOD:4	NT=Acetyl; MT=Variable; PP=Protein N-term; AC=UNIMOD:1	NT=Oxidation;MT=Variable;TA=M;AC=UNIMOD:35	"NT=Phospho;MT=Variable;TA=S,T,Y;AC=UNIMOD:21"	AC=MS:1001251;NT=Trypsin	AC=MS:1002038;NT=label free sample	10 ppm	20 ppm	1
PXD062642-Sample-24	Homo sapiens	Others	Skeletal muscle myoblasts	Skeletal muscle myoblasts	not applicable	not available	not available	normal	JH24_HSMM_SCX_r1_f02	not available	1	not applicable	PXD062642	JH24_HSMM_SCX_r1_f02.raw	Skeletal muscle myoblasts	ftp://ftp.pride.ebi.ac.uk/pride/data/archive/2026/01/PXD062642/JH24_HSMM_SCX_r1_f02.raw	2	1	NT=Orbitrap Fusion Lumos;AC=MS:1002732	NT=Carbamidomethyl;TA=C;MT=fixed;AC=UNIMOD:4	NT=Acetyl; MT=Variable; PP=Protein N-term; AC=UNIMOD:1	NT=Oxidation;MT=Variable;TA=M;AC=UNIMOD:35	"NT=Phospho;MT=Variable;TA=S,T,Y;AC=UNIMOD:21"	AC=MS:1001251;NT=Trypsin	AC=MS:1002038;NT=label free sample	10 ppm	20 ppm	1
PXD062642-Sample-24	Homo sapiens	Others	Skeletal muscle myoblasts	Skeletal muscle myoblasts	not applicable	not available	not available	normal	JH24_HSMM_SCX_r1_f03	not available	1	not applicable	PXD062642	JH24_HSMM_SCX_r1_f03.raw	Skeletal muscle myoblasts	ftp://ftp.pride.ebi.ac.uk/pride/data/archive/2026/01/PXD062642/JH24_HSMM_SCX_r1_f03.raw	3	1	NT=Orbitrap Fusion Lumos;AC=MS:1002732	NT=Carbamidomethyl;TA=C;MT=fixed;AC=UNIMOD:4	NT=Acetyl; MT=Variable; PP=Protein N-term; AC=UNIMOD:1	NT=Oxidation;MT=Variable;TA=M;AC=UNIMOD:35	"NT=Phospho;MT=Variable;TA=S,T,Y;AC=UNIMOD:21"	AC=MS:1001251;NT=Trypsin	AC=MS:1002038;NT=label free sample	10 ppm	20 ppm	1
PXD062642-Sample-24	Homo sapiens	Others	Skeletal muscle myoblasts	Skeletal muscle myoblasts	not applicable	not available	not available	normal	JH24_HSMM_SCX_r1_f04	not available	1	not applicable	PXD062642	JH24_HSMM_SCX_r1_f04.raw	Skeletal muscle myoblasts	ftp://ftp.pride.ebi.ac.uk/pride/data/archive/2026/01/PXD062642/JH24_HSMM_SCX_r1_f04.raw	4	1	NT=Orbitrap Fusion Lumos;AC=MS:1002732	NT=Carbamidomethyl;TA=C;MT=fixed;AC=UNIMOD:4	NT=Acetyl; MT=Variable; PP=Protein N-term; AC=UNIMOD:1	NT=Oxidation;MT=Variable;TA=M;AC=UNIMOD:35	"NT=Phospho;MT=Variable;TA=S,T,Y;AC=UNIMOD:21"	AC=MS:1001251;NT=Trypsin	AC=MS:1002038;NT=label free sample	10 ppm	20 ppm	1
PXD062642-Sample-24	Homo sapiens	Others	Skeletal muscle myoblasts	Skeletal muscle myoblasts	not applicable	not available	not available	normal	JH24_HSMM_SCX_r1_f05	not available	1	not applicable	PXD062642	JH24_HSMM_SCX_r1_f05.raw	Skeletal muscle myoblasts	ftp://ftp.pride.ebi.ac.uk/pride/data/archive/2026/01/PXD062642/JH24_HSMM_SCX_r1_f05.raw	5	1	NT=Orbitrap Fusion Lumos;AC=MS:1002732	NT=Carbamidomethyl;TA=C;MT=fixed;AC=UNIMOD:4	NT=Acetyl; MT=Variable; PP=Protein N-term; AC=UNIMOD:1	NT=Oxidation;MT=Variable;TA=M;AC=UNIMOD:35	"NT=Phospho;MT=Variable;TA=S,T,Y;AC=UNIMOD:21"	AC=MS:1001251;NT=Trypsin	AC=MS:1002038;NT=label free sample	10 ppm	20 ppm	1
PXD062642-Sample-24	Homo sapiens	Others	Skeletal muscle myoblasts	Skeletal muscle myoblasts	not applicable	not available	not available	normal	JH24_HSMM_SCX_r1_f06	not available	1	not applicable	PXD062642	JH24_HSMM_SCX_r1_f06.raw	Skeletal muscle myoblasts	ftp://ftp.pride.ebi.ac.uk/pride/data/archive/2026/01/PXD062642/JH24_HSMM_SCX_r1_f06.raw	6	1	NT=Orbitrap Fusion Lumos;AC=MS:1002732	NT=Carbamidomethyl;TA=C;MT=fixed;AC=UNIMOD:4	NT=Acetyl; MT=Variable; PP=Protein N-term; AC=UNIMOD:1	NT=Oxidation;MT=Variable;TA=M;AC=UNIMOD:35	"NT=Phospho;MT=Variable;TA=S,T,Y;AC=UNIMOD:21"	AC=MS:1001251;NT=Trypsin	AC=MS:1002038;NT=label free sample	10 ppm	20 ppm	1
PXD062642-Sample-24	Homo sapiens	Others	Skeletal muscle myoblasts	Skeletal muscle myoblasts	not applicable	not available	not available	normal	JH24_HSMM_SCX_r2_f01	not available	1	not applicable	PXD062642	JH24_HSMM_SCX_r2_f01.raw	Skeletal muscle myoblasts	ftp://ftp.pride.ebi.ac.uk/pride/data/archive/2026/01/PXD062642/JH24_HSMM_SCX_r2_f01.raw	1	2	NT=Orbitrap Fusion Lumos;AC=MS:1002732	NT=Carbamidomethyl;TA=C;MT=fixed;AC=UNIMOD:4	NT=Acetyl; MT=Variable; PP=Protein N-term; AC=UNIMOD:1	NT=Oxidation;MT=Variable;TA=M;AC=UNIMOD:35	"NT=Phospho;MT=Variable;TA=S,T,Y;AC=UNIMOD:21"	AC=MS:1001251;NT=Trypsin	AC=MS:1002038;NT=label free sample	10 ppm	20 ppm	1
PXD062642-Sample-24	Homo sapiens	Others	Skeletal muscle myoblasts	Skeletal muscle myoblasts	not applicable	not available	not available	normal	JH24_HSMM_SCX_r2_f02	not available	1	not applicable	PXD062642	JH24_HSMM_SCX_r2_f02.raw	Skeletal muscle myoblasts	ftp://ftp.pride.ebi.ac.uk/pride/data/archive/2026/01/PXD062642/JH24_HSMM_SCX_r2_f02.raw	2	2	NT=Orbitrap Fusion Lumos;AC=MS:1002732	NT=Carbamidomethyl;TA=C;MT=fixed;AC=UNIMOD:4	NT=Acetyl; MT=Variable; PP=Protein N-term; AC=UNIMOD:1	NT=Oxidation;MT=Variable;TA=M;AC=UNIMOD:35	"NT=Phospho;MT=Variable;TA=S,T,Y;AC=UNIMOD:21"	AC=MS:1001251;NT=Trypsin	AC=MS:1002038;NT=label free sample	10 ppm	20 ppm	1
PXD062642-Sample-24	Homo sapiens	Others	Skeletal muscle myoblasts	Skeletal muscle myoblasts	not applicable	not available	not available	normal	JH24_HSMM_SCX_r2_f03	not available	1	not applicable	PXD062642	JH24_HSMM_SCX_r2_f03.raw	Skeletal muscle myoblasts	ftp://ftp.pride.ebi.ac.uk/pride/data/archive/2026/01/PXD062642/JH24_HSMM_SCX_r2_f03.raw	3	2	NT=Orbitrap Fusion Lumos;AC=MS:1002732	NT=Carbamidomethyl;TA=C;MT=fixed;AC=UNIMOD:4	NT=Acetyl; MT=Variable; PP=Protein N-term; AC=UNIMOD:1	NT=Oxidation;MT=Variable;TA=M;AC=UNIMOD:35	"NT=Phospho;MT=Variable;TA=S,T,Y;AC=UNIMOD:21"	AC=MS:1001251;NT=Trypsin	AC=MS:1002038;NT=label free sample	10 ppm	20 ppm	1
PXD062642-Sample-24	Homo sapiens	Others	Skeletal muscle myoblasts	Skeletal muscle myoblasts	not applicable	not available	not available	normal	JH24_HSMM_SCX_r2_f04	not available	1	not applicable	PXD062642	JH24_HSMM_SCX_r2_f04.raw	Skeletal muscle myoblasts	ftp://ftp.pride.ebi.ac.uk/pride/data/archive/2026/01/PXD062642/JH24_HSMM_SCX_r2_f04.raw	4	2	NT=Orbitrap Fusion Lumos;AC=MS:1002732	NT=Carbamidomethyl;TA=C;MT=fixed;AC=UNIMOD:4	NT=Acetyl; MT=Variable; PP=Protein N-term; AC=UNIMOD:1	NT=Oxidation;MT=Variable;TA=M;AC=UNIMOD:35	"NT=Phospho;MT=Variable;TA=S,T,Y;AC=UNIMOD:21"	AC=MS:1001251;NT=Trypsin	AC=MS:1002038;NT=label free sample	10 ppm	20 ppm	1
PXD062642-Sample-24	Homo sapiens	Others	Skeletal muscle myoblasts	Skeletal muscle myoblasts	not applicable	not available	not available	normal	JH24_HSMM_SCX_r2_f05	not available	1	not applicable	PXD062642	JH24_HSMM_SCX_r2_f05.raw	Skeletal muscle myoblasts	ftp://ftp.pride.ebi.ac.uk/pride/data/archive/2026/01/PXD062642/JH24_HSMM_SCX_r2_f05.raw	5	2	NT=Orbitrap Fusion Lumos;AC=MS:1002732	NT=Carbamidomethyl;TA=C;MT=fixed;AC=UNIMOD:4	NT=Acetyl; MT=Variable; PP=Protein N-term; AC=UNIMOD:1	NT=Oxidation;MT=Variable;TA=M;AC=UNIMOD:35	"NT=Phospho;MT=Variable;TA=S,T,Y;AC=UNIMOD:21"	AC=MS:1001251;NT=Trypsin	AC=MS:1002038;NT=label free sample	10 ppm	20 ppm	1
PXD062642-Sample-24	Homo sapiens	Others	Skeletal muscle myoblasts	Skeletal muscle myoblasts	not applicable	not available	not available	normal	JH24_HSMM_SCX_r2_f06	not available	1	not applicable	PXD062642	JH24_HSMM_SCX_r2_f06.raw	Skeletal muscle myoblasts	ftp://ftp.pride.ebi.ac.uk/pride/data/archive/2026/01/PXD062642/JH24_HSMM_SCX_r2_f06.raw	6	2	NT=Orbitrap Fusion Lumos;AC=MS:1002732	NT=Carbamidomethyl;TA=C;MT=fixed;AC=UNIMOD:4	NT=Acetyl; MT=Variable; PP=Protein N-term; AC=UNIMOD:1	NT=Oxidation;MT=Variable;TA=M;AC=UNIMOD:35	"NT=Phospho;MT=Variable;TA=S,T,Y;AC=UNIMOD:21"	AC=MS:1001251;NT=Trypsin	AC=MS:1002038;NT=label free sample	10 ppm	20 ppm	1
PXD062642-Sample-24	Homo sapiens	Others	Skeletal muscle myoblasts	Skeletal muscle myoblasts	not applicable	not available	not available	normal	JH24_HSMM_SCX_r3_f01	not available	1	not applicable	PXD062642	JH24_HSMM_SCX_r3_f01.raw	Skeletal muscle myoblasts	ftp://ftp.pride.ebi.ac.uk/pride/data/archive/2026/01/PXD062642/JH24_HSMM_SCX_r3_f01.raw	1	3	NT=Orbitrap Fusion Lumos;AC=MS:1002732	NT=Carbamidomethyl;TA=C;MT=fixed;AC=UNIMOD:4	NT=Acetyl; MT=Variable; PP=Protein N-term; AC=UNIMOD:1	NT=Oxidation;MT=Variable;TA=M;AC=UNIMOD:35	"NT=Phospho;MT=Variable;TA=S,T,Y;AC=UNIMOD:21"	AC=MS:1001251;NT=Trypsin	AC=MS:1002038;NT=label free sample	10 ppm	20 ppm	1
PXD062642-Sample-24	Homo sapiens	Others	Skeletal muscle myoblasts	Skeletal muscle myoblasts	not applicable	not available	not available	normal	JH24_HSMM_SCX_r3_f02	not available	1	not applicable	PXD062642	JH24_HSMM_SCX_r3_f02.raw	Skeletal muscle myoblasts	ftp://ftp.pride.ebi.ac.uk/pride/data/archive/2026/01/PXD062642/JH24_HSMM_SCX_r3_f02.raw	2	3	NT=Orbitrap Fusion Lumos;AC=MS:1002732	NT=Carbamidomethyl;TA=C;MT=fixed;AC=UNIMOD:4	NT=Acetyl; MT=Variable; PP=Protein N-term; AC=UNIMOD:1	NT=Oxidation;MT=Variable;TA=M;AC=UNIMOD:35	"NT=Phospho;MT=Variable;TA=S,T,Y;AC=UNIMOD:21"	AC=MS:1001251;NT=Trypsin	AC=MS:1002038;NT=label free sample	10 ppm	20 ppm	1
PXD062642-Sample-24	Homo sapiens	Others	Skeletal muscle myoblasts	Skeletal muscle myoblasts	not applicable	not available	not available	normal	JH24_HSMM_SCX_r3_f03	not available	1	not applicable	PXD062642	JH24_HSMM_SCX_r3_f03.raw	Skeletal muscle myoblasts	ftp://ftp.pride.ebi.ac.uk/pride/data/archive/2026/01/PXD062642/JH24_HSMM_SCX_r3_f03.raw	3	3	NT=Orbitrap Fusion Lumos;AC=MS:1002732	NT=Carbamidomethyl;TA=C;MT=fixed;AC=UNIMOD:4	NT=Acetyl; MT=Variable; PP=Protein N-term; AC=UNIMOD:1	NT=Oxidation;MT=Variable;TA=M;AC=UNIMOD:35	"NT=Phospho;MT=Variable;TA=S,T,Y;AC=UNIMOD:21"	AC=MS:1001251;NT=Trypsin	AC=MS:1002038;NT=label free sample	10 ppm	20 ppm	1
PXD062642-Sample-24	Homo sapiens	Others	Skeletal muscle myoblasts	Skeletal muscle myoblasts	not applicable	not available	not available	normal	JH24_HSMM_SCX_r3_f04	not available	1	not applicable	PXD062642	JH24_HSMM_SCX_r3_f04.raw	Skeletal muscle myoblasts	ftp://ftp.pride.ebi.ac.uk/pride/data/archive/2026/01/PXD062642/JH24_HSMM_SCX_r3_f04.raw	4	3	NT=Orbitrap Fusion Lumos;AC=MS:1002732	NT=Carbamidomethyl;TA=C;MT=fixed;AC=UNIMOD:4	NT=Acetyl; MT=Variable; PP=Protein N-term; AC=UNIMOD:1	NT=Oxidation;MT=Variable;TA=M;AC=UNIMOD:35	"NT=Phospho;MT=Variable;TA=S,T,Y;AC=UNIMOD:21"	AC=MS:1001251;NT=Trypsin	AC=MS:1002038;NT=label free sample	10 ppm	20 ppm	1
PXD062642-Sample-24	Homo sapiens	Others	Skeletal muscle myoblasts	Skeletal muscle myoblasts	not applicable	not available	not available	normal	JH24_HSMM_SCX_r3_f05	not available	1	not applicable	PXD062642	JH24_HSMM_SCX_r3_f05.raw	Skeletal muscle myoblasts	ftp://ftp.pride.ebi.ac.uk/pride/data/archive/2026/01/PXD062642/JH24_HSMM_SCX_r3_f05.raw	5	3	NT=Orbitrap Fusion Lumos;AC=MS:1002732	NT=Carbamidomethyl;TA=C;MT=fixed;AC=UNIMOD:4	NT=Acetyl; MT=Variable; PP=Protein N-term; AC=UNIMOD:1	NT=Oxidation;MT=Variable;TA=M;AC=UNIMOD:35	"NT=Phospho;MT=Variable;TA=S,T,Y;AC=UNIMOD:21"	AC=MS:1001251;NT=Trypsin	AC=MS:1002038;NT=label free sample	10 ppm	20 ppm	1
PXD062642-Sample-24	Homo sapiens	Others	Skeletal muscle myoblasts	Skeletal muscle myoblasts	not applicable	not available	not available	normal	JH24_HSMM_SCX_r3_f06	not available	1	not applicable	PXD062642	JH24_HSMM_SCX_r3_f06.raw	Skeletal muscle myoblasts	ftp://ftp.pride.ebi.ac.uk/pride/data/archive/2026/01/PXD062642/JH24_HSMM_SCX_r3_f06.raw	6	3	NT=Orbitrap Fusion Lumos;AC=MS:1002732	NT=Carbamidomethyl;TA=C;MT=fixed;AC=UNIMOD:4	NT=Acetyl; MT=Variable; PP=Protein N-term; AC=UNIMOD:1	NT=Oxidation;MT=Variable;TA=M;AC=UNIMOD:35	"NT=Phospho;MT=Variable;TA=S,T,Y;AC=UNIMOD:21"	AC=MS:1001251;NT=Trypsin	AC=MS:1002038;NT=label free sample	10 ppm	20 ppm	1
PXD062642-Sample-25	Homo sapiens	Others	Intestinal myofibroblasts	Intestinal myofibroblasts	not applicable	not available	not available	normal	JH28_InMyoFib_SCX_r1_f01	not available	1	not applicable	PXD062642	JH28_InMyoFib_SCX_r1_f01.raw	Intestinal myofibroblasts	ftp://ftp.pride.ebi.ac.uk/pride/data/archive/2026/01/PXD062642/JH28_InMyoFib_SCX_r1_f01.raw	1	1	NT=Orbitrap Fusion Lumos;AC=MS:1002732	NT=Carbamidomethyl;TA=C;MT=fixed;AC=UNIMOD:4	NT=Acetyl; MT=Variable; PP=Protein N-term; AC=UNIMOD:1	NT=Oxidation;MT=Variable;TA=M;AC=UNIMOD:35	"NT=Phospho;MT=Variable;TA=S,T,Y;AC=UNIMOD:21"	AC=MS:1001251;NT=Trypsin	AC=MS:1002038;NT=label free sample	10 ppm	20 ppm	1
PXD062642-Sample-25	Homo sapiens	Others	Intestinal myofibroblasts	Intestinal myofibroblasts	not applicable	not available	not available	normal	JH28_InMyoFib_SCX_r1_f02	not available	1	not applicable	PXD062642	JH28_InMyoFib_SCX_r1_f02.raw	Intestinal myofibroblasts	ftp://ftp.pride.ebi.ac.uk/pride/data/archive/2026/01/PXD062642/JH28_InMyoFib_SCX_r1_f02.raw	2	1	NT=Orbitrap Fusion Lumos;AC=MS:1002732	NT=Carbamidomethyl;TA=C;MT=fixed;AC=UNIMOD:4	NT=Acetyl; MT=Variable; PP=Protein N-term; AC=UNIMOD:1	NT=Oxidation;MT=Variable;TA=M;AC=UNIMOD:35	"NT=Phospho;MT=Variable;TA=S,T,Y;AC=UNIMOD:21"	AC=MS:1001251;NT=Trypsin	AC=MS:1002038;NT=label free sample	10 ppm	20 ppm	1
PXD062642-Sample-25	Homo sapiens	Others	Intestinal myofibroblasts	Intestinal myofibroblasts	not applicable	not available	not available	normal	JH28_InMyoFib_SCX_r1_f03	not available	1	not applicable	PXD062642	JH28_InMyoFib_SCX_r1_f03.raw	Intestinal myofibroblasts	ftp://ftp.pride.ebi.ac.uk/pride/data/archive/2026/01/PXD062642/JH28_InMyoFib_SCX_r1_f03.raw	3	1	NT=Orbitrap Fusion Lumos;AC=MS:1002732	NT=Carbamidomethyl;TA=C;MT=fixed;AC=UNIMOD:4	NT=Acetyl; MT=Variable; PP=Protein N-term; AC=UNIMOD:1	NT=Oxidation;MT=Variable;TA=M;AC=UNIMOD:35	"NT=Phospho;MT=Variable;TA=S,T,Y;AC=UNIMOD:21"	AC=MS:1001251;NT=Trypsin	AC=MS:1002038;NT=label free sample	10 ppm	20 ppm	1
PXD062642-Sample-25	Homo sapiens	Others	Intestinal myofibroblasts	Intestinal myofibroblasts	not applicable	not available	not available	normal	JH28_InMyoFib_SCX_r1_f04	not available	1	not applicable	PXD062642	JH28_InMyoFib_SCX_r1_f04.raw	Intestinal myofibroblasts	ftp://ftp.pride.ebi.ac.uk/pride/data/archive/2026/01/PXD062642/JH28_InMyoFib_SCX_r1_f04.raw	4	1	NT=Orbitrap Fusion Lumos;AC=MS:1002732	NT=Carbamidomethyl;TA=C;MT=fixed;AC=UNIMOD:4	NT=Acetyl; MT=Variable; PP=Protein N-term; AC=UNIMOD:1	NT=Oxidation;MT=Variable;TA=M;AC=UNIMOD:35	"NT=Phospho;MT=Variable;TA=S,T,Y;AC=UNIMOD:21"	AC=MS:1001251;NT=Trypsin	AC=MS:1002038;NT=label free sample	10 ppm	20 ppm	1
PXD062642-Sample-25	Homo sapiens	Others	Intestinal myofibroblasts	Intestinal myofibroblasts	not applicable	not available	not available	normal	JH28_InMyoFib_SCX_r1_f05	not available	1	not applicable	PXD062642	JH28_InMyoFib_SCX_r1_f05.raw	Intestinal myofibroblasts	ftp://ftp.pride.ebi.ac.uk/pride/data/archive/2026/01/PXD062642/JH28_InMyoFib_SCX_r1_f05.raw	5	1	NT=Orbitrap Fusion Lumos;AC=MS:1002732	NT=Carbamidomethyl;TA=C;MT=fixed;AC=UNIMOD:4	NT=Acetyl; MT=Variable; PP=Protein N-term; AC=UNIMOD:1	NT=Oxidation;MT=Variable;TA=M;AC=UNIMOD:35	"NT=Phospho;MT=Variable;TA=S,T,Y;AC=UNIMOD:21"	AC=MS:1001251;NT=Trypsin	AC=MS:1002038;NT=label free sample	10 ppm	20 ppm	1
PXD062642-Sample-25	Homo sapiens	Others	Intestinal myofibroblasts	Intestinal myofibroblasts	not applicable	not available	not available	normal	JH28_InMyoFib_SCX_r1_f06	not available	1	not applicable	PXD062642	JH28_InMyoFib_SCX_r1_f06.raw	Intestinal myofibroblasts	ftp://ftp.pride.ebi.ac.uk/pride/data/archive/2026/01/PXD062642/JH28_InMyoFib_SCX_r1_f06.raw	6	1	NT=Orbitrap Fusion Lumos;AC=MS:1002732	NT=Carbamidomethyl;TA=C;MT=fixed;AC=UNIMOD:4	NT=Acetyl; MT=Variable; PP=Protein N-term; AC=UNIMOD:1	NT=Oxidation;MT=Variable;TA=M;AC=UNIMOD:35	"NT=Phospho;MT=Variable;TA=S,T,Y;AC=UNIMOD:21"	AC=MS:1001251;NT=Trypsin	AC=MS:1002038;NT=label free sample	10 ppm	20 ppm	1
PXD062642-Sample-25	Homo sapiens	Others	Intestinal myofibroblasts	Intestinal myofibroblasts	not applicable	not available	not available	normal	JH28_InMyoFib_SCX_r2_f01	not available	1	not applicable	PXD062642	JH28_InMyoFib_SCX_r2_f01.raw	Intestinal myofibroblasts	ftp://ftp.pride.ebi.ac.uk/pride/data/archive/2026/01/PXD062642/JH28_InMyoFib_SCX_r2_f01.raw	1	2	NT=Orbitrap Fusion Lumos;AC=MS:1002732	NT=Carbamidomethyl;TA=C;MT=fixed;AC=UNIMOD:4	NT=Acetyl; MT=Variable; PP=Protein N-term; AC=UNIMOD:1	NT=Oxidation;MT=Variable;TA=M;AC=UNIMOD:35	"NT=Phospho;MT=Variable;TA=S,T,Y;AC=UNIMOD:21"	AC=MS:1001251;NT=Trypsin	AC=MS:1002038;NT=label free sample	10 ppm	20 ppm	1
PXD062642-Sample-25	Homo sapiens	Others	Intestinal myofibroblasts	Intestinal myofibroblasts	not applicable	not available	not available	normal	JH28_InMyoFib_SCX_r2_f02	not available	1	not applicable	PXD062642	JH28_InMyoFib_SCX_r2_f02.raw	Intestinal myofibroblasts	ftp://ftp.pride.ebi.ac.uk/pride/data/archive/2026/01/PXD062642/JH28_InMyoFib_SCX_r2_f02.raw	2	2	NT=Orbitrap Fusion Lumos;AC=MS:1002732	NT=Carbamidomethyl;TA=C;MT=fixed;AC=UNIMOD:4	NT=Acetyl; MT=Variable; PP=Protein N-term; AC=UNIMOD:1	NT=Oxidation;MT=Variable;TA=M;AC=UNIMOD:35	"NT=Phospho;MT=Variable;TA=S,T,Y;AC=UNIMOD:21"	AC=MS:1001251;NT=Trypsin	AC=MS:1002038;NT=label free sample	10 ppm	20 ppm	1
PXD062642-Sample-25	Homo sapiens	Others	Intestinal myofibroblasts	Intestinal myofibroblasts	not applicable	not available	not available	normal	JH28_InMyoFib_SCX_r2_f03	not available	1	not applicable	PXD062642	JH28_InMyoFib_SCX_r2_f03.raw	Intestinal myofibroblasts	ftp://ftp.pride.ebi.ac.uk/pride/data/archive/2026/01/PXD062642/JH28_InMyoFib_SCX_r2_f03.raw	3	2	NT=Orbitrap Fusion Lumos;AC=MS:1002732	NT=Carbamidomethyl;TA=C;MT=fixed;AC=UNIMOD:4	NT=Acetyl; MT=Variable; PP=Protein N-term; AC=UNIMOD:1	NT=Oxidation;MT=Variable;TA=M;AC=UNIMOD:35	"NT=Phospho;MT=Variable;TA=S,T,Y;AC=UNIMOD:21"	AC=MS:1001251;NT=Trypsin	AC=MS:1002038;NT=label free sample	10 ppm	20 ppm	1
PXD062642-Sample-25	Homo sapiens	Others	Intestinal myofibroblasts	Intestinal myofibroblasts	not applicable	not available	not available	normal	JH28_InMyoFib_SCX_r2_f04	not available	1	not applicable	PXD062642	JH28_InMyoFib_SCX_r2_f04.raw	Intestinal myofibroblasts	ftp://ftp.pride.ebi.ac.uk/pride/data/archive/2026/01/PXD062642/JH28_InMyoFib_SCX_r2_f04.raw	4	2	NT=Orbitrap Fusion Lumos;AC=MS:1002732	NT=Carbamidomethyl;TA=C;MT=fixed;AC=UNIMOD:4	NT=Acetyl; MT=Variable; PP=Protein N-term; AC=UNIMOD:1	NT=Oxidation;MT=Variable;TA=M;AC=UNIMOD:35	"NT=Phospho;MT=Variable;TA=S,T,Y;AC=UNIMOD:21"	AC=MS:1001251;NT=Trypsin	AC=MS:1002038;NT=label free sample	10 ppm	20 ppm	1
PXD062642-Sample-25	Homo sapiens	Others	Intestinal myofibroblasts	Intestinal myofibroblasts	not applicable	not available	not available	normal	JH28_InMyoFib_SCX_r2_f05	not available	1	not applicable	PXD062642	JH28_InMyoFib_SCX_r2_f05.raw	Intestinal myofibroblasts	ftp://ftp.pride.ebi.ac.uk/pride/data/archive/2026/01/PXD062642/JH28_InMyoFib_SCX_r2_f05.raw	5	2	NT=Orbitrap Fusion Lumos;AC=MS:1002732	NT=Carbamidomethyl;TA=C;MT=fixed;AC=UNIMOD:4	NT=Acetyl; MT=Variable; PP=Protein N-term; AC=UNIMOD:1	NT=Oxidation;MT=Variable;TA=M;AC=UNIMOD:35	"NT=Phospho;MT=Variable;TA=S,T,Y;AC=UNIMOD:21"	AC=MS:1001251;NT=Trypsin	AC=MS:1002038;NT=label free sample	10 ppm	20 ppm	1
PXD062642-Sample-25	Homo sapiens	Others	Intestinal myofibroblasts	Intestinal myofibroblasts	not applicable	not available	not available	normal	JH28_InMyoFib_SCX_r2_f06	not available	1	not applicable	PXD062642	JH28_InMyoFib_SCX_r2_f06.raw	Intestinal myofibroblasts	ftp://ftp.pride.ebi.ac.uk/pride/data/archive/2026/01/PXD062642/JH28_InMyoFib_SCX_r2_f06.raw	6	2	NT=Orbitrap Fusion Lumos;AC=MS:1002732	NT=Carbamidomethyl;TA=C;MT=fixed;AC=UNIMOD:4	NT=Acetyl; MT=Variable; PP=Protein N-term; AC=UNIMOD:1	NT=Oxidation;MT=Variable;TA=M;AC=UNIMOD:35	"NT=Phospho;MT=Variable;TA=S,T,Y;AC=UNIMOD:21"	AC=MS:1001251;NT=Trypsin	AC=MS:1002038;NT=label free sample	10 ppm	20 ppm	1
PXD062642-Sample-25	Homo sapiens	Others	Intestinal myofibroblasts	Intestinal myofibroblasts	not applicable	not available	not available	normal	JH28_InMyoFib_SCX_r3_f01	not available	1	not applicable	PXD062642	JH28_InMyoFib_SCX_r3_f01.raw	Intestinal myofibroblasts	ftp://ftp.pride.ebi.ac.uk/pride/data/archive/2026/01/PXD062642/JH28_InMyoFib_SCX_r3_f01.raw	1	3	NT=Orbitrap Fusion Lumos;AC=MS:1002732	NT=Carbamidomethyl;TA=C;MT=fixed;AC=UNIMOD:4	NT=Acetyl; MT=Variable; PP=Protein N-term; AC=UNIMOD:1	NT=Oxidation;MT=Variable;TA=M;AC=UNIMOD:35	"NT=Phospho;MT=Variable;TA=S,T,Y;AC=UNIMOD:21"	AC=MS:1001251;NT=Trypsin	AC=MS:1002038;NT=label free sample	10 ppm	20 ppm	1
PXD062642-Sample-25	Homo sapiens	Others	Intestinal myofibroblasts	Intestinal myofibroblasts	not applicable	not available	not available	normal	JH28_InMyoFib_SCX_r3_f02	not available	1	not applicable	PXD062642	JH28_InMyoFib_SCX_r3_f02.raw	Intestinal myofibroblasts	ftp://ftp.pride.ebi.ac.uk/pride/data/archive/2026/01/PXD062642/JH28_InMyoFib_SCX_r3_f02.raw	2	3	NT=Orbitrap Fusion Lumos;AC=MS:1002732	NT=Carbamidomethyl;TA=C;MT=fixed;AC=UNIMOD:4	NT=Acetyl; MT=Variable; PP=Protein N-term; AC=UNIMOD:1	NT=Oxidation;MT=Variable;TA=M;AC=UNIMOD:35	"NT=Phospho;MT=Variable;TA=S,T,Y;AC=UNIMOD:21"	AC=MS:1001251;NT=Trypsin	AC=MS:1002038;NT=label free sample	10 ppm	20 ppm	1
PXD062642-Sample-25	Homo sapiens	Others	Intestinal myofibroblasts	Intestinal myofibroblasts	not applicable	not available	not available	normal	JH28_InMyoFib_SCX_r3_f03	not available	1	not applicable	PXD062642	JH28_InMyoFib_SCX_r3_f03.raw	Intestinal myofibroblasts	ftp://ftp.pride.ebi.ac.uk/pride/data/archive/2026/01/PXD062642/JH28_InMyoFib_SCX_r3_f03.raw	3	3	NT=Orbitrap Fusion Lumos;AC=MS:1002732	NT=Carbamidomethyl;TA=C;MT=fixed;AC=UNIMOD:4	NT=Acetyl; MT=Variable; PP=Protein N-term; AC=UNIMOD:1	NT=Oxidation;MT=Variable;TA=M;AC=UNIMOD:35	"NT=Phospho;MT=Variable;TA=S,T,Y;AC=UNIMOD:21"	AC=MS:1001251;NT=Trypsin	AC=MS:1002038;NT=label free sample	10 ppm	20 ppm	1
PXD062642-Sample-25	Homo sapiens	Others	Intestinal myofibroblasts	Intestinal myofibroblasts	not applicable	not available	not available	normal	JH28_InMyoFib_SCX_r3_f04	not available	1	not applicable	PXD062642	JH28_InMyoFib_SCX_r3_f04.raw	Intestinal myofibroblasts	ftp://ftp.pride.ebi.ac.uk/pride/data/archive/2026/01/PXD062642/JH28_InMyoFib_SCX_r3_f04.raw	4	3	NT=Orbitrap Fusion Lumos;AC=MS:1002732	NT=Carbamidomethyl;TA=C;MT=fixed;AC=UNIMOD:4	NT=Acetyl; MT=Variable; PP=Protein N-term; AC=UNIMOD:1	NT=Oxidation;MT=Variable;TA=M;AC=UNIMOD:35	"NT=Phospho;MT=Variable;TA=S,T,Y;AC=UNIMOD:21"	AC=MS:1001251;NT=Trypsin	AC=MS:1002038;NT=label free sample	10 ppm	20 ppm	1
PXD062642-Sample-25	Homo sapiens	Others	Intestinal myofibroblasts	Intestinal myofibroblasts	not applicable	not available	not available	normal	JH28_InMyoFib_SCX_r3_f05	not available	1	not applicable	PXD062642	JH28_InMyoFib_SCX_r3_f05.raw	Intestinal myofibroblasts	ftp://ftp.pride.ebi.ac.uk/pride/data/archive/2026/01/PXD062642/JH28_InMyoFib_SCX_r3_f05.raw	5	3	NT=Orbitrap Fusion Lumos;AC=MS:1002732	NT=Carbamidomethyl;TA=C;MT=fixed;AC=UNIMOD:4	NT=Acetyl; MT=Variable; PP=Protein N-term; AC=UNIMOD:1	NT=Oxidation;MT=Variable;TA=M;AC=UNIMOD:35	"NT=Phospho;MT=Variable;TA=S,T,Y;AC=UNIMOD:21"	AC=MS:1001251;NT=Trypsin	AC=MS:1002038;NT=label free sample	10 ppm	20 ppm	1
PXD062642-Sample-25	Homo sapiens	Others	Intestinal myofibroblasts	Intestinal myofibroblasts	not applicable	not available	not available	normal	JH28_InMyoFib_SCX_r3_f06	not available	1	not applicable	PXD062642	JH28_InMyoFib_SCX_r3_f06.raw	Intestinal myofibroblasts	ftp://ftp.pride.ebi.ac.uk/pride/data/archive/2026/01/PXD062642/JH28_InMyoFib_SCX_r3_f06.raw	6	3	NT=Orbitrap Fusion Lumos;AC=MS:1002732	NT=Carbamidomethyl;TA=C;MT=fixed;AC=UNIMOD:4	NT=Acetyl; MT=Variable; PP=Protein N-term; AC=UNIMOD:1	NT=Oxidation;MT=Variable;TA=M;AC=UNIMOD:35	"NT=Phospho;MT=Variable;TA=S,T,Y;AC=UNIMOD:21"	AC=MS:1001251;NT=Trypsin	AC=MS:1002038;NT=label free sample	10 ppm	20 ppm	1
PXD062642-Sample-26	Homo sapiens	Mesenchymal	Prostate smooth muscle cells	Prostate smooth muscle cells	not applicable	not available	not available	normal	JH29_PrSMC_CellMap_SCX_r1_f01	not available	1	not applicable	PXD062642	JH29_PrSMC_CellMap_SCX_r1_f01.raw	Prostate smooth muscle cells	ftp://ftp.pride.ebi.ac.uk/pride/data/archive/2026/01/PXD062642/JH29_PrSMC_CellMap_SCX_r1_f01.raw	1	1	NT=Orbitrap Fusion Lumos;AC=MS:1002732	NT=Carbamidomethyl;TA=C;MT=fixed;AC=UNIMOD:4	NT=Acetyl; MT=Variable; PP=Protein N-term; AC=UNIMOD:1	NT=Oxidation;MT=Variable;TA=M;AC=UNIMOD:35	"NT=Phospho;MT=Variable;TA=S,T,Y;AC=UNIMOD:21"	AC=MS:1001251;NT=Trypsin	AC=MS:1002038;NT=label free sample	10 ppm	20 ppm	1
PXD062642-Sample-26	Homo sapiens	Mesenchymal	Prostate smooth muscle cells	Prostate smooth muscle cells	not applicable	not available	not available	normal	JH29_PrSMC_CellMap_SCX_r1_f02	not available	1	not applicable	PXD062642	JH29_PrSMC_CellMap_SCX_r1_f02.raw	Prostate smooth muscle cells	ftp://ftp.pride.ebi.ac.uk/pride/data/archive/2026/01/PXD062642/JH29_PrSMC_CellMap_SCX_r1_f02.raw	2	1	NT=Orbitrap Fusion Lumos;AC=MS:1002732	NT=Carbamidomethyl;TA=C;MT=fixed;AC=UNIMOD:4	NT=Acetyl; MT=Variable; PP=Protein N-term; AC=UNIMOD:1	NT=Oxidation;MT=Variable;TA=M;AC=UNIMOD:35	"NT=Phospho;MT=Variable;TA=S,T,Y;AC=UNIMOD:21"	AC=MS:1001251;NT=Trypsin	AC=MS:1002038;NT=label free sample	10 ppm	20 ppm	1
PXD062642-Sample-26	Homo sapiens	Mesenchymal	Prostate smooth muscle cells	Prostate smooth muscle cells	not applicable	not available	not available	normal	JH29_PrSMC_CellMap_SCX_r1_f03	not available	1	not applicable	PXD062642	JH29_PrSMC_CellMap_SCX_r1_f03.raw	Prostate smooth muscle cells	ftp://ftp.pride.ebi.ac.uk/pride/data/archive/2026/01/PXD062642/JH29_PrSMC_CellMap_SCX_r1_f03.raw	3	1	NT=Orbitrap Fusion Lumos;AC=MS:1002732	NT=Carbamidomethyl;TA=C;MT=fixed;AC=UNIMOD:4	NT=Acetyl; MT=Variable; PP=Protein N-term; AC=UNIMOD:1	NT=Oxidation;MT=Variable;TA=M;AC=UNIMOD:35	"NT=Phospho;MT=Variable;TA=S,T,Y;AC=UNIMOD:21"	AC=MS:1001251;NT=Trypsin	AC=MS:1002038;NT=label free sample	10 ppm	20 ppm	1
PXD062642-Sample-26	Homo sapiens	Mesenchymal	Prostate smooth muscle cells	Prostate smooth muscle cells	not applicable	not available	not available	normal	JH29_PrSMC_CellMap_SCX_r1_f04	not available	1	not applicable	PXD062642	JH29_PrSMC_CellMap_SCX_r1_f04.raw	Prostate smooth muscle cells	ftp://ftp.pride.ebi.ac.uk/pride/data/archive/2026/01/PXD062642/JH29_PrSMC_CellMap_SCX_r1_f04.raw	4	1	NT=Orbitrap Fusion Lumos;AC=MS:1002732	NT=Carbamidomethyl;TA=C;MT=fixed;AC=UNIMOD:4	NT=Acetyl; MT=Variable; PP=Protein N-term; AC=UNIMOD:1	NT=Oxidation;MT=Variable;TA=M;AC=UNIMOD:35	"NT=Phospho;MT=Variable;TA=S,T,Y;AC=UNIMOD:21"	AC=MS:1001251;NT=Trypsin	AC=MS:1002038;NT=label free sample	10 ppm	20 ppm	1
PXD062642-Sample-26	Homo sapiens	Mesenchymal	Prostate smooth muscle cells	Prostate smooth muscle cells	not applicable	not available	not available	normal	JH29_PrSMC_CellMap_SCX_r1_f05	not available	1	not applicable	PXD062642	JH29_PrSMC_CellMap_SCX_r1_f05.raw	Prostate smooth muscle cells	ftp://ftp.pride.ebi.ac.uk/pride/data/archive/2026/01/PXD062642/JH29_PrSMC_CellMap_SCX_r1_f05.raw	5	1	NT=Orbitrap Fusion Lumos;AC=MS:1002732	NT=Carbamidomethyl;TA=C;MT=fixed;AC=UNIMOD:4	NT=Acetyl; MT=Variable; PP=Protein N-term; AC=UNIMOD:1	NT=Oxidation;MT=Variable;TA=M;AC=UNIMOD:35	"NT=Phospho;MT=Variable;TA=S,T,Y;AC=UNIMOD:21"	AC=MS:1001251;NT=Trypsin	AC=MS:1002038;NT=label free sample	10 ppm	20 ppm	1
PXD062642-Sample-26	Homo sapiens	Mesenchymal	Prostate smooth muscle cells	Prostate smooth muscle cells	not applicable	not available	not available	normal	JH29_PrSMC_CellMap_SCX_r1_f06	not available	1	not applicable	PXD062642	JH29_PrSMC_CellMap_SCX_r1_f06.raw	Prostate smooth muscle cells	ftp://ftp.pride.ebi.ac.uk/pride/data/archive/2026/01/PXD062642/JH29_PrSMC_CellMap_SCX_r1_f06.raw	6	1	NT=Orbitrap Fusion Lumos;AC=MS:1002732	NT=Carbamidomethyl;TA=C;MT=fixed;AC=UNIMOD:4	NT=Acetyl; MT=Variable; PP=Protein N-term; AC=UNIMOD:1	NT=Oxidation;MT=Variable;TA=M;AC=UNIMOD:35	"NT=Phospho;MT=Variable;TA=S,T,Y;AC=UNIMOD:21"	AC=MS:1001251;NT=Trypsin	AC=MS:1002038;NT=label free sample	10 ppm	20 ppm	1
PXD062642-Sample-26	Homo sapiens	Mesenchymal	Prostate smooth muscle cells	Prostate smooth muscle cells	not applicable	not available	not available	normal	JH29_PrSMC_CellMap_SCX_r2_f01	not available	1	not applicable	PXD062642	JH29_PrSMC_CellMap_SCX_r2_f01.raw	Prostate smooth muscle cells	ftp://ftp.pride.ebi.ac.uk/pride/data/archive/2026/01/PXD062642/JH29_PrSMC_CellMap_SCX_r2_f01.raw	1	2	NT=Orbitrap Fusion Lumos;AC=MS:1002732	NT=Carbamidomethyl;TA=C;MT=fixed;AC=UNIMOD:4	NT=Acetyl; MT=Variable; PP=Protein N-term; AC=UNIMOD:1	NT=Oxidation;MT=Variable;TA=M;AC=UNIMOD:35	"NT=Phospho;MT=Variable;TA=S,T,Y;AC=UNIMOD:21"	AC=MS:1001251;NT=Trypsin	AC=MS:1002038;NT=label free sample	10 ppm	20 ppm	1
PXD062642-Sample-26	Homo sapiens	Mesenchymal	Prostate smooth muscle cells	Prostate smooth muscle cells	not applicable	not available	not available	normal	JH29_PrSMC_CellMap_SCX_r2_f02	not available	1	not applicable	PXD062642	JH29_PrSMC_CellMap_SCX_r2_f02.raw	Prostate smooth muscle cells	ftp://ftp.pride.ebi.ac.uk/pride/data/archive/2026/01/PXD062642/JH29_PrSMC_CellMap_SCX_r2_f02.raw	2	2	NT=Orbitrap Fusion Lumos;AC=MS:1002732	NT=Carbamidomethyl;TA=C;MT=fixed;AC=UNIMOD:4	NT=Acetyl; MT=Variable; PP=Protein N-term; AC=UNIMOD:1	NT=Oxidation;MT=Variable;TA=M;AC=UNIMOD:35	"NT=Phospho;MT=Variable;TA=S,T,Y;AC=UNIMOD:21"	AC=MS:1001251;NT=Trypsin	AC=MS:1002038;NT=label free sample	10 ppm	20 ppm	1
PXD062642-Sample-26	Homo sapiens	Mesenchymal	Prostate smooth muscle cells	Prostate smooth muscle cells	not applicable	not available	not available	normal	JH29_PrSMC_CellMap_SCX_r2_f03	not available	1	not applicable	PXD062642	JH29_PrSMC_CellMap_SCX_r2_f03.raw	Prostate smooth muscle cells	ftp://ftp.pride.ebi.ac.uk/pride/data/archive/2026/01/PXD062642/JH29_PrSMC_CellMap_SCX_r2_f03.raw	3	2	NT=Orbitrap Fusion Lumos;AC=MS:1002732	NT=Carbamidomethyl;TA=C;MT=fixed;AC=UNIMOD:4	NT=Acetyl; MT=Variable; PP=Protein N-term; AC=UNIMOD:1	NT=Oxidation;MT=Variable;TA=M;AC=UNIMOD:35	"NT=Phospho;MT=Variable;TA=S,T,Y;AC=UNIMOD:21"	AC=MS:1001251;NT=Trypsin	AC=MS:1002038;NT=label free sample	10 ppm	20 ppm	1
PXD062642-Sample-26	Homo sapiens	Mesenchymal	Prostate smooth muscle cells	Prostate smooth muscle cells	not applicable	not available	not available	normal	JH29_PrSMC_CellMap_SCX_r2_f04	not available	1	not applicable	PXD062642	JH29_PrSMC_CellMap_SCX_r2_f04.raw	Prostate smooth muscle cells	ftp://ftp.pride.ebi.ac.uk/pride/data/archive/2026/01/PXD062642/JH29_PrSMC_CellMap_SCX_r2_f04.raw	4	2	NT=Orbitrap Fusion Lumos;AC=MS:1002732	NT=Carbamidomethyl;TA=C;MT=fixed;AC=UNIMOD:4	NT=Acetyl; MT=Variable; PP=Protein N-term; AC=UNIMOD:1	NT=Oxidation;MT=Variable;TA=M;AC=UNIMOD:35	"NT=Phospho;MT=Variable;TA=S,T,Y;AC=UNIMOD:21"	AC=MS:1001251;NT=Trypsin	AC=MS:1002038;NT=label free sample	10 ppm	20 ppm	1
PXD062642-Sample-26	Homo sapiens	Mesenchymal	Prostate smooth muscle cells	Prostate smooth muscle cells	not applicable	not available	not available	normal	JH29_PrSMC_CellMap_SCX_r2_f05	not available	1	not applicable	PXD062642	JH29_PrSMC_CellMap_SCX_r2_f05.raw	Prostate smooth muscle cells	ftp://ftp.pride.ebi.ac.uk/pride/data/archive/2026/01/PXD062642/JH29_PrSMC_CellMap_SCX_r2_f05.raw	5	2	NT=Orbitrap Fusion Lumos;AC=MS:1002732	NT=Carbamidomethyl;TA=C;MT=fixed;AC=UNIMOD:4	NT=Acetyl; MT=Variable; PP=Protein N-term; AC=UNIMOD:1	NT=Oxidation;MT=Variable;TA=M;AC=UNIMOD:35	"NT=Phospho;MT=Variable;TA=S,T,Y;AC=UNIMOD:21"	AC=MS:1001251;NT=Trypsin	AC=MS:1002038;NT=label free sample	10 ppm	20 ppm	1
PXD062642-Sample-26	Homo sapiens	Mesenchymal	Prostate smooth muscle cells	Prostate smooth muscle cells	not applicable	not available	not available	normal	JH29_PrSMC_CellMap_SCX_r2_f06	not available	1	not applicable	PXD062642	JH29_PrSMC_CellMap_SCX_r2_f06.raw	Prostate smooth muscle cells	ftp://ftp.pride.ebi.ac.uk/pride/data/archive/2026/01/PXD062642/JH29_PrSMC_CellMap_SCX_r2_f06.raw	6	2	NT=Orbitrap Fusion Lumos;AC=MS:1002732	NT=Carbamidomethyl;TA=C;MT=fixed;AC=UNIMOD:4	NT=Acetyl; MT=Variable; PP=Protein N-term; AC=UNIMOD:1	NT=Oxidation;MT=Variable;TA=M;AC=UNIMOD:35	"NT=Phospho;MT=Variable;TA=S,T,Y;AC=UNIMOD:21"	AC=MS:1001251;NT=Trypsin	AC=MS:1002038;NT=label free sample	10 ppm	20 ppm	1
PXD062642-Sample-26	Homo sapiens	Mesenchymal	Prostate smooth muscle cells	Prostate smooth muscle cells	not applicable	not available	not available	normal	JH29_PrSMC_CellMap_SCX_r3_f01	not available	1	not applicable	PXD062642	JH29_PrSMC_CellMap_SCX_r3_f01.raw	Prostate smooth muscle cells	ftp://ftp.pride.ebi.ac.uk/pride/data/archive/2026/01/PXD062642/JH29_PrSMC_CellMap_SCX_r3_f01.raw	1	3	NT=Orbitrap Fusion Lumos;AC=MS:1002732	NT=Carbamidomethyl;TA=C;MT=fixed;AC=UNIMOD:4	NT=Acetyl; MT=Variable; PP=Protein N-term; AC=UNIMOD:1	NT=Oxidation;MT=Variable;TA=M;AC=UNIMOD:35	"NT=Phospho;MT=Variable;TA=S,T,Y;AC=UNIMOD:21"	AC=MS:1001251;NT=Trypsin	AC=MS:1002038;NT=label free sample	10 ppm	20 ppm	1
PXD062642-Sample-26	Homo sapiens	Mesenchymal	Prostate smooth muscle cells	Prostate smooth muscle cells	not applicable	not available	not available	normal	JH29_PrSMC_CellMap_SCX_r3_f02	not available	1	not applicable	PXD062642	JH29_PrSMC_CellMap_SCX_r3_f02.raw	Prostate smooth muscle cells	ftp://ftp.pride.ebi.ac.uk/pride/data/archive/2026/01/PXD062642/JH29_PrSMC_CellMap_SCX_r3_f02.raw	2	3	NT=Orbitrap Fusion Lumos;AC=MS:1002732	NT=Carbamidomethyl;TA=C;MT=fixed;AC=UNIMOD:4	NT=Acetyl; MT=Variable; PP=Protein N-term; AC=UNIMOD:1	NT=Oxidation;MT=Variable;TA=M;AC=UNIMOD:35	"NT=Phospho;MT=Variable;TA=S,T,Y;AC=UNIMOD:21"	AC=MS:1001251;NT=Trypsin	AC=MS:1002038;NT=label free sample	10 ppm	20 ppm	1
PXD062642-Sample-26	Homo sapiens	Mesenchymal	Prostate smooth muscle cells	Prostate smooth muscle cells	not applicable	not available	not available	normal	JH29_PrSMC_CellMap_SCX_r3_f03	not available	1	not applicable	PXD062642	JH29_PrSMC_CellMap_SCX_r3_f03.raw	Prostate smooth muscle cells	ftp://ftp.pride.ebi.ac.uk/pride/data/archive/2026/01/PXD062642/JH29_PrSMC_CellMap_SCX_r3_f03.raw	3	3	NT=Orbitrap Fusion Lumos;AC=MS:1002732	NT=Carbamidomethyl;TA=C;MT=fixed;AC=UNIMOD:4	NT=Acetyl; MT=Variable; PP=Protein N-term; AC=UNIMOD:1	NT=Oxidation;MT=Variable;TA=M;AC=UNIMOD:35	"NT=Phospho;MT=Variable;TA=S,T,Y;AC=UNIMOD:21"	AC=MS:1001251;NT=Trypsin	AC=MS:1002038;NT=label free sample	10 ppm	20 ppm	1
PXD062642-Sample-26	Homo sapiens	Mesenchymal	Prostate smooth muscle cells	Prostate smooth muscle cells	not applicable	not available	not available	normal	JH29_PrSMC_CellMap_SCX_r3_f04	not available	1	not applicable	PXD062642	JH29_PrSMC_CellMap_SCX_r3_f04.raw	Prostate smooth muscle cells	ftp://ftp.pride.ebi.ac.uk/pride/data/archive/2026/01/PXD062642/JH29_PrSMC_CellMap_SCX_r3_f04.raw	4	3	NT=Orbitrap Fusion Lumos;AC=MS:1002732	NT=Carbamidomethyl;TA=C;MT=fixed;AC=UNIMOD:4	NT=Acetyl; MT=Variable; PP=Protein N-term; AC=UNIMOD:1	NT=Oxidation;MT=Variable;TA=M;AC=UNIMOD:35	"NT=Phospho;MT=Variable;TA=S,T,Y;AC=UNIMOD:21"	AC=MS:1001251;NT=Trypsin	AC=MS:1002038;NT=label free sample	10 ppm	20 ppm	1
PXD062642-Sample-26	Homo sapiens	Mesenchymal	Prostate smooth muscle cells	Prostate smooth muscle cells	not applicable	not available	not available	normal	JH29_PrSMC_CellMap_SCX_r3_f05	not available	1	not applicable	PXD062642	JH29_PrSMC_CellMap_SCX_r3_f05.raw	Prostate smooth muscle cells	ftp://ftp.pride.ebi.ac.uk/pride/data/archive/2026/01/PXD062642/JH29_PrSMC_CellMap_SCX_r3_f05.raw	5	3	NT=Orbitrap Fusion Lumos;AC=MS:1002732	NT=Carbamidomethyl;TA=C;MT=fixed;AC=UNIMOD:4	NT=Acetyl; MT=Variable; PP=Protein N-term; AC=UNIMOD:1	NT=Oxidation;MT=Variable;TA=M;AC=UNIMOD:35	"NT=Phospho;MT=Variable;TA=S,T,Y;AC=UNIMOD:21"	AC=MS:1001251;NT=Trypsin	AC=MS:1002038;NT=label free sample	10 ppm	20 ppm	1
PXD062642-Sample-26	Homo sapiens	Mesenchymal	Prostate smooth muscle cells	Prostate smooth muscle cells	not applicable	not available	not available	normal	JH29_PrSMC_CellMap_SCX_r3_f06	not available	1	not applicable	PXD062642	JH29_PrSMC_CellMap_SCX_r3_f06.raw	Prostate smooth muscle cells	ftp://ftp.pride.ebi.ac.uk/pride/data/archive/2026/01/PXD062642/JH29_PrSMC_CellMap_SCX_r3_f06.raw	6	3	NT=Orbitrap Fusion Lumos;AC=MS:1002732	NT=Carbamidomethyl;TA=C;MT=fixed;AC=UNIMOD:4	NT=Acetyl; MT=Variable; PP=Protein N-term; AC=UNIMOD:1	NT=Oxidation;MT=Variable;TA=M;AC=UNIMOD:35	"NT=Phospho;MT=Variable;TA=S,T,Y;AC=UNIMOD:21"	AC=MS:1001251;NT=Trypsin	AC=MS:1002038;NT=label free sample	10 ppm	20 ppm	1
PXD062642-Sample-27	Homo sapiens	Others	Articular chondrocytes	Articular chondrocytes	not applicable	not available	not available	normal	NHAC-Kn_SCX_r1_f01	not available	1	not applicable	PXD062642	NHAC-Kn_SCX_r1_f01.raw	Articular chondrocytes	ftp://ftp.pride.ebi.ac.uk/pride/data/archive/2026/01/PXD062642/NHAC-Kn_SCX_r1_f01.raw	1	1	NT=Orbitrap Fusion Lumos;AC=MS:1002732	NT=Carbamidomethyl;TA=C;MT=fixed;AC=UNIMOD:4	NT=Acetyl; MT=Variable; PP=Protein N-term; AC=UNIMOD:1	NT=Oxidation;MT=Variable;TA=M;AC=UNIMOD:35	"NT=Phospho;MT=Variable;TA=S,T,Y;AC=UNIMOD:21"	AC=MS:1001251;NT=Trypsin	AC=MS:1002038;NT=label free sample	10 ppm	20 ppm	1
PXD062642-Sample-27	Homo sapiens	Others	Articular chondrocytes	Articular chondrocytes	not applicable	not available	not available	normal	NHAC-Kn_SCX_r1_f02	not available	1	not applicable	PXD062642	NHAC-Kn_SCX_r1_f02.raw	Articular chondrocytes	ftp://ftp.pride.ebi.ac.uk/pride/data/archive/2026/01/PXD062642/NHAC-Kn_SCX_r1_f02.raw	2	1	NT=Orbitrap Fusion Lumos;AC=MS:1002732	NT=Carbamidomethyl;TA=C;MT=fixed;AC=UNIMOD:4	NT=Acetyl; MT=Variable; PP=Protein N-term; AC=UNIMOD:1	NT=Oxidation;MT=Variable;TA=M;AC=UNIMOD:35	"NT=Phospho;MT=Variable;TA=S,T,Y;AC=UNIMOD:21"	AC=MS:1001251;NT=Trypsin	AC=MS:1002038;NT=label free sample	10 ppm	20 ppm	1
PXD062642-Sample-27	Homo sapiens	Others	Articular chondrocytes	Articular chondrocytes	not applicable	not available	not available	normal	NHAC-Kn_SCX_r1_f03	not available	1	not applicable	PXD062642	NHAC-Kn_SCX_r1_f03.raw	Articular chondrocytes	ftp://ftp.pride.ebi.ac.uk/pride/data/archive/2026/01/PXD062642/NHAC-Kn_SCX_r1_f03.raw	3	1	NT=Orbitrap Fusion Lumos;AC=MS:1002732	NT=Carbamidomethyl;TA=C;MT=fixed;AC=UNIMOD:4	NT=Acetyl; MT=Variable; PP=Protein N-term; AC=UNIMOD:1	NT=Oxidation;MT=Variable;TA=M;AC=UNIMOD:35	"NT=Phospho;MT=Variable;TA=S,T,Y;AC=UNIMOD:21"	AC=MS:1001251;NT=Trypsin	AC=MS:1002038;NT=label free sample	10 ppm	20 ppm	1
PXD062642-Sample-27	Homo sapiens	Others	Articular chondrocytes	Articular chondrocytes	not applicable	not available	not available	normal	NHAC-Kn_SCX_r1_f04	not available	1	not applicable	PXD062642	NHAC-Kn_SCX_r1_f04.raw	Articular chondrocytes	ftp://ftp.pride.ebi.ac.uk/pride/data/archive/2026/01/PXD062642/NHAC-Kn_SCX_r1_f04.raw	4	1	NT=Orbitrap Fusion Lumos;AC=MS:1002732	NT=Carbamidomethyl;TA=C;MT=fixed;AC=UNIMOD:4	NT=Acetyl; MT=Variable; PP=Protein N-term; AC=UNIMOD:1	NT=Oxidation;MT=Variable;TA=M;AC=UNIMOD:35	"NT=Phospho;MT=Variable;TA=S,T,Y;AC=UNIMOD:21"	AC=MS:1001251;NT=Trypsin	AC=MS:1002038;NT=label free sample	10 ppm	20 ppm	1
PXD062642-Sample-27	Homo sapiens	Others	Articular chondrocytes	Articular chondrocytes	not applicable	not available	not available	normal	NHAC-Kn_SCX_r1_f05	not available	1	not applicable	PXD062642	NHAC-Kn_SCX_r1_f05.raw	Articular chondrocytes	ftp://ftp.pride.ebi.ac.uk/pride/data/archive/2026/01/PXD062642/NHAC-Kn_SCX_r1_f05.raw	5	1	NT=Orbitrap Fusion Lumos;AC=MS:1002732	NT=Carbamidomethyl;TA=C;MT=fixed;AC=UNIMOD:4	NT=Acetyl; MT=Variable; PP=Protein N-term; AC=UNIMOD:1	NT=Oxidation;MT=Variable;TA=M;AC=UNIMOD:35	"NT=Phospho;MT=Variable;TA=S,T,Y;AC=UNIMOD:21"	AC=MS:1001251;NT=Trypsin	AC=MS:1002038;NT=label free sample	10 ppm	20 ppm	1
PXD062642-Sample-27	Homo sapiens	Others	Articular chondrocytes	Articular chondrocytes	not applicable	not available	not available	normal	NHAC-Kn_SCX_r1_f06	not available	1	not applicable	PXD062642	NHAC-Kn_SCX_r1_f06.raw	Articular chondrocytes	ftp://ftp.pride.ebi.ac.uk/pride/data/archive/2026/01/PXD062642/NHAC-Kn_SCX_r1_f06.raw	6	1	NT=Orbitrap Fusion Lumos;AC=MS:1002732	NT=Carbamidomethyl;TA=C;MT=fixed;AC=UNIMOD:4	NT=Acetyl; MT=Variable; PP=Protein N-term; AC=UNIMOD:1	NT=Oxidation;MT=Variable;TA=M;AC=UNIMOD:35	"NT=Phospho;MT=Variable;TA=S,T,Y;AC=UNIMOD:21"	AC=MS:1001251;NT=Trypsin	AC=MS:1002038;NT=label free sample	10 ppm	20 ppm	1
PXD062642-Sample-27	Homo sapiens	Others	Articular chondrocytes	Articular chondrocytes	not applicable	not available	not available	normal	NHAC-Kn_SCX_r2_f01	not available	1	not applicable	PXD062642	NHAC-Kn_SCX_r2_f01.raw	Articular chondrocytes	ftp://ftp.pride.ebi.ac.uk/pride/data/archive/2026/01/PXD062642/NHAC-Kn_SCX_r2_f01.raw	1	2	NT=Orbitrap Fusion Lumos;AC=MS:1002732	NT=Carbamidomethyl;TA=C;MT=fixed;AC=UNIMOD:4	NT=Acetyl; MT=Variable; PP=Protein N-term; AC=UNIMOD:1	NT=Oxidation;MT=Variable;TA=M;AC=UNIMOD:35	"NT=Phospho;MT=Variable;TA=S,T,Y;AC=UNIMOD:21"	AC=MS:1001251;NT=Trypsin	AC=MS:1002038;NT=label free sample	10 ppm	20 ppm	1
PXD062642-Sample-27	Homo sapiens	Others	Articular chondrocytes	Articular chondrocytes	not applicable	not available	not available	normal	NHAC-Kn_SCX_r2_f02	not available	1	not applicable	PXD062642	NHAC-Kn_SCX_r2_f02.raw	Articular chondrocytes	ftp://ftp.pride.ebi.ac.uk/pride/data/archive/2026/01/PXD062642/NHAC-Kn_SCX_r2_f02.raw	2	2	NT=Orbitrap Fusion Lumos;AC=MS:1002732	NT=Carbamidomethyl;TA=C;MT=fixed;AC=UNIMOD:4	NT=Acetyl; MT=Variable; PP=Protein N-term; AC=UNIMOD:1	NT=Oxidation;MT=Variable;TA=M;AC=UNIMOD:35	"NT=Phospho;MT=Variable;TA=S,T,Y;AC=UNIMOD:21"	AC=MS:1001251;NT=Trypsin	AC=MS:1002038;NT=label free sample	10 ppm	20 ppm	1
PXD062642-Sample-27	Homo sapiens	Others	Articular chondrocytes	Articular chondrocytes	not applicable	not available	not available	normal	NHAC-Kn_SCX_r2_f03	not available	1	not applicable	PXD062642	NHAC-Kn_SCX_r2_f03.raw	Articular chondrocytes	ftp://ftp.pride.ebi.ac.uk/pride/data/archive/2026/01/PXD062642/NHAC-Kn_SCX_r2_f03.raw	3	2	NT=Orbitrap Fusion Lumos;AC=MS:1002732	NT=Carbamidomethyl;TA=C;MT=fixed;AC=UNIMOD:4	NT=Acetyl; MT=Variable; PP=Protein N-term; AC=UNIMOD:1	NT=Oxidation;MT=Variable;TA=M;AC=UNIMOD:35	"NT=Phospho;MT=Variable;TA=S,T,Y;AC=UNIMOD:21"	AC=MS:1001251;NT=Trypsin	AC=MS:1002038;NT=label free sample	10 ppm	20 ppm	1
PXD062642-Sample-27	Homo sapiens	Others	Articular chondrocytes	Articular chondrocytes	not applicable	not available	not available	normal	NHAC-Kn_SCX_r2_f04	not available	1	not applicable	PXD062642	NHAC-Kn_SCX_r2_f04.raw	Articular chondrocytes	ftp://ftp.pride.ebi.ac.uk/pride/data/archive/2026/01/PXD062642/NHAC-Kn_SCX_r2_f04.raw	4	2	NT=Orbitrap Fusion Lumos;AC=MS:1002732	NT=Carbamidomethyl;TA=C;MT=fixed;AC=UNIMOD:4	NT=Acetyl; MT=Variable; PP=Protein N-term; AC=UNIMOD:1	NT=Oxidation;MT=Variable;TA=M;AC=UNIMOD:35	"NT=Phospho;MT=Variable;TA=S,T,Y;AC=UNIMOD:21"	AC=MS:1001251;NT=Trypsin	AC=MS:1002038;NT=label free sample	10 ppm	20 ppm	1
PXD062642-Sample-27	Homo sapiens	Others	Articular chondrocytes	Articular chondrocytes	not applicable	not available	not available	normal	NHAC-Kn_SCX_r2_f05	not available	1	not applicable	PXD062642	NHAC-Kn_SCX_r2_f05.raw	Articular chondrocytes	ftp://ftp.pride.ebi.ac.uk/pride/data/archive/2026/01/PXD062642/NHAC-Kn_SCX_r2_f05.raw	5	2	NT=Orbitrap Fusion Lumos;AC=MS:1002732	NT=Carbamidomethyl;TA=C;MT=fixed;AC=UNIMOD:4	NT=Acetyl; MT=Variable; PP=Protein N-term; AC=UNIMOD:1	NT=Oxidation;MT=Variable;TA=M;AC=UNIMOD:35	"NT=Phospho;MT=Variable;TA=S,T,Y;AC=UNIMOD:21"	AC=MS:1001251;NT=Trypsin	AC=MS:1002038;NT=label free sample	10 ppm	20 ppm	1
PXD062642-Sample-27	Homo sapiens	Others	Articular chondrocytes	Articular chondrocytes	not applicable	not available	not available	normal	NHAC-Kn_SCX_r2_f06	not available	1	not applicable	PXD062642	NHAC-Kn_SCX_r2_f06.raw	Articular chondrocytes	ftp://ftp.pride.ebi.ac.uk/pride/data/archive/2026/01/PXD062642/NHAC-Kn_SCX_r2_f06.raw	6	2	NT=Orbitrap Fusion Lumos;AC=MS:1002732	NT=Carbamidomethyl;TA=C;MT=fixed;AC=UNIMOD:4	NT=Acetyl; MT=Variable; PP=Protein N-term; AC=UNIMOD:1	NT=Oxidation;MT=Variable;TA=M;AC=UNIMOD:35	"NT=Phospho;MT=Variable;TA=S,T,Y;AC=UNIMOD:21"	AC=MS:1001251;NT=Trypsin	AC=MS:1002038;NT=label free sample	10 ppm	20 ppm	1
PXD062642-Sample-27	Homo sapiens	Others	Articular chondrocytes	Articular chondrocytes	not applicable	not available	not available	normal	NHAC-Kn_SCX_r3_f01	not available	1	not applicable	PXD062642	NHAC-Kn_SCX_r3_f01.raw	Articular chondrocytes	ftp://ftp.pride.ebi.ac.uk/pride/data/archive/2026/01/PXD062642/NHAC-Kn_SCX_r3_f01.raw	1	3	NT=Orbitrap Fusion Lumos;AC=MS:1002732	NT=Carbamidomethyl;TA=C;MT=fixed;AC=UNIMOD:4	NT=Acetyl; MT=Variable; PP=Protein N-term; AC=UNIMOD:1	NT=Oxidation;MT=Variable;TA=M;AC=UNIMOD:35	"NT=Phospho;MT=Variable;TA=S,T,Y;AC=UNIMOD:21"	AC=MS:1001251;NT=Trypsin	AC=MS:1002038;NT=label free sample	10 ppm	20 ppm	1
PXD062642-Sample-27	Homo sapiens	Others	Articular chondrocytes	Articular chondrocytes	not applicable	not available	not available	normal	NHAC-Kn_SCX_r3_f02	not available	1	not applicable	PXD062642	NHAC-Kn_SCX_r3_f02.raw	Articular chondrocytes	ftp://ftp.pride.ebi.ac.uk/pride/data/archive/2026/01/PXD062642/NHAC-Kn_SCX_r3_f02.raw	2	3	NT=Orbitrap Fusion Lumos;AC=MS:1002732	NT=Carbamidomethyl;TA=C;MT=fixed;AC=UNIMOD:4	NT=Acetyl; MT=Variable; PP=Protein N-term; AC=UNIMOD:1	NT=Oxidation;MT=Variable;TA=M;AC=UNIMOD:35	"NT=Phospho;MT=Variable;TA=S,T,Y;AC=UNIMOD:21"	AC=MS:1001251;NT=Trypsin	AC=MS:1002038;NT=label free sample	10 ppm	20 ppm	1
PXD062642-Sample-27	Homo sapiens	Others	Articular chondrocytes	Articular chondrocytes	not applicable	not available	not available	normal	NHAC-Kn_SCX_r3_f03	not available	1	not applicable	PXD062642	NHAC-Kn_SCX_r3_f03.raw	Articular chondrocytes	ftp://ftp.pride.ebi.ac.uk/pride/data/archive/2026/01/PXD062642/NHAC-Kn_SCX_r3_f03.raw	3	3	NT=Orbitrap Fusion Lumos;AC=MS:1002732	NT=Carbamidomethyl;TA=C;MT=fixed;AC=UNIMOD:4	NT=Acetyl; MT=Variable; PP=Protein N-term; AC=UNIMOD:1	NT=Oxidation;MT=Variable;TA=M;AC=UNIMOD:35	"NT=Phospho;MT=Variable;TA=S,T,Y;AC=UNIMOD:21"	AC=MS:1001251;NT=Trypsin	AC=MS:1002038;NT=label free sample	10 ppm	20 ppm	1
PXD062642-Sample-27	Homo sapiens	Others	Articular chondrocytes	Articular chondrocytes	not applicable	not available	not available	normal	NHAC-Kn_SCX_r3_f04	not available	1	not applicable	PXD062642	NHAC-Kn_SCX_r3_f04.raw	Articular chondrocytes	ftp://ftp.pride.ebi.ac.uk/pride/data/archive/2026/01/PXD062642/NHAC-Kn_SCX_r3_f04.raw	4	3	NT=Orbitrap Fusion Lumos;AC=MS:1002732	NT=Carbamidomethyl;TA=C;MT=fixed;AC=UNIMOD:4	NT=Acetyl; MT=Variable; PP=Protein N-term; AC=UNIMOD:1	NT=Oxidation;MT=Variable;TA=M;AC=UNIMOD:35	"NT=Phospho;MT=Variable;TA=S,T,Y;AC=UNIMOD:21"	AC=MS:1001251;NT=Trypsin	AC=MS:1002038;NT=label free sample	10 ppm	20 ppm	1
PXD062642-Sample-27	Homo sapiens	Others	Articular chondrocytes	Articular chondrocytes	not applicable	not available	not available	normal	NHAC-Kn_SCX_r3_f05	not available	1	not applicable	PXD062642	NHAC-Kn_SCX_r3_f05.raw	Articular chondrocytes	ftp://ftp.pride.ebi.ac.uk/pride/data/archive/2026/01/PXD062642/NHAC-Kn_SCX_r3_f05.raw	5	3	NT=Orbitrap Fusion Lumos;AC=MS:1002732	NT=Carbamidomethyl;TA=C;MT=fixed;AC=UNIMOD:4	NT=Acetyl; MT=Variable; PP=Protein N-term; AC=UNIMOD:1	NT=Oxidation;MT=Variable;TA=M;AC=UNIMOD:35	"NT=Phospho;MT=Variable;TA=S,T,Y;AC=UNIMOD:21"	AC=MS:1001251;NT=Trypsin	AC=MS:1002038;NT=label free sample	10 ppm	20 ppm	1
PXD062642-Sample-27	Homo sapiens	Others	Articular chondrocytes	Articular chondrocytes	not applicable	not available	not available	normal	NHAC-Kn_SCX_r3_f06	not available	1	not applicable	PXD062642	NHAC-Kn_SCX_r3_f06.raw	Articular chondrocytes	ftp://ftp.pride.ebi.ac.uk/pride/data/archive/2026/01/PXD062642/NHAC-Kn_SCX_r3_f06.raw	6	3	NT=Orbitrap Fusion Lumos;AC=MS:1002732	NT=Carbamidomethyl;TA=C;MT=fixed;AC=UNIMOD:4	NT=Acetyl; MT=Variable; PP=Protein N-term; AC=UNIMOD:1	NT=Oxidation;MT=Variable;TA=M;AC=UNIMOD:35	"NT=Phospho;MT=Variable;TA=S,T,Y;AC=UNIMOD:21"	AC=MS:1001251;NT=Trypsin	AC=MS:1002038;NT=label free sample	10 ppm	20 ppm	1
PXD062642-Sample-28	Homo sapiens	Mesenchymal	Cardiac fibroblasts	Cardiac fibroblasts	not applicable	not available	not available	normal	NHCF_CellMap_SCX_r1_f01	not available	1	not applicable	PXD062642	NHCF_CellMap_SCX_r1_f01.raw	Cardiac fibroblasts	ftp://ftp.pride.ebi.ac.uk/pride/data/archive/2026/01/PXD062642/NHCF_CellMap_SCX_r1_f01.raw	1	1	NT=Orbitrap Fusion Lumos;AC=MS:1002732	NT=Carbamidomethyl;TA=C;MT=fixed;AC=UNIMOD:4	NT=Acetyl; MT=Variable; PP=Protein N-term; AC=UNIMOD:1	NT=Oxidation;MT=Variable;TA=M;AC=UNIMOD:35	"NT=Phospho;MT=Variable;TA=S,T,Y;AC=UNIMOD:21"	AC=MS:1001251;NT=Trypsin	AC=MS:1002038;NT=label free sample	10 ppm	20 ppm	1
PXD062642-Sample-28	Homo sapiens	Mesenchymal	Cardiac fibroblasts	Cardiac fibroblasts	not applicable	not available	not available	normal	NHCF_CellMap_SCX_r1_f02	not available	1	not applicable	PXD062642	NHCF_CellMap_SCX_r1_f02.raw	Cardiac fibroblasts	ftp://ftp.pride.ebi.ac.uk/pride/data/archive/2026/01/PXD062642/NHCF_CellMap_SCX_r1_f02.raw	2	1	NT=Orbitrap Fusion Lumos;AC=MS:1002732	NT=Carbamidomethyl;TA=C;MT=fixed;AC=UNIMOD:4	NT=Acetyl; MT=Variable; PP=Protein N-term; AC=UNIMOD:1	NT=Oxidation;MT=Variable;TA=M;AC=UNIMOD:35	"NT=Phospho;MT=Variable;TA=S,T,Y;AC=UNIMOD:21"	AC=MS:1001251;NT=Trypsin	AC=MS:1002038;NT=label free sample	10 ppm	20 ppm	1
PXD062642-Sample-28	Homo sapiens	Mesenchymal	Cardiac fibroblasts	Cardiac fibroblasts	not applicable	not available	not available	normal	NHCF_CellMap_SCX_r1_f03	not available	1	not applicable	PXD062642	NHCF_CellMap_SCX_r1_f03.raw	Cardiac fibroblasts	ftp://ftp.pride.ebi.ac.uk/pride/data/archive/2026/01/PXD062642/NHCF_CellMap_SCX_r1_f03.raw	3	1	NT=Orbitrap Fusion Lumos;AC=MS:1002732	NT=Carbamidomethyl;TA=C;MT=fixed;AC=UNIMOD:4	NT=Acetyl; MT=Variable; PP=Protein N-term; AC=UNIMOD:1	NT=Oxidation;MT=Variable;TA=M;AC=UNIMOD:35	"NT=Phospho;MT=Variable;TA=S,T,Y;AC=UNIMOD:21"	AC=MS:1001251;NT=Trypsin	AC=MS:1002038;NT=label free sample	10 ppm	20 ppm	1
PXD062642-Sample-28	Homo sapiens	Mesenchymal	Cardiac fibroblasts	Cardiac fibroblasts	not applicable	not available	not available	normal	NHCF_CellMap_SCX_r1_f04	not available	1	not applicable	PXD062642	NHCF_CellMap_SCX_r1_f04.raw	Cardiac fibroblasts	ftp://ftp.pride.ebi.ac.uk/pride/data/archive/2026/01/PXD062642/NHCF_CellMap_SCX_r1_f04.raw	4	1	NT=Orbitrap Fusion Lumos;AC=MS:1002732	NT=Carbamidomethyl;TA=C;MT=fixed;AC=UNIMOD:4	NT=Acetyl; MT=Variable; PP=Protein N-term; AC=UNIMOD:1	NT=Oxidation;MT=Variable;TA=M;AC=UNIMOD:35	"NT=Phospho;MT=Variable;TA=S,T,Y;AC=UNIMOD:21"	AC=MS:1001251;NT=Trypsin	AC=MS:1002038;NT=label free sample	10 ppm	20 ppm	1
PXD062642-Sample-28	Homo sapiens	Mesenchymal	Cardiac fibroblasts	Cardiac fibroblasts	not applicable	not available	not available	normal	NHCF_CellMap_SCX_r1_f05	not available	1	not applicable	PXD062642	NHCF_CellMap_SCX_r1_f05.raw	Cardiac fibroblasts	ftp://ftp.pride.ebi.ac.uk/pride/data/archive/2026/01/PXD062642/NHCF_CellMap_SCX_r1_f05.raw	5	1	NT=Orbitrap Fusion Lumos;AC=MS:1002732	NT=Carbamidomethyl;TA=C;MT=fixed;AC=UNIMOD:4	NT=Acetyl; MT=Variable; PP=Protein N-term; AC=UNIMOD:1	NT=Oxidation;MT=Variable;TA=M;AC=UNIMOD:35	"NT=Phospho;MT=Variable;TA=S,T,Y;AC=UNIMOD:21"	AC=MS:1001251;NT=Trypsin	AC=MS:1002038;NT=label free sample	10 ppm	20 ppm	1
PXD062642-Sample-28	Homo sapiens	Mesenchymal	Cardiac fibroblasts	Cardiac fibroblasts	not applicable	not available	not available	normal	NHCF_CellMap_SCX_r1_f06	not available	1	not applicable	PXD062642	NHCF_CellMap_SCX_r1_f06.raw	Cardiac fibroblasts	ftp://ftp.pride.ebi.ac.uk/pride/data/archive/2026/01/PXD062642/NHCF_CellMap_SCX_r1_f06.raw	6	1	NT=Orbitrap Fusion Lumos;AC=MS:1002732	NT=Carbamidomethyl;TA=C;MT=fixed;AC=UNIMOD:4	NT=Acetyl; MT=Variable; PP=Protein N-term; AC=UNIMOD:1	NT=Oxidation;MT=Variable;TA=M;AC=UNIMOD:35	"NT=Phospho;MT=Variable;TA=S,T,Y;AC=UNIMOD:21"	AC=MS:1001251;NT=Trypsin	AC=MS:1002038;NT=label free sample	10 ppm	20 ppm	1
PXD062642-Sample-28	Homo sapiens	Mesenchymal	Cardiac fibroblasts	Cardiac fibroblasts	not applicable	not available	not available	normal	NHCF_CellMap_SCX_r2_f01	not available	1	not applicable	PXD062642	NHCF_CellMap_SCX_r2_f01.raw	Cardiac fibroblasts	ftp://ftp.pride.ebi.ac.uk/pride/data/archive/2026/01/PXD062642/NHCF_CellMap_SCX_r2_f01.raw	1	2	NT=Orbitrap Fusion Lumos;AC=MS:1002732	NT=Carbamidomethyl;TA=C;MT=fixed;AC=UNIMOD:4	NT=Acetyl; MT=Variable; PP=Protein N-term; AC=UNIMOD:1	NT=Oxidation;MT=Variable;TA=M;AC=UNIMOD:35	"NT=Phospho;MT=Variable;TA=S,T,Y;AC=UNIMOD:21"	AC=MS:1001251;NT=Trypsin	AC=MS:1002038;NT=label free sample	10 ppm	20 ppm	1
PXD062642-Sample-28	Homo sapiens	Mesenchymal	Cardiac fibroblasts	Cardiac fibroblasts	not applicable	not available	not available	normal	NHCF_CellMap_SCX_r2_f02	not available	1	not applicable	PXD062642	NHCF_CellMap_SCX_r2_f02.raw	Cardiac fibroblasts	ftp://ftp.pride.ebi.ac.uk/pride/data/archive/2026/01/PXD062642/NHCF_CellMap_SCX_r2_f02.raw	2	2	NT=Orbitrap Fusion Lumos;AC=MS:1002732	NT=Carbamidomethyl;TA=C;MT=fixed;AC=UNIMOD:4	NT=Acetyl; MT=Variable; PP=Protein N-term; AC=UNIMOD:1	NT=Oxidation;MT=Variable;TA=M;AC=UNIMOD:35	"NT=Phospho;MT=Variable;TA=S,T,Y;AC=UNIMOD:21"	AC=MS:1001251;NT=Trypsin	AC=MS:1002038;NT=label free sample	10 ppm	20 ppm	1
PXD062642-Sample-28	Homo sapiens	Mesenchymal	Cardiac fibroblasts	Cardiac fibroblasts	not applicable	not available	not available	normal	NHCF_CellMap_SCX_r2_f03	not available	1	not applicable	PXD062642	NHCF_CellMap_SCX_r2_f03.raw	Cardiac fibroblasts	ftp://ftp.pride.ebi.ac.uk/pride/data/archive/2026/01/PXD062642/NHCF_CellMap_SCX_r2_f03.raw	3	2	NT=Orbitrap Fusion Lumos;AC=MS:1002732	NT=Carbamidomethyl;TA=C;MT=fixed;AC=UNIMOD:4	NT=Acetyl; MT=Variable; PP=Protein N-term; AC=UNIMOD:1	NT=Oxidation;MT=Variable;TA=M;AC=UNIMOD:35	"NT=Phospho;MT=Variable;TA=S,T,Y;AC=UNIMOD:21"	AC=MS:1001251;NT=Trypsin	AC=MS:1002038;NT=label free sample	10 ppm	20 ppm	1
PXD062642-Sample-28	Homo sapiens	Mesenchymal	Cardiac fibroblasts	Cardiac fibroblasts	not applicable	not available	not available	normal	NHCF_CellMap_SCX_r2_f04	not available	1	not applicable	PXD062642	NHCF_CellMap_SCX_r2_f04.raw	Cardiac fibroblasts	ftp://ftp.pride.ebi.ac.uk/pride/data/archive/2026/01/PXD062642/NHCF_CellMap_SCX_r2_f04.raw	4	2	NT=Orbitrap Fusion Lumos;AC=MS:1002732	NT=Carbamidomethyl;TA=C;MT=fixed;AC=UNIMOD:4	NT=Acetyl; MT=Variable; PP=Protein N-term; AC=UNIMOD:1	NT=Oxidation;MT=Variable;TA=M;AC=UNIMOD:35	"NT=Phospho;MT=Variable;TA=S,T,Y;AC=UNIMOD:21"	AC=MS:1001251;NT=Trypsin	AC=MS:1002038;NT=label free sample	10 ppm	20 ppm	1
PXD062642-Sample-28	Homo sapiens	Mesenchymal	Cardiac fibroblasts	Cardiac fibroblasts	not applicable	not available	not available	normal	NHCF_CellMap_SCX_r2_f05	not available	1	not applicable	PXD062642	NHCF_CellMap_SCX_r2_f05.raw	Cardiac fibroblasts	ftp://ftp.pride.ebi.ac.uk/pride/data/archive/2026/01/PXD062642/NHCF_CellMap_SCX_r2_f05.raw	5	2	NT=Orbitrap Fusion Lumos;AC=MS:1002732	NT=Carbamidomethyl;TA=C;MT=fixed;AC=UNIMOD:4	NT=Acetyl; MT=Variable; PP=Protein N-term; AC=UNIMOD:1	NT=Oxidation;MT=Variable;TA=M;AC=UNIMOD:35	"NT=Phospho;MT=Variable;TA=S,T,Y;AC=UNIMOD:21"	AC=MS:1001251;NT=Trypsin	AC=MS:1002038;NT=label free sample	10 ppm	20 ppm	1
PXD062642-Sample-28	Homo sapiens	Mesenchymal	Cardiac fibroblasts	Cardiac fibroblasts	not applicable	not available	not available	normal	NHCF_CellMap_SCX_r2_f06	not available	1	not applicable	PXD062642	NHCF_CellMap_SCX_r2_f06.raw	Cardiac fibroblasts	ftp://ftp.pride.ebi.ac.uk/pride/data/archive/2026/01/PXD062642/NHCF_CellMap_SCX_r2_f06.raw	6	2	NT=Orbitrap Fusion Lumos;AC=MS:1002732	NT=Carbamidomethyl;TA=C;MT=fixed;AC=UNIMOD:4	NT=Acetyl; MT=Variable; PP=Protein N-term; AC=UNIMOD:1	NT=Oxidation;MT=Variable;TA=M;AC=UNIMOD:35	"NT=Phospho;MT=Variable;TA=S,T,Y;AC=UNIMOD:21"	AC=MS:1001251;NT=Trypsin	AC=MS:1002038;NT=label free sample	10 ppm	20 ppm	1
PXD062642-Sample-28	Homo sapiens	Mesenchymal	Cardiac fibroblasts	Cardiac fibroblasts	not applicable	not available	not available	normal	NHCF_CellMap_SCX_r3_f01	not available	1	not applicable	PXD062642	NHCF_CellMap_SCX_r3_f01.raw	Cardiac fibroblasts	ftp://ftp.pride.ebi.ac.uk/pride/data/archive/2026/01/PXD062642/NHCF_CellMap_SCX_r3_f01.raw	1	3	NT=Orbitrap Fusion Lumos;AC=MS:1002732	NT=Carbamidomethyl;TA=C;MT=fixed;AC=UNIMOD:4	NT=Acetyl; MT=Variable; PP=Protein N-term; AC=UNIMOD:1	NT=Oxidation;MT=Variable;TA=M;AC=UNIMOD:35	"NT=Phospho;MT=Variable;TA=S,T,Y;AC=UNIMOD:21"	AC=MS:1001251;NT=Trypsin	AC=MS:1002038;NT=label free sample	10 ppm	20 ppm	1
PXD062642-Sample-28	Homo sapiens	Mesenchymal	Cardiac fibroblasts	Cardiac fibroblasts	not applicable	not available	not available	normal	NHCF_CellMap_SCX_r3_f02	not available	1	not applicable	PXD062642	NHCF_CellMap_SCX_r3_f02.raw	Cardiac fibroblasts	ftp://ftp.pride.ebi.ac.uk/pride/data/archive/2026/01/PXD062642/NHCF_CellMap_SCX_r3_f02.raw	2	3	NT=Orbitrap Fusion Lumos;AC=MS:1002732	NT=Carbamidomethyl;TA=C;MT=fixed;AC=UNIMOD:4	NT=Acetyl; MT=Variable; PP=Protein N-term; AC=UNIMOD:1	NT=Oxidation;MT=Variable;TA=M;AC=UNIMOD:35	"NT=Phospho;MT=Variable;TA=S,T,Y;AC=UNIMOD:21"	AC=MS:1001251;NT=Trypsin	AC=MS:1002038;NT=label free sample	10 ppm	20 ppm	1
PXD062642-Sample-28	Homo sapiens	Mesenchymal	Cardiac fibroblasts	Cardiac fibroblasts	not applicable	not available	not available	normal	NHCF_CellMap_SCX_r3_f03	not available	1	not applicable	PXD062642	NHCF_CellMap_SCX_r3_f03.raw	Cardiac fibroblasts	ftp://ftp.pride.ebi.ac.uk/pride/data/archive/2026/01/PXD062642/NHCF_CellMap_SCX_r3_f03.raw	3	3	NT=Orbitrap Fusion Lumos;AC=MS:1002732	NT=Carbamidomethyl;TA=C;MT=fixed;AC=UNIMOD:4	NT=Acetyl; MT=Variable; PP=Protein N-term; AC=UNIMOD:1	NT=Oxidation;MT=Variable;TA=M;AC=UNIMOD:35	"NT=Phospho;MT=Variable;TA=S,T,Y;AC=UNIMOD:21"	AC=MS:1001251;NT=Trypsin	AC=MS:1002038;NT=label free sample	10 ppm	20 ppm	1
PXD062642-Sample-28	Homo sapiens	Mesenchymal	Cardiac fibroblasts	Cardiac fibroblasts	not applicable	not available	not available	normal	NHCF_CellMap_SCX_r3_f04	not available	1	not applicable	PXD062642	NHCF_CellMap_SCX_r3_f04.raw	Cardiac fibroblasts	ftp://ftp.pride.ebi.ac.uk/pride/data/archive/2026/01/PXD062642/NHCF_CellMap_SCX_r3_f04.raw	4	3	NT=Orbitrap Fusion Lumos;AC=MS:1002732	NT=Carbamidomethyl;TA=C;MT=fixed;AC=UNIMOD:4	NT=Acetyl; MT=Variable; PP=Protein N-term; AC=UNIMOD:1	NT=Oxidation;MT=Variable;TA=M;AC=UNIMOD:35	"NT=Phospho;MT=Variable;TA=S,T,Y;AC=UNIMOD:21"	AC=MS:1001251;NT=Trypsin	AC=MS:1002038;NT=label free sample	10 ppm	20 ppm	1
PXD062642-Sample-28	Homo sapiens	Mesenchymal	Cardiac fibroblasts	Cardiac fibroblasts	not applicable	not available	not available	normal	NHCF_CellMap_SCX_r3_f05	not available	1	not applicable	PXD062642	NHCF_CellMap_SCX_r3_f05.raw	Cardiac fibroblasts	ftp://ftp.pride.ebi.ac.uk/pride/data/archive/2026/01/PXD062642/NHCF_CellMap_SCX_r3_f05.raw	5	3	NT=Orbitrap Fusion Lumos;AC=MS:1002732	NT=Carbamidomethyl;TA=C;MT=fixed;AC=UNIMOD:4	NT=Acetyl; MT=Variable; PP=Protein N-term; AC=UNIMOD:1	NT=Oxidation;MT=Variable;TA=M;AC=UNIMOD:35	"NT=Phospho;MT=Variable;TA=S,T,Y;AC=UNIMOD:21"	AC=MS:1001251;NT=Trypsin	AC=MS:1002038;NT=label free sample	10 ppm	20 ppm	1
PXD062642-Sample-28	Homo sapiens	Mesenchymal	Cardiac fibroblasts	Cardiac fibroblasts	not applicable	not available	not available	normal	NHCF_CellMap_SCX_r3_f06	not available	1	not applicable	PXD062642	NHCF_CellMap_SCX_r3_f06.raw	Cardiac fibroblasts	ftp://ftp.pride.ebi.ac.uk/pride/data/archive/2026/01/PXD062642/NHCF_CellMap_SCX_r3_f06.raw	6	3	NT=Orbitrap Fusion Lumos;AC=MS:1002732	NT=Carbamidomethyl;TA=C;MT=fixed;AC=UNIMOD:4	NT=Acetyl; MT=Variable; PP=Protein N-term; AC=UNIMOD:1	NT=Oxidation;MT=Variable;TA=M;AC=UNIMOD:35	"NT=Phospho;MT=Variable;TA=S,T,Y;AC=UNIMOD:21"	AC=MS:1001251;NT=Trypsin	AC=MS:1002038;NT=label free sample	10 ppm	20 ppm	1
																												