source name	characteristics[organism]	characteristics[organism part]	characteristics[organism part]	characteristics[cell type]	characteristics[age]	characteristics[ancestry category]	characteristics[sex]	characteristics[disease]	characteristics[sample identifier]	characteristics[developmental stage]	characteristics[biological replicate]	characteristics[individual]	comment[proteomexchange accession number]	comment[data file]	assay name	comment[file uri]	comment[fraction identifier]	comment[technical replicate]	comment[instrument]	comment[modification parameters]	comment[modification parameters]	comment[modification parameters]	comment[modification parameters]	comment[cleavage agent details]	comment[cleavage agent details]	comment[label]	comment[precursor mass tolerance]	comment[fragment mass tolerance]	comment[batch identifier]
PXD004352-Sample-1	Homo sapiens	Blood	Blood	B Cells Memory	not available	not available	not available	normal	B.memory_01 (activated)	adult	1	1	PXD004352	B.memory_01 (activated).raw	B Cells Memory_Activated-1	ftp://ftp.pride.ebi.ac.uk/pride/data/archive/2017/03/PXD004352/B.memory_01 (activated).raw	1	1	NT=Q Exactive;AC=MS:1001911	"NT=Deamidated;MT=Variable;TA=N,Q;AC=UNIMOD:7"	NT=Acetyl; MT=Variable; PP=Protein N-term; AC=UNIMOD:1	AC=UNIMOD:35;NT=Oxidation;MT=Variable;TA=M	NT=Carbamidomethyl;TA=C;MT=fixed;AC=UNIMOD:4	AC=MS:1001309;NT=Lys-C	AC=MS:1001251;NT=Trypsin	AC=MS:1002038;NT=label free sample	7 ppm	20 ppm	1
PXD004352-Sample-2	Homo sapiens	Blood	Blood	B Cells Memory	not available	not available	not available	normal	B.memory_02 (activated)	adult	2	2	PXD004352	B.memory_02 (activated).raw	B Cells Memory_Activated-2	ftp://ftp.pride.ebi.ac.uk/pride/data/archive/2017/03/PXD004352/B.memory_02 (activated).raw	1	1	NT=Q Exactive;AC=MS:1001911	"NT=Deamidated;MT=Variable;TA=N,Q;AC=UNIMOD:7"	NT=Acetyl; MT=Variable; PP=Protein N-term; AC=UNIMOD:1	AC=UNIMOD:35;NT=Oxidation;MT=Variable;TA=M	NT=Carbamidomethyl;TA=C;MT=fixed;AC=UNIMOD:4	AC=MS:1001309;NT=Lys-C	AC=MS:1001251;NT=Trypsin	AC=MS:1002038;NT=label free sample	7 ppm	20 ppm	1
PXD004352-Sample-3	Homo sapiens	Blood	Blood	B Cells Memory	not available	not available	not available	normal	B.memory_03 (activated)	adult	3	3	PXD004352	B.memory_03 (activated).raw	B Cells Memory_Activated-3	ftp://ftp.pride.ebi.ac.uk/pride/data/archive/2017/03/PXD004352/B.memory_03 (activated).raw	1	1	NT=Q Exactive;AC=MS:1001911	"NT=Deamidated;MT=Variable;TA=N,Q;AC=UNIMOD:7"	NT=Acetyl; MT=Variable; PP=Protein N-term; AC=UNIMOD:1	AC=UNIMOD:35;NT=Oxidation;MT=Variable;TA=M	NT=Carbamidomethyl;TA=C;MT=fixed;AC=UNIMOD:4	AC=MS:1001309;NT=Lys-C	AC=MS:1001251;NT=Trypsin	AC=MS:1002038;NT=label free sample	7 ppm	20 ppm	1
PXD004352-Sample-4	Homo sapiens	Blood	Blood	B Cells Memory	not available	not available	not available	normal	B.memory_04 (activated)	adult	4	4	PXD004352	B.memory_04 (activated).raw	B Cells Memory_Activated-4	ftp://ftp.pride.ebi.ac.uk/pride/data/archive/2017/03/PXD004352/B.memory_04 (activated).raw	1	1	NT=Q Exactive;AC=MS:1001911	"NT=Deamidated;MT=Variable;TA=N,Q;AC=UNIMOD:7"	NT=Acetyl; MT=Variable; PP=Protein N-term; AC=UNIMOD:1	AC=UNIMOD:35;NT=Oxidation;MT=Variable;TA=M	NT=Carbamidomethyl;TA=C;MT=fixed;AC=UNIMOD:4	AC=MS:1001309;NT=Lys-C	AC=MS:1001251;NT=Trypsin	AC=MS:1002038;NT=label free sample	7 ppm	20 ppm	1
PXD004352-Sample-5	Homo sapiens	Blood	Blood	B Cells Memory	not available	not available	not available	normal	B.memory_01 (steady-state)	adult	1	1	PXD004352	B.memory_01 (steady-state).raw	B Cells Memory_Steady state-1	ftp://ftp.pride.ebi.ac.uk/pride/data/archive/2017/03/PXD004352/B.memory_01 (steady-state).raw	1	1	NT=Q Exactive;AC=MS:1001911	"NT=Deamidated;MT=Variable;TA=N,Q;AC=UNIMOD:7"	NT=Acetyl; MT=Variable; PP=Protein N-term; AC=UNIMOD:1	AC=UNIMOD:35;NT=Oxidation;MT=Variable;TA=M	NT=Carbamidomethyl;TA=C;MT=fixed;AC=UNIMOD:4	AC=MS:1001309;NT=Lys-C	AC=MS:1001251;NT=Trypsin	AC=MS:1002038;NT=label free sample	7 ppm	20 ppm	1
PXD004352-Sample-6	Homo sapiens	Blood	Blood	B Cells Memory	not available	not available	not available	normal	B.memory_02 (steady-state)	adult	2	2	PXD004352	B.memory_02 (steady-state).raw	B Cells Memory_Steady state-2	ftp://ftp.pride.ebi.ac.uk/pride/data/archive/2017/03/PXD004352/B.memory_02 (steady-state).raw	1	1	NT=Q Exactive;AC=MS:1001911	"NT=Deamidated;MT=Variable;TA=N,Q;AC=UNIMOD:7"	NT=Acetyl; MT=Variable; PP=Protein N-term; AC=UNIMOD:1	AC=UNIMOD:35;NT=Oxidation;MT=Variable;TA=M	NT=Carbamidomethyl;TA=C;MT=fixed;AC=UNIMOD:4	AC=MS:1001309;NT=Lys-C	AC=MS:1001251;NT=Trypsin	AC=MS:1002038;NT=label free sample	7 ppm	20 ppm	1
PXD004352-Sample-7	Homo sapiens	Blood	Blood	B Cells Memory	not available	not available	not available	normal	B.memory_03 (steady-state)	adult	3	3	PXD004352	B.memory_03 (steady-state).raw	B Cells Memory_Steady state-3	ftp://ftp.pride.ebi.ac.uk/pride/data/archive/2017/03/PXD004352/B.memory_03 (steady-state).raw	1	1	NT=Q Exactive;AC=MS:1001911	"NT=Deamidated;MT=Variable;TA=N,Q;AC=UNIMOD:7"	NT=Acetyl; MT=Variable; PP=Protein N-term; AC=UNIMOD:1	AC=UNIMOD:35;NT=Oxidation;MT=Variable;TA=M	NT=Carbamidomethyl;TA=C;MT=fixed;AC=UNIMOD:4	AC=MS:1001309;NT=Lys-C	AC=MS:1001251;NT=Trypsin	AC=MS:1002038;NT=label free sample	7 ppm	20 ppm	1
PXD004352-Sample-8	Homo sapiens	Blood	Blood	B Cells Memory	not available	not available	not available	normal	B.memory_04 (steady-state)	adult	4	4	PXD004352	B.memory_04 (steady-state).raw	B Cells Memory_Steady state-4	ftp://ftp.pride.ebi.ac.uk/pride/data/archive/2017/03/PXD004352/B.memory_04 (steady-state).raw	1	1	NT=Q Exactive;AC=MS:1001911	"NT=Deamidated;MT=Variable;TA=N,Q;AC=UNIMOD:7"	NT=Acetyl; MT=Variable; PP=Protein N-term; AC=UNIMOD:1	AC=UNIMOD:35;NT=Oxidation;MT=Variable;TA=M	NT=Carbamidomethyl;TA=C;MT=fixed;AC=UNIMOD:4	AC=MS:1001309;NT=Lys-C	AC=MS:1001251;NT=Trypsin	AC=MS:1002038;NT=label free sample	7 ppm	20 ppm	1
PXD004352-Sample-9	Homo sapiens	Blood	Blood	B Cells Naive	not available	not available	not available	normal	B.naive_01 (activated)	adult	1	1	PXD004352	B.naive_01 (activated).raw	B Cells Naive_Activated-1	ftp://ftp.pride.ebi.ac.uk/pride/data/archive/2017/03/PXD004352/B.naive_01 (activated).raw	1	1	NT=Q Exactive;AC=MS:1001911	"NT=Deamidated;MT=Variable;TA=N,Q;AC=UNIMOD:7"	NT=Acetyl; MT=Variable; PP=Protein N-term; AC=UNIMOD:1	AC=UNIMOD:35;NT=Oxidation;MT=Variable;TA=M	NT=Carbamidomethyl;TA=C;MT=fixed;AC=UNIMOD:4	AC=MS:1001309;NT=Lys-C	AC=MS:1001251;NT=Trypsin	AC=MS:1002038;NT=label free sample	7 ppm	20 ppm	1
PXD004352-Sample-10	Homo sapiens	Blood	Blood	B Cells Naive	not available	not available	not available	normal	B.naive_02 (activated)	adult	2	2	PXD004352	B.naive_02 (activated).raw	B Cells Naive_Activated-2	ftp://ftp.pride.ebi.ac.uk/pride/data/archive/2017/03/PXD004352/B.naive_02 (activated).raw	1	1	NT=Q Exactive;AC=MS:1001911	"NT=Deamidated;MT=Variable;TA=N,Q;AC=UNIMOD:7"	NT=Acetyl; MT=Variable; PP=Protein N-term; AC=UNIMOD:1	AC=UNIMOD:35;NT=Oxidation;MT=Variable;TA=M	NT=Carbamidomethyl;TA=C;MT=fixed;AC=UNIMOD:4	AC=MS:1001309;NT=Lys-C	AC=MS:1001251;NT=Trypsin	AC=MS:1002038;NT=label free sample	7 ppm	20 ppm	1
PXD004352-Sample-11	Homo sapiens	Blood	Blood	B Cells Naive	not available	not available	not available	normal	B.naive_03 (activated)	adult	3	3	PXD004352	B.naive_03 (activated).raw	B Cells Naive_Activated-3	ftp://ftp.pride.ebi.ac.uk/pride/data/archive/2017/03/PXD004352/B.naive_03 (activated).raw	1	1	NT=Q Exactive;AC=MS:1001911	"NT=Deamidated;MT=Variable;TA=N,Q;AC=UNIMOD:7"	NT=Acetyl; MT=Variable; PP=Protein N-term; AC=UNIMOD:1	AC=UNIMOD:35;NT=Oxidation;MT=Variable;TA=M	NT=Carbamidomethyl;TA=C;MT=fixed;AC=UNIMOD:4	AC=MS:1001309;NT=Lys-C	AC=MS:1001251;NT=Trypsin	AC=MS:1002038;NT=label free sample	7 ppm	20 ppm	1
PXD004352-Sample-12	Homo sapiens	Blood	Blood	B Cells Naive	not available	not available	not available	normal	B.naive_04 (activated)	adult	4	4	PXD004352	B.naive_04 (activated).raw	B Cells Naive_Activated-4	ftp://ftp.pride.ebi.ac.uk/pride/data/archive/2017/03/PXD004352/B.naive_04 (activated).raw	1	1	NT=Q Exactive;AC=MS:1001911	"NT=Deamidated;MT=Variable;TA=N,Q;AC=UNIMOD:7"	NT=Acetyl; MT=Variable; PP=Protein N-term; AC=UNIMOD:1	AC=UNIMOD:35;NT=Oxidation;MT=Variable;TA=M	NT=Carbamidomethyl;TA=C;MT=fixed;AC=UNIMOD:4	AC=MS:1001309;NT=Lys-C	AC=MS:1001251;NT=Trypsin	AC=MS:1002038;NT=label free sample	7 ppm	20 ppm	1
PXD004352-Sample-13	Homo sapiens	Blood	Blood	B Cells Naive	not available	not available	not available	normal	B.naive_01 (steady-state)	adult	1	1	PXD004352	B.naive_01 (steady-state).raw	B Cells Naive_Steady state-1	ftp://ftp.pride.ebi.ac.uk/pride/data/archive/2017/03/PXD004352/B.naive_01 (steady-state).raw	1	1	NT=Q Exactive;AC=MS:1001911	"NT=Deamidated;MT=Variable;TA=N,Q;AC=UNIMOD:7"	NT=Acetyl; MT=Variable; PP=Protein N-term; AC=UNIMOD:1	AC=UNIMOD:35;NT=Oxidation;MT=Variable;TA=M	NT=Carbamidomethyl;TA=C;MT=fixed;AC=UNIMOD:4	AC=MS:1001309;NT=Lys-C	AC=MS:1001251;NT=Trypsin	AC=MS:1002038;NT=label free sample	7 ppm	20 ppm	1
PXD004352-Sample-14	Homo sapiens	Blood	Blood	B Cells Naive	not available	not available	not available	normal	B.naive_02 (steady-state)	adult	2	2	PXD004352	B.naive_02 (steady-state).raw	B Cells Naive_Steady state-2	ftp://ftp.pride.ebi.ac.uk/pride/data/archive/2017/03/PXD004352/B.naive_02 (steady-state).raw	1	1	NT=Q Exactive;AC=MS:1001911	"NT=Deamidated;MT=Variable;TA=N,Q;AC=UNIMOD:7"	NT=Acetyl; MT=Variable; PP=Protein N-term; AC=UNIMOD:1	AC=UNIMOD:35;NT=Oxidation;MT=Variable;TA=M	NT=Carbamidomethyl;TA=C;MT=fixed;AC=UNIMOD:4	AC=MS:1001309;NT=Lys-C	AC=MS:1001251;NT=Trypsin	AC=MS:1002038;NT=label free sample	7 ppm	20 ppm	1
PXD004352-Sample-15	Homo sapiens	Blood	Blood	B Cells Naive	not available	not available	not available	normal	B.naive_03 (steady-state)	adult	3	3	PXD004352	B.naive_03 (steady-state).raw	B Cells Naive_Steady state-3	ftp://ftp.pride.ebi.ac.uk/pride/data/archive/2017/03/PXD004352/B.naive_03 (steady-state).raw	1	1	NT=Q Exactive;AC=MS:1001911	"NT=Deamidated;MT=Variable;TA=N,Q;AC=UNIMOD:7"	NT=Acetyl; MT=Variable; PP=Protein N-term; AC=UNIMOD:1	AC=UNIMOD:35;NT=Oxidation;MT=Variable;TA=M	NT=Carbamidomethyl;TA=C;MT=fixed;AC=UNIMOD:4	AC=MS:1001309;NT=Lys-C	AC=MS:1001251;NT=Trypsin	AC=MS:1002038;NT=label free sample	7 ppm	20 ppm	1
PXD004352-Sample-16	Homo sapiens	Blood	Blood	B Cells Naive	not available	not available	not available	normal	B.naive_04 (steady-state)	adult	4	4	PXD004352	B.naive_04 (steady-state).raw	B Cells Naive_Steady state-4	ftp://ftp.pride.ebi.ac.uk/pride/data/archive/2017/03/PXD004352/B.naive_04 (steady-state).raw	1	1	NT=Q Exactive;AC=MS:1001911	"NT=Deamidated;MT=Variable;TA=N,Q;AC=UNIMOD:7"	NT=Acetyl; MT=Variable; PP=Protein N-term; AC=UNIMOD:1	AC=UNIMOD:35;NT=Oxidation;MT=Variable;TA=M	NT=Carbamidomethyl;TA=C;MT=fixed;AC=UNIMOD:4	AC=MS:1001309;NT=Lys-C	AC=MS:1001251;NT=Trypsin	AC=MS:1002038;NT=label free sample	7 ppm	20 ppm	1
PXD004352-Sample-17	Homo sapiens	Blood	Blood	B Cells Plasma	not available	not available	not available	normal	B.plasma_01 (steady-state)	adult	1	1	PXD004352	B.plasma_01 (steady-state).raw	B Cells Plasma_Steady state-1	ftp://ftp.pride.ebi.ac.uk/pride/data/archive/2017/03/PXD004352/B.plasma_01 (steady-state).raw	1	1	NT=Q Exactive;AC=MS:1001911	"NT=Deamidated;MT=Variable;TA=N,Q;AC=UNIMOD:7"	NT=Acetyl; MT=Variable; PP=Protein N-term; AC=UNIMOD:1	AC=UNIMOD:35;NT=Oxidation;MT=Variable;TA=M	NT=Carbamidomethyl;TA=C;MT=fixed;AC=UNIMOD:4	AC=MS:1001309;NT=Lys-C	AC=MS:1001251;NT=Trypsin	AC=MS:1002038;NT=label free sample	7 ppm	20 ppm	1
PXD004352-Sample-18	Homo sapiens	Blood	Blood	B Cells Plasma	not available	not available	not available	normal	B.plasma_02 (steady-state)	adult	2	2	PXD004352	B.plasma_02 (steady-state).raw	B Cells Plasma_Steady state-2	ftp://ftp.pride.ebi.ac.uk/pride/data/archive/2017/03/PXD004352/B.plasma_02 (steady-state).raw	1	1	NT=Q Exactive;AC=MS:1001911	"NT=Deamidated;MT=Variable;TA=N,Q;AC=UNIMOD:7"	NT=Acetyl; MT=Variable; PP=Protein N-term; AC=UNIMOD:1	AC=UNIMOD:35;NT=Oxidation;MT=Variable;TA=M	NT=Carbamidomethyl;TA=C;MT=fixed;AC=UNIMOD:4	AC=MS:1001309;NT=Lys-C	AC=MS:1001251;NT=Trypsin	AC=MS:1002038;NT=label free sample	7 ppm	20 ppm	1
PXD004352-Sample-19	Homo sapiens	Blood	Blood	B Cells Plasma	not available	not available	not available	normal	B.plasma_03 (steady-state)	adult	3	3	PXD004352	B.plasma_03 (steady-state).raw	B Cells Plasma_Steady state-3	ftp://ftp.pride.ebi.ac.uk/pride/data/archive/2017/03/PXD004352/B.plasma_03 (steady-state).raw	1	1	NT=Q Exactive;AC=MS:1001911	"NT=Deamidated;MT=Variable;TA=N,Q;AC=UNIMOD:7"	NT=Acetyl; MT=Variable; PP=Protein N-term; AC=UNIMOD:1	AC=UNIMOD:35;NT=Oxidation;MT=Variable;TA=M	NT=Carbamidomethyl;TA=C;MT=fixed;AC=UNIMOD:4	AC=MS:1001309;NT=Lys-C	AC=MS:1001251;NT=Trypsin	AC=MS:1002038;NT=label free sample	7 ppm	20 ppm	1
PXD004352-Sample-20	Homo sapiens	Blood	Blood	B Cells Plasma	not available	not available	not available	normal	B.plasma_04 (steady-state)	adult	4	4	PXD004352	B.plasma_04 (steady-state).raw	B Cells Plasma_Steady state-4	ftp://ftp.pride.ebi.ac.uk/pride/data/archive/2017/03/PXD004352/B.plasma_04 (steady-state).raw	1	1	NT=Q Exactive;AC=MS:1001911	"NT=Deamidated;MT=Variable;TA=N,Q;AC=UNIMOD:7"	NT=Acetyl; MT=Variable; PP=Protein N-term; AC=UNIMOD:1	AC=UNIMOD:35;NT=Oxidation;MT=Variable;TA=M	NT=Carbamidomethyl;TA=C;MT=fixed;AC=UNIMOD:4	AC=MS:1001309;NT=Lys-C	AC=MS:1001251;NT=Trypsin	AC=MS:1002038;NT=label free sample	7 ppm	20 ppm	1
PXD004352-Sample-21	Homo sapiens	Blood	Blood	Basophil	not available	not available	not available	normal	Basophil_01 (steady-state)	adult	1	1	PXD004352	Basophil_01 (steady-state).raw	Basophil_Steady state-1	ftp://ftp.pride.ebi.ac.uk/pride/data/archive/2017/03/PXD004352/Basophil_01 (steady-state).raw	1	1	NT=Q Exactive;AC=MS:1001911	"NT=Deamidated;MT=Variable;TA=N,Q;AC=UNIMOD:7"	NT=Acetyl; MT=Variable; PP=Protein N-term; AC=UNIMOD:1	AC=UNIMOD:35;NT=Oxidation;MT=Variable;TA=M	NT=Carbamidomethyl;TA=C;MT=fixed;AC=UNIMOD:4	AC=MS:1001309;NT=Lys-C	AC=MS:1001251;NT=Trypsin	AC=MS:1002038;NT=label free sample	7 ppm	20 ppm	1
PXD004352-Sample-22	Homo sapiens	Blood	Blood	Basophil	not available	not available	not available	normal	Basophil_02 (steady-state)	adult	2	2	PXD004352	Basophil_02 (steady-state).raw	Basophil_Steady state-2	ftp://ftp.pride.ebi.ac.uk/pride/data/archive/2017/03/PXD004352/Basophil_02 (steady-state).raw	1	1	NT=Q Exactive;AC=MS:1001911	"NT=Deamidated;MT=Variable;TA=N,Q;AC=UNIMOD:7"	NT=Acetyl; MT=Variable; PP=Protein N-term; AC=UNIMOD:1	AC=UNIMOD:35;NT=Oxidation;MT=Variable;TA=M	NT=Carbamidomethyl;TA=C;MT=fixed;AC=UNIMOD:4	AC=MS:1001309;NT=Lys-C	AC=MS:1001251;NT=Trypsin	AC=MS:1002038;NT=label free sample	7 ppm	20 ppm	1
PXD004352-Sample-23	Homo sapiens	Blood	Blood	Basophil	not available	not available	not available	normal	Basophil_03 (steady-state)	adult	3	3	PXD004352	Basophil_03 (steady-state).raw	Basophil_Steady state-3	ftp://ftp.pride.ebi.ac.uk/pride/data/archive/2017/03/PXD004352/Basophil_03 (steady-state).raw	1	1	NT=Q Exactive;AC=MS:1001911	"NT=Deamidated;MT=Variable;TA=N,Q;AC=UNIMOD:7"	NT=Acetyl; MT=Variable; PP=Protein N-term; AC=UNIMOD:1	AC=UNIMOD:35;NT=Oxidation;MT=Variable;TA=M	NT=Carbamidomethyl;TA=C;MT=fixed;AC=UNIMOD:4	AC=MS:1001309;NT=Lys-C	AC=MS:1001251;NT=Trypsin	AC=MS:1002038;NT=label free sample	7 ppm	20 ppm	1
PXD004352-Sample-24	Homo sapiens	Blood	Blood	Basophil	not available	not available	not available	normal	Basophil_04 (steady-state)	adult	4	4	PXD004352	Basophil_04 (steady-state).raw	Basophil_Steady state-4	ftp://ftp.pride.ebi.ac.uk/pride/data/archive/2017/03/PXD004352/Basophil_04 (steady-state).raw	1	1	NT=Q Exactive;AC=MS:1001911	"NT=Deamidated;MT=Variable;TA=N,Q;AC=UNIMOD:7"	NT=Acetyl; MT=Variable; PP=Protein N-term; AC=UNIMOD:1	AC=UNIMOD:35;NT=Oxidation;MT=Variable;TA=M	NT=Carbamidomethyl;TA=C;MT=fixed;AC=UNIMOD:4	AC=MS:1001309;NT=Lys-C	AC=MS:1001251;NT=Trypsin	AC=MS:1002038;NT=label free sample	7 ppm	20 ppm	1
PXD004352-Sample-25	Homo sapiens	Blood	Blood	T4 Effector Memory Cells	not available	not available	not available	normal	20150112_EXQ00_JaRi_SA_Sups_TCD4emra_n_01	adult	1	1	PXD004352	20150112_EXQ00_JaRi_SA_Sups_TCD4emra_n_01.raw	T4 Effector Memory Cells_RA_Negative-1	ftp://ftp.pride.ebi.ac.uk/pride/data/archive/2017/03/PXD004352/20150112_EXQ00_JaRi_SA_Sups_TCD4emra_n_01.raw	1	1	NT=Q Exactive;AC=MS:1001911	"NT=Deamidated;MT=Variable;TA=N,Q;AC=UNIMOD:7"	NT=Acetyl; MT=Variable; PP=Protein N-term; AC=UNIMOD:1	AC=UNIMOD:35;NT=Oxidation;MT=Variable;TA=M	NT=Carbamidomethyl;TA=C;MT=fixed;AC=UNIMOD:4	AC=MS:1001309;NT=Lys-C	AC=MS:1001251;NT=Trypsin	AC=MS:1002038;NT=label free sample	7 ppm	20 ppm	1
PXD004352-Sample-26	Homo sapiens	Blood	Blood	T4 Effector Memory Cells	not available	not available	not available	normal	20150112_EXQ00_JaRi_SA_Sups_TCD4emra_n_02	adult	2	2	PXD004352	20150112_EXQ00_JaRi_SA_Sups_TCD4emra_n_02.raw	T4 Effector Memory Cells_RA_Negative-2	ftp://ftp.pride.ebi.ac.uk/pride/data/archive/2017/03/PXD004352/20150112_EXQ00_JaRi_SA_Sups_TCD4emra_n_02.raw	1	1	NT=Q Exactive;AC=MS:1001911	"NT=Deamidated;MT=Variable;TA=N,Q;AC=UNIMOD:7"	NT=Acetyl; MT=Variable; PP=Protein N-term; AC=UNIMOD:1	AC=UNIMOD:35;NT=Oxidation;MT=Variable;TA=M	NT=Carbamidomethyl;TA=C;MT=fixed;AC=UNIMOD:4	AC=MS:1001309;NT=Lys-C	AC=MS:1001251;NT=Trypsin	AC=MS:1002038;NT=label free sample	7 ppm	20 ppm	1
PXD004352-Sample-27	Homo sapiens	Blood	Blood	T4 Effector Memory Cells	not available	not available	not available	normal	20150112_EXQ00_JaRi_SA_Sups_TCD4emra_n_03	adult	3	3	PXD004352	20150112_EXQ00_JaRi_SA_Sups_TCD4emra_n_03.raw	T4 Effector Memory Cells_RA_Negative-3	ftp://ftp.pride.ebi.ac.uk/pride/data/archive/2017/03/PXD004352/20150112_EXQ00_JaRi_SA_Sups_TCD4emra_n_03.raw	1	1	NT=Q Exactive;AC=MS:1001911	"NT=Deamidated;MT=Variable;TA=N,Q;AC=UNIMOD:7"	NT=Acetyl; MT=Variable; PP=Protein N-term; AC=UNIMOD:1	AC=UNIMOD:35;NT=Oxidation;MT=Variable;TA=M	NT=Carbamidomethyl;TA=C;MT=fixed;AC=UNIMOD:4	AC=MS:1001309;NT=Lys-C	AC=MS:1001251;NT=Trypsin	AC=MS:1002038;NT=label free sample	7 ppm	20 ppm	1
PXD004352-Sample-28	Homo sapiens	Blood	Blood	T4 Effector Memory Cells	not available	not available	not available	normal	20150112_EXQ00_JaRi_SA_Sups_TCD4emra_p_01	adult	1	1	PXD004352	20150112_EXQ00_JaRi_SA_Sups_TCD4emra_p_01.raw	T4 Effector Memory Cells_RA_Positive-1	ftp://ftp.pride.ebi.ac.uk/pride/data/archive/2017/03/PXD004352/20150112_EXQ00_JaRi_SA_Sups_TCD4emra_p_01.raw	1	1	NT=Q Exactive;AC=MS:1001911	"NT=Deamidated;MT=Variable;TA=N,Q;AC=UNIMOD:7"	NT=Acetyl; MT=Variable; PP=Protein N-term; AC=UNIMOD:1	AC=UNIMOD:35;NT=Oxidation;MT=Variable;TA=M	NT=Carbamidomethyl;TA=C;MT=fixed;AC=UNIMOD:4	AC=MS:1001309;NT=Lys-C	AC=MS:1001251;NT=Trypsin	AC=MS:1002038;NT=label free sample	7 ppm	20 ppm	1
PXD004352-Sample-29	Homo sapiens	Blood	Blood	T4 Effector Memory Cells	not available	not available	not available	normal	20150112_EXQ00_JaRi_SA_Sups_TCD4emra_p_02	adult	2	2	PXD004352	20150112_EXQ00_JaRi_SA_Sups_TCD4emra_p_02.raw	T4 Effector Memory Cells_RA_Positive-2	ftp://ftp.pride.ebi.ac.uk/pride/data/archive/2017/03/PXD004352/20150112_EXQ00_JaRi_SA_Sups_TCD4emra_p_02.raw	1	1	NT=Q Exactive;AC=MS:1001911	"NT=Deamidated;MT=Variable;TA=N,Q;AC=UNIMOD:7"	NT=Acetyl; MT=Variable; PP=Protein N-term; AC=UNIMOD:1	AC=UNIMOD:35;NT=Oxidation;MT=Variable;TA=M	NT=Carbamidomethyl;TA=C;MT=fixed;AC=UNIMOD:4	AC=MS:1001309;NT=Lys-C	AC=MS:1001251;NT=Trypsin	AC=MS:1002038;NT=label free sample	7 ppm	20 ppm	1
PXD004352-Sample-30	Homo sapiens	Blood	Blood	T4 Effector Memory Cells	not available	not available	not available	normal	20150112_EXQ00_JaRi_SA_Sups_TCD4emra_p_03	adult	3	3	PXD004352	20150112_EXQ00_JaRi_SA_Sups_TCD4emra_p_03.raw	T4 Effector Memory Cells_RA_Positive-3	ftp://ftp.pride.ebi.ac.uk/pride/data/archive/2017/03/PXD004352/20150112_EXQ00_JaRi_SA_Sups_TCD4emra_p_03.raw	1	1	NT=Q Exactive;AC=MS:1001911	"NT=Deamidated;MT=Variable;TA=N,Q;AC=UNIMOD:7"	NT=Acetyl; MT=Variable; PP=Protein N-term; AC=UNIMOD:1	AC=UNIMOD:35;NT=Oxidation;MT=Variable;TA=M	NT=Carbamidomethyl;TA=C;MT=fixed;AC=UNIMOD:4	AC=MS:1001309;NT=Lys-C	AC=MS:1001251;NT=Trypsin	AC=MS:1002038;NT=label free sample	7 ppm	20 ppm	1
PXD004352-Sample-31	Homo sapiens	Blood	Blood	T4 Naive Cells	not available	not available	not available	normal	20150112_EXQ00_JaRi_SA_Sups_TCD4naive_n_02	adult	2	2	PXD004352	20150112_EXQ00_JaRi_SA_Sups_TCD4naive_n_02.raw	T4 Naive Cells_Negative-2	ftp://ftp.pride.ebi.ac.uk/pride/data/archive/2017/03/PXD004352/20150112_EXQ00_JaRi_SA_Sups_TCD4naive_n_02.raw	1	1	NT=Q Exactive;AC=MS:1001911	"NT=Deamidated;MT=Variable;TA=N,Q;AC=UNIMOD:7"	NT=Acetyl; MT=Variable; PP=Protein N-term; AC=UNIMOD:1	AC=UNIMOD:35;NT=Oxidation;MT=Variable;TA=M	NT=Carbamidomethyl;TA=C;MT=fixed;AC=UNIMOD:4	AC=MS:1001309;NT=Lys-C	AC=MS:1001251;NT=Trypsin	AC=MS:1002038;NT=label free sample	7 ppm	20 ppm	1
PXD004352-Sample-32	Homo sapiens	Blood	Blood	T4 Naive Cells	not available	not available	not available	normal	20150112_EXQ00_JaRi_SA_Sups_TCD4naive_p_01	adult	1	1	PXD004352	20150112_EXQ00_JaRi_SA_Sups_TCD4naive_p_01.raw	T4 Naive Cells_Positive-1	ftp://ftp.pride.ebi.ac.uk/pride/data/archive/2017/03/PXD004352/20150112_EXQ00_JaRi_SA_Sups_TCD4naive_p_01.raw	1	1	NT=Q Exactive;AC=MS:1001911	"NT=Deamidated;MT=Variable;TA=N,Q;AC=UNIMOD:7"	NT=Acetyl; MT=Variable; PP=Protein N-term; AC=UNIMOD:1	AC=UNIMOD:35;NT=Oxidation;MT=Variable;TA=M	NT=Carbamidomethyl;TA=C;MT=fixed;AC=UNIMOD:4	AC=MS:1001309;NT=Lys-C	AC=MS:1001251;NT=Trypsin	AC=MS:1002038;NT=label free sample	7 ppm	20 ppm	1
PXD004352-Sample-33	Homo sapiens	Blood	Blood	Dendritic Cells Myeloid	not available	not available	not available	normal	mDC_01 (activated)	adult	1	1	PXD004352	mDC_01 (activated).raw	Dendritic Cells Myeloid_Activated-1	ftp://ftp.pride.ebi.ac.uk/pride/data/archive/2017/03/PXD004352/mDC_01 (activated).raw	1	1	NT=Q Exactive;AC=MS:1001911	"NT=Deamidated;MT=Variable;TA=N,Q;AC=UNIMOD:7"	NT=Acetyl; MT=Variable; PP=Protein N-term; AC=UNIMOD:1	AC=UNIMOD:35;NT=Oxidation;MT=Variable;TA=M	NT=Carbamidomethyl;TA=C;MT=fixed;AC=UNIMOD:4	AC=MS:1001309;NT=Lys-C	AC=MS:1001251;NT=Trypsin	AC=MS:1002038;NT=label free sample	7 ppm	20 ppm	1
PXD004352-Sample-34	Homo sapiens	Blood	Blood	Dendritic Cells Myeloid	not available	not available	not available	normal	mDC_02 (activated)	adult	2	2	PXD004352	mDC_02 (activated).raw	Dendritic Cells Myeloid_Activated-2	ftp://ftp.pride.ebi.ac.uk/pride/data/archive/2017/03/PXD004352/mDC_02 (activated).raw	1	1	NT=Q Exactive;AC=MS:1001911	"NT=Deamidated;MT=Variable;TA=N,Q;AC=UNIMOD:7"	NT=Acetyl; MT=Variable; PP=Protein N-term; AC=UNIMOD:1	AC=UNIMOD:35;NT=Oxidation;MT=Variable;TA=M	NT=Carbamidomethyl;TA=C;MT=fixed;AC=UNIMOD:4	AC=MS:1001309;NT=Lys-C	AC=MS:1001251;NT=Trypsin	AC=MS:1002038;NT=label free sample	7 ppm	20 ppm	1
PXD004352-Sample-35	Homo sapiens	Blood	Blood	Dendritic Cells Myeloid	not available	not available	not available	normal	mDC_03 (activated)	adult	3	3	PXD004352	mDC_03 (activated).raw	Dendritic Cells Myeloid_Activated-3	ftp://ftp.pride.ebi.ac.uk/pride/data/archive/2017/03/PXD004352/mDC_03 (activated).raw	1	1	NT=Q Exactive;AC=MS:1001911	"NT=Deamidated;MT=Variable;TA=N,Q;AC=UNIMOD:7"	NT=Acetyl; MT=Variable; PP=Protein N-term; AC=UNIMOD:1	AC=UNIMOD:35;NT=Oxidation;MT=Variable;TA=M	NT=Carbamidomethyl;TA=C;MT=fixed;AC=UNIMOD:4	AC=MS:1001309;NT=Lys-C	AC=MS:1001251;NT=Trypsin	AC=MS:1002038;NT=label free sample	7 ppm	20 ppm	1
PXD004352-Sample-36	Homo sapiens	Blood	Blood	Dendritic Cells Myeloid	not available	not available	not available	normal	mDC_04 (activated)	adult	4	4	PXD004352	mDC_04 (activated).raw	Dendritic Cells Myeloid_Activated-4	ftp://ftp.pride.ebi.ac.uk/pride/data/archive/2017/03/PXD004352/mDC_04 (activated).raw	1	1	NT=Q Exactive;AC=MS:1001911	"NT=Deamidated;MT=Variable;TA=N,Q;AC=UNIMOD:7"	NT=Acetyl; MT=Variable; PP=Protein N-term; AC=UNIMOD:1	AC=UNIMOD:35;NT=Oxidation;MT=Variable;TA=M	NT=Carbamidomethyl;TA=C;MT=fixed;AC=UNIMOD:4	AC=MS:1001309;NT=Lys-C	AC=MS:1001251;NT=Trypsin	AC=MS:1002038;NT=label free sample	7 ppm	20 ppm	1
PXD004352-Sample-37	Homo sapiens	Blood	Blood	Dendritic Cells Myeloid	not available	not available	not available	normal	20150817_QEp8_JaRi_SA_Sups_DCmyeloid_CTR_01	adult	1	1	PXD004352	20150817_QEp8_JaRi_SA_Sups_DCmyeloid_CTR_01.raw	Dendritic Cells Myeloid_CTR-1	ftp://ftp.pride.ebi.ac.uk/pride/data/archive/2017/03/PXD004352/20150817_QEp8_JaRi_SA_Sups_DCmyeloid_CTR_01.raw	1	1	NT=Q Exactive;AC=MS:1001911	"NT=Deamidated;MT=Variable;TA=N,Q;AC=UNIMOD:7"	NT=Acetyl; MT=Variable; PP=Protein N-term; AC=UNIMOD:1	AC=UNIMOD:35;NT=Oxidation;MT=Variable;TA=M	NT=Carbamidomethyl;TA=C;MT=fixed;AC=UNIMOD:4	AC=MS:1001309;NT=Lys-C	AC=MS:1001251;NT=Trypsin	AC=MS:1002038;NT=label free sample	7 ppm	20 ppm	1
PXD004352-Sample-38	Homo sapiens	Blood	Blood	Dendritic Cells Myeloid	not available	not available	not available	normal	20150817_QEp8_JaRi_SA_Sups_DCmyeloid_CTR_02	adult	2	2	PXD004352	20150817_QEp8_JaRi_SA_Sups_DCmyeloid_CTR_02.raw	Dendritic Cells Myeloid_CTR-2	ftp://ftp.pride.ebi.ac.uk/pride/data/archive/2017/03/PXD004352/20150817_QEp8_JaRi_SA_Sups_DCmyeloid_CTR_02.raw	1	1	NT=Q Exactive;AC=MS:1001911	"NT=Deamidated;MT=Variable;TA=N,Q;AC=UNIMOD:7"	NT=Acetyl; MT=Variable; PP=Protein N-term; AC=UNIMOD:1	AC=UNIMOD:35;NT=Oxidation;MT=Variable;TA=M	NT=Carbamidomethyl;TA=C;MT=fixed;AC=UNIMOD:4	AC=MS:1001309;NT=Lys-C	AC=MS:1001251;NT=Trypsin	AC=MS:1002038;NT=label free sample	7 ppm	20 ppm	1
PXD004352-Sample-39	Homo sapiens	Blood	Blood	Dendritic Cells Myeloid	not available	not available	not available	normal	20150817_QEp8_JaRi_SA_Sups_DCmyeloid_CTR_03	adult	3	3	PXD004352	20150817_QEp8_JaRi_SA_Sups_DCmyeloid_CTR_03.raw	Dendritic Cells Myeloid_CTR-3	ftp://ftp.pride.ebi.ac.uk/pride/data/archive/2017/03/PXD004352/20150817_QEp8_JaRi_SA_Sups_DCmyeloid_CTR_03.raw	1	1	NT=Q Exactive;AC=MS:1001911	"NT=Deamidated;MT=Variable;TA=N,Q;AC=UNIMOD:7"	NT=Acetyl; MT=Variable; PP=Protein N-term; AC=UNIMOD:1	AC=UNIMOD:35;NT=Oxidation;MT=Variable;TA=M	NT=Carbamidomethyl;TA=C;MT=fixed;AC=UNIMOD:4	AC=MS:1001309;NT=Lys-C	AC=MS:1001251;NT=Trypsin	AC=MS:1002038;NT=label free sample	7 ppm	20 ppm	1
PXD004352-Sample-40	Homo sapiens	Blood	Blood	Dendritic Cells Myeloid	not available	not available	not available	normal	20150817_QEp8_JaRi_SA_Sups_DCmyeloid_LPS_01	adult	1	1	PXD004352	20150817_QEp8_JaRi_SA_Sups_DCmyeloid_LPS_01.raw	Dendritic Cells Myeloid_LPS-1	ftp://ftp.pride.ebi.ac.uk/pride/data/archive/2017/03/PXD004352/20150817_QEp8_JaRi_SA_Sups_DCmyeloid_LPS_01.raw	1	1	NT=Q Exactive;AC=MS:1001911	"NT=Deamidated;MT=Variable;TA=N,Q;AC=UNIMOD:7"	NT=Acetyl; MT=Variable; PP=Protein N-term; AC=UNIMOD:1	AC=UNIMOD:35;NT=Oxidation;MT=Variable;TA=M	NT=Carbamidomethyl;TA=C;MT=fixed;AC=UNIMOD:4	AC=MS:1001309;NT=Lys-C	AC=MS:1001251;NT=Trypsin	AC=MS:1002038;NT=label free sample	7 ppm	20 ppm	1
PXD004352-Sample-41	Homo sapiens	Blood	Blood	Dendritic Cells Myeloid	not available	not available	not available	normal	20150817_QEp8_JaRi_SA_Sups_DCmyeloid_LPS_02	adult	2	2	PXD004352	20150817_QEp8_JaRi_SA_Sups_DCmyeloid_LPS_02.raw	Dendritic Cells Myeloid_LPS-2	ftp://ftp.pride.ebi.ac.uk/pride/data/archive/2017/03/PXD004352/20150817_QEp8_JaRi_SA_Sups_DCmyeloid_LPS_02.raw	1	1	NT=Q Exactive;AC=MS:1001911	"NT=Deamidated;MT=Variable;TA=N,Q;AC=UNIMOD:7"	NT=Acetyl; MT=Variable; PP=Protein N-term; AC=UNIMOD:1	AC=UNIMOD:35;NT=Oxidation;MT=Variable;TA=M	NT=Carbamidomethyl;TA=C;MT=fixed;AC=UNIMOD:4	AC=MS:1001309;NT=Lys-C	AC=MS:1001251;NT=Trypsin	AC=MS:1002038;NT=label free sample	7 ppm	20 ppm	1
PXD004352-Sample-42	Homo sapiens	Blood	Blood	Dendritic Cells Myeloid	not available	not available	not available	normal	20150817_QEp8_JaRi_SA_Sups_DCmyeloid_LPS_03	adult	3	3	PXD004352	20150817_QEp8_JaRi_SA_Sups_DCmyeloid_LPS_03.raw	Dendritic Cells Myeloid_LPS-3	ftp://ftp.pride.ebi.ac.uk/pride/data/archive/2017/03/PXD004352/20150817_QEp8_JaRi_SA_Sups_DCmyeloid_LPS_03.raw	1	1	NT=Q Exactive;AC=MS:1001911	"NT=Deamidated;MT=Variable;TA=N,Q;AC=UNIMOD:7"	NT=Acetyl; MT=Variable; PP=Protein N-term; AC=UNIMOD:1	AC=UNIMOD:35;NT=Oxidation;MT=Variable;TA=M	NT=Carbamidomethyl;TA=C;MT=fixed;AC=UNIMOD:4	AC=MS:1001309;NT=Lys-C	AC=MS:1001251;NT=Trypsin	AC=MS:1002038;NT=label free sample	7 ppm	20 ppm	1
PXD004352-Sample-43	Homo sapiens	Blood	Blood	Dendritic Cells Myeloid	not available	not available	not available	normal	20150817_QEp8_JaRi_SA_Sups_DCmyeloid_LTA_01	adult	1	1	PXD004352	20150817_QEp8_JaRi_SA_Sups_DCmyeloid_LTA_01.raw	Dendritic Cells Myeloid_LTA-1	ftp://ftp.pride.ebi.ac.uk/pride/data/archive/2017/03/PXD004352/20150817_QEp8_JaRi_SA_Sups_DCmyeloid_LTA_01.raw	1	1	NT=Q Exactive;AC=MS:1001911	"NT=Deamidated;MT=Variable;TA=N,Q;AC=UNIMOD:7"	NT=Acetyl; MT=Variable; PP=Protein N-term; AC=UNIMOD:1	AC=UNIMOD:35;NT=Oxidation;MT=Variable;TA=M	NT=Carbamidomethyl;TA=C;MT=fixed;AC=UNIMOD:4	AC=MS:1001309;NT=Lys-C	AC=MS:1001251;NT=Trypsin	AC=MS:1002038;NT=label free sample	7 ppm	20 ppm	1
PXD004352-Sample-44	Homo sapiens	Blood	Blood	Dendritic Cells Myeloid	not available	not available	not available	normal	20150817_QEp8_JaRi_SA_Sups_DCmyeloid_LTA_02	adult	2	2	PXD004352	20150817_QEp8_JaRi_SA_Sups_DCmyeloid_LTA_02.raw	Dendritic Cells Myeloid_LTA-2	ftp://ftp.pride.ebi.ac.uk/pride/data/archive/2017/03/PXD004352/20150817_QEp8_JaRi_SA_Sups_DCmyeloid_LTA_02.raw	1	1	NT=Q Exactive;AC=MS:1001911	"NT=Deamidated;MT=Variable;TA=N,Q;AC=UNIMOD:7"	NT=Acetyl; MT=Variable; PP=Protein N-term; AC=UNIMOD:1	AC=UNIMOD:35;NT=Oxidation;MT=Variable;TA=M	NT=Carbamidomethyl;TA=C;MT=fixed;AC=UNIMOD:4	AC=MS:1001309;NT=Lys-C	AC=MS:1001251;NT=Trypsin	AC=MS:1002038;NT=label free sample	7 ppm	20 ppm	1
PXD004352-Sample-45	Homo sapiens	Blood	Blood	Dendritic Cells Myeloid	not available	not available	not available	normal	20150817_QEp8_JaRi_SA_Sups_DCmyeloid_LTA_03	adult	3	3	PXD004352	20150817_QEp8_JaRi_SA_Sups_DCmyeloid_LTA_03.raw	Dendritic Cells Myeloid_LTA-3	ftp://ftp.pride.ebi.ac.uk/pride/data/archive/2017/03/PXD004352/20150817_QEp8_JaRi_SA_Sups_DCmyeloid_LTA_03.raw	1	1	NT=Q Exactive;AC=MS:1001911	"NT=Deamidated;MT=Variable;TA=N,Q;AC=UNIMOD:7"	NT=Acetyl; MT=Variable; PP=Protein N-term; AC=UNIMOD:1	AC=UNIMOD:35;NT=Oxidation;MT=Variable;TA=M	NT=Carbamidomethyl;TA=C;MT=fixed;AC=UNIMOD:4	AC=MS:1001309;NT=Lys-C	AC=MS:1001251;NT=Trypsin	AC=MS:1002038;NT=label free sample	7 ppm	20 ppm	1
PXD004352-Sample-46	Homo sapiens	Blood	Blood	Dendritic Cells Myeloid	not available	not available	not available	normal	20150112_EXQ00_JaRi_SA_Sups_mDC_n_01	adult	1	1	PXD004352	20150112_EXQ00_JaRi_SA_Sups_mDC_n_01.raw	Dendritic Cells Myeloid_Negative-1	ftp://ftp.pride.ebi.ac.uk/pride/data/archive/2017/03/PXD004352/20150112_EXQ00_JaRi_SA_Sups_mDC_n_01.raw	1	1	NT=Q Exactive;AC=MS:1001911	"NT=Deamidated;MT=Variable;TA=N,Q;AC=UNIMOD:7"	NT=Acetyl; MT=Variable; PP=Protein N-term; AC=UNIMOD:1	AC=UNIMOD:35;NT=Oxidation;MT=Variable;TA=M	NT=Carbamidomethyl;TA=C;MT=fixed;AC=UNIMOD:4	AC=MS:1001309;NT=Lys-C	AC=MS:1001251;NT=Trypsin	AC=MS:1002038;NT=label free sample	7 ppm	20 ppm	1
PXD004352-Sample-47	Homo sapiens	Blood	Blood	Dendritic Cells Myeloid	not available	not available	not available	normal	20150112_EXQ00_JaRi_SA_Sups_mDC_n_02	adult	2	2	PXD004352	20150112_EXQ00_JaRi_SA_Sups_mDC_n_02.raw	Dendritic Cells Myeloid_Negative-2	ftp://ftp.pride.ebi.ac.uk/pride/data/archive/2017/03/PXD004352/20150112_EXQ00_JaRi_SA_Sups_mDC_n_02.raw	1	1	NT=Q Exactive;AC=MS:1001911	"NT=Deamidated;MT=Variable;TA=N,Q;AC=UNIMOD:7"	NT=Acetyl; MT=Variable; PP=Protein N-term; AC=UNIMOD:1	AC=UNIMOD:35;NT=Oxidation;MT=Variable;TA=M	NT=Carbamidomethyl;TA=C;MT=fixed;AC=UNIMOD:4	AC=MS:1001309;NT=Lys-C	AC=MS:1001251;NT=Trypsin	AC=MS:1002038;NT=label free sample	7 ppm	20 ppm	1
PXD004352-Sample-48	Homo sapiens	Blood	Blood	Dendritic Cells Myeloid	not available	not available	not available	normal	20150112_EXQ00_JaRi_SA_Sups_mDC_n_03	adult	3	3	PXD004352	20150112_EXQ00_JaRi_SA_Sups_mDC_n_03.raw	Dendritic Cells Myeloid_Negative-3	ftp://ftp.pride.ebi.ac.uk/pride/data/archive/2017/03/PXD004352/20150112_EXQ00_JaRi_SA_Sups_mDC_n_03.raw	1	1	NT=Q Exactive;AC=MS:1001911	"NT=Deamidated;MT=Variable;TA=N,Q;AC=UNIMOD:7"	NT=Acetyl; MT=Variable; PP=Protein N-term; AC=UNIMOD:1	AC=UNIMOD:35;NT=Oxidation;MT=Variable;TA=M	NT=Carbamidomethyl;TA=C;MT=fixed;AC=UNIMOD:4	AC=MS:1001309;NT=Lys-C	AC=MS:1001251;NT=Trypsin	AC=MS:1002038;NT=label free sample	7 ppm	20 ppm	1
PXD004352-Sample-49	Homo sapiens	Blood	Blood	Dendritic Cells Myeloid	not available	not available	not available	normal	20150112_EXQ00_JaRi_SA_Sups_mDC_n_04	adult	4	4	PXD004352	20150112_EXQ00_JaRi_SA_Sups_mDC_n_04.raw	Dendritic Cells Myeloid_Negative-4	ftp://ftp.pride.ebi.ac.uk/pride/data/archive/2017/03/PXD004352/20150112_EXQ00_JaRi_SA_Sups_mDC_n_04.raw	1	1	NT=Q Exactive;AC=MS:1001911	"NT=Deamidated;MT=Variable;TA=N,Q;AC=UNIMOD:7"	NT=Acetyl; MT=Variable; PP=Protein N-term; AC=UNIMOD:1	AC=UNIMOD:35;NT=Oxidation;MT=Variable;TA=M	NT=Carbamidomethyl;TA=C;MT=fixed;AC=UNIMOD:4	AC=MS:1001309;NT=Lys-C	AC=MS:1001251;NT=Trypsin	AC=MS:1002038;NT=label free sample	7 ppm	20 ppm	1
PXD004352-Sample-50	Homo sapiens	Blood	Blood	Dendritic Cells Myeloid	not available	not available	not available	normal	20150112_EXQ00_JaRi_SA_Sups_mDC_p_01	adult	1	1	PXD004352	20150112_EXQ00_JaRi_SA_Sups_mDC_p_01.raw	Dendritic Cells Myeloid_Positive-1	ftp://ftp.pride.ebi.ac.uk/pride/data/archive/2017/03/PXD004352/20150112_EXQ00_JaRi_SA_Sups_mDC_p_01.raw	1	1	NT=Q Exactive;AC=MS:1001911	"NT=Deamidated;MT=Variable;TA=N,Q;AC=UNIMOD:7"	NT=Acetyl; MT=Variable; PP=Protein N-term; AC=UNIMOD:1	AC=UNIMOD:35;NT=Oxidation;MT=Variable;TA=M	NT=Carbamidomethyl;TA=C;MT=fixed;AC=UNIMOD:4	AC=MS:1001309;NT=Lys-C	AC=MS:1001251;NT=Trypsin	AC=MS:1002038;NT=label free sample	7 ppm	20 ppm	1
PXD004352-Sample-51	Homo sapiens	Blood	Blood	Dendritic Cells Myeloid	not available	not available	not available	normal	20150112_EXQ00_JaRi_SA_Sups_mDC_p_02	adult	2	2	PXD004352	20150112_EXQ00_JaRi_SA_Sups_mDC_p_02.raw	Dendritic Cells Myeloid_Positive-2	ftp://ftp.pride.ebi.ac.uk/pride/data/archive/2017/03/PXD004352/20150112_EXQ00_JaRi_SA_Sups_mDC_p_02.raw	1	1	NT=Q Exactive;AC=MS:1001911	"NT=Deamidated;MT=Variable;TA=N,Q;AC=UNIMOD:7"	NT=Acetyl; MT=Variable; PP=Protein N-term; AC=UNIMOD:1	AC=UNIMOD:35;NT=Oxidation;MT=Variable;TA=M	NT=Carbamidomethyl;TA=C;MT=fixed;AC=UNIMOD:4	AC=MS:1001309;NT=Lys-C	AC=MS:1001251;NT=Trypsin	AC=MS:1002038;NT=label free sample	7 ppm	20 ppm	1
PXD004352-Sample-52	Homo sapiens	Blood	Blood	Dendritic Cells Myeloid	not available	not available	not available	normal	20150112_EXQ00_JaRi_SA_Sups_mDC_p_03	adult	3	3	PXD004352	20150112_EXQ00_JaRi_SA_Sups_mDC_p_03.raw	Dendritic Cells Myeloid_Positive-3	ftp://ftp.pride.ebi.ac.uk/pride/data/archive/2017/03/PXD004352/20150112_EXQ00_JaRi_SA_Sups_mDC_p_03.raw	1	1	NT=Q Exactive;AC=MS:1001911	"NT=Deamidated;MT=Variable;TA=N,Q;AC=UNIMOD:7"	NT=Acetyl; MT=Variable; PP=Protein N-term; AC=UNIMOD:1	AC=UNIMOD:35;NT=Oxidation;MT=Variable;TA=M	NT=Carbamidomethyl;TA=C;MT=fixed;AC=UNIMOD:4	AC=MS:1001309;NT=Lys-C	AC=MS:1001251;NT=Trypsin	AC=MS:1002038;NT=label free sample	7 ppm	20 ppm	1
PXD004352-Sample-53	Homo sapiens	Blood	Blood	Dendritic Cells Myeloid	not available	not available	not available	normal	20150112_EXQ00_JaRi_SA_Sups_mDC_p_04	adult	4	4	PXD004352	20150112_EXQ00_JaRi_SA_Sups_mDC_p_04.raw	Dendritic Cells Myeloid_Positive-4	ftp://ftp.pride.ebi.ac.uk/pride/data/archive/2017/03/PXD004352/20150112_EXQ00_JaRi_SA_Sups_mDC_p_04.raw	1	1	NT=Q Exactive;AC=MS:1001911	"NT=Deamidated;MT=Variable;TA=N,Q;AC=UNIMOD:7"	NT=Acetyl; MT=Variable; PP=Protein N-term; AC=UNIMOD:1	AC=UNIMOD:35;NT=Oxidation;MT=Variable;TA=M	NT=Carbamidomethyl;TA=C;MT=fixed;AC=UNIMOD:4	AC=MS:1001309;NT=Lys-C	AC=MS:1001251;NT=Trypsin	AC=MS:1002038;NT=label free sample	7 ppm	20 ppm	1
PXD004352-Sample-54	Homo sapiens	Blood	Blood	Dendritic Cells Myeloid	not available	not available	not available	normal	20150817_QEp8_JaRi_SA_Sups_DCmyeloid_PIC_01	adult	1	1	PXD004352	20150817_QEp8_JaRi_SA_Sups_DCmyeloid_PIC_01.raw	Dendritic Cells Myeloid_PIC-1	ftp://ftp.pride.ebi.ac.uk/pride/data/archive/2017/03/PXD004352/20150817_QEp8_JaRi_SA_Sups_DCmyeloid_PIC_01.raw	1	1	NT=Q Exactive;AC=MS:1001911	"NT=Deamidated;MT=Variable;TA=N,Q;AC=UNIMOD:7"	NT=Acetyl; MT=Variable; PP=Protein N-term; AC=UNIMOD:1	AC=UNIMOD:35;NT=Oxidation;MT=Variable;TA=M	NT=Carbamidomethyl;TA=C;MT=fixed;AC=UNIMOD:4	AC=MS:1001309;NT=Lys-C	AC=MS:1001251;NT=Trypsin	AC=MS:1002038;NT=label free sample	7 ppm	20 ppm	1
PXD004352-Sample-55	Homo sapiens	Blood	Blood	Dendritic Cells Myeloid	not available	not available	not available	normal	20150817_QEp8_JaRi_SA_Sups_DCmyeloid_PIC_02	adult	2	2	PXD004352	20150817_QEp8_JaRi_SA_Sups_DCmyeloid_PIC_02.raw	Dendritic Cells Myeloid_PIC-2	ftp://ftp.pride.ebi.ac.uk/pride/data/archive/2017/03/PXD004352/20150817_QEp8_JaRi_SA_Sups_DCmyeloid_PIC_02.raw	1	1	NT=Q Exactive;AC=MS:1001911	"NT=Deamidated;MT=Variable;TA=N,Q;AC=UNIMOD:7"	NT=Acetyl; MT=Variable; PP=Protein N-term; AC=UNIMOD:1	AC=UNIMOD:35;NT=Oxidation;MT=Variable;TA=M	NT=Carbamidomethyl;TA=C;MT=fixed;AC=UNIMOD:4	AC=MS:1001309;NT=Lys-C	AC=MS:1001251;NT=Trypsin	AC=MS:1002038;NT=label free sample	7 ppm	20 ppm	1
PXD004352-Sample-56	Homo sapiens	Blood	Blood	Dendritic Cells Myeloid	not available	not available	not available	normal	20150817_QEp8_JaRi_SA_Sups_DCmyeloid_PIC_03	adult	3	3	PXD004352	20150817_QEp8_JaRi_SA_Sups_DCmyeloid_PIC_03.raw	Dendritic Cells Myeloid_PIC-3	ftp://ftp.pride.ebi.ac.uk/pride/data/archive/2017/03/PXD004352/20150817_QEp8_JaRi_SA_Sups_DCmyeloid_PIC_03.raw	1	1	NT=Q Exactive;AC=MS:1001911	"NT=Deamidated;MT=Variable;TA=N,Q;AC=UNIMOD:7"	NT=Acetyl; MT=Variable; PP=Protein N-term; AC=UNIMOD:1	AC=UNIMOD:35;NT=Oxidation;MT=Variable;TA=M	NT=Carbamidomethyl;TA=C;MT=fixed;AC=UNIMOD:4	AC=MS:1001309;NT=Lys-C	AC=MS:1001251;NT=Trypsin	AC=MS:1002038;NT=label free sample	7 ppm	20 ppm	1
PXD004352-Sample-57	Homo sapiens	Blood	Blood	Dendritic Cells Myeloid	not available	not available	not available	normal	20150817_QEp8_JaRi_SA_Sups_DCmyeloid_R848_01	adult	1	1	PXD004352	20150817_QEp8_JaRi_SA_Sups_DCmyeloid_R848_01.raw	Dendritic Cells Myeloid_R848-1	ftp://ftp.pride.ebi.ac.uk/pride/data/archive/2017/03/PXD004352/20150817_QEp8_JaRi_SA_Sups_DCmyeloid_R848_01.raw	1	1	NT=Q Exactive;AC=MS:1001911	"NT=Deamidated;MT=Variable;TA=N,Q;AC=UNIMOD:7"	NT=Acetyl; MT=Variable; PP=Protein N-term; AC=UNIMOD:1	AC=UNIMOD:35;NT=Oxidation;MT=Variable;TA=M	NT=Carbamidomethyl;TA=C;MT=fixed;AC=UNIMOD:4	AC=MS:1001309;NT=Lys-C	AC=MS:1001251;NT=Trypsin	AC=MS:1002038;NT=label free sample	7 ppm	20 ppm	1
PXD004352-Sample-58	Homo sapiens	Blood	Blood	Dendritic Cells Myeloid	not available	not available	not available	normal	20150817_QEp8_JaRi_SA_Sups_DCmyeloid_R848_02	adult	2	2	PXD004352	20150817_QEp8_JaRi_SA_Sups_DCmyeloid_R848_02.raw	Dendritic Cells Myeloid_R848-2	ftp://ftp.pride.ebi.ac.uk/pride/data/archive/2017/03/PXD004352/20150817_QEp8_JaRi_SA_Sups_DCmyeloid_R848_02.raw	1	1	NT=Q Exactive;AC=MS:1001911	"NT=Deamidated;MT=Variable;TA=N,Q;AC=UNIMOD:7"	NT=Acetyl; MT=Variable; PP=Protein N-term; AC=UNIMOD:1	AC=UNIMOD:35;NT=Oxidation;MT=Variable;TA=M	NT=Carbamidomethyl;TA=C;MT=fixed;AC=UNIMOD:4	AC=MS:1001309;NT=Lys-C	AC=MS:1001251;NT=Trypsin	AC=MS:1002038;NT=label free sample	7 ppm	20 ppm	1
PXD004352-Sample-59	Homo sapiens	Blood	Blood	Dendritic Cells Myeloid	not available	not available	not available	normal	20150817_QEp8_JaRi_SA_Sups_DCmyeloid_R848_03	adult	3	3	PXD004352	20150817_QEp8_JaRi_SA_Sups_DCmyeloid_R848_03.raw	Dendritic Cells Myeloid_R848-3	ftp://ftp.pride.ebi.ac.uk/pride/data/archive/2017/03/PXD004352/20150817_QEp8_JaRi_SA_Sups_DCmyeloid_R848_03.raw	1	1	NT=Q Exactive;AC=MS:1001911	"NT=Deamidated;MT=Variable;TA=N,Q;AC=UNIMOD:7"	NT=Acetyl; MT=Variable; PP=Protein N-term; AC=UNIMOD:1	AC=UNIMOD:35;NT=Oxidation;MT=Variable;TA=M	NT=Carbamidomethyl;TA=C;MT=fixed;AC=UNIMOD:4	AC=MS:1001309;NT=Lys-C	AC=MS:1001251;NT=Trypsin	AC=MS:1002038;NT=label free sample	7 ppm	20 ppm	1
PXD004352-Sample-60	Homo sapiens	Blood	Blood	Dendritic Cells Myeloid	not available	not available	not available	normal	mDC_01 (steady-state)	adult	1	1	PXD004352	mDC_01 (steady-state).raw	Dendritic Cells Myeloid_Steady state-1	ftp://ftp.pride.ebi.ac.uk/pride/data/archive/2017/03/PXD004352/mDC_01 (steady-state).raw	1	1	NT=Q Exactive;AC=MS:1001911	"NT=Deamidated;MT=Variable;TA=N,Q;AC=UNIMOD:7"	NT=Acetyl; MT=Variable; PP=Protein N-term; AC=UNIMOD:1	AC=UNIMOD:35;NT=Oxidation;MT=Variable;TA=M	NT=Carbamidomethyl;TA=C;MT=fixed;AC=UNIMOD:4	AC=MS:1001309;NT=Lys-C	AC=MS:1001251;NT=Trypsin	AC=MS:1002038;NT=label free sample	7 ppm	20 ppm	1
PXD004352-Sample-61	Homo sapiens	Blood	Blood	Dendritic Cells Myeloid	not available	not available	not available	normal	mDC_02 (steady-state)	adult	2	2	PXD004352	mDC_02 (steady-state).raw	Dendritic Cells Myeloid_Steady state-2	ftp://ftp.pride.ebi.ac.uk/pride/data/archive/2017/03/PXD004352/mDC_02 (steady-state).raw	1	1	NT=Q Exactive;AC=MS:1001911	"NT=Deamidated;MT=Variable;TA=N,Q;AC=UNIMOD:7"	NT=Acetyl; MT=Variable; PP=Protein N-term; AC=UNIMOD:1	AC=UNIMOD:35;NT=Oxidation;MT=Variable;TA=M	NT=Carbamidomethyl;TA=C;MT=fixed;AC=UNIMOD:4	AC=MS:1001309;NT=Lys-C	AC=MS:1001251;NT=Trypsin	AC=MS:1002038;NT=label free sample	7 ppm	20 ppm	1
PXD004352-Sample-62	Homo sapiens	Blood	Blood	Dendritic Cells Myeloid	not available	not available	not available	normal	mDC_03 (steady-state)	adult	3	3	PXD004352	mDC_03 (steady-state).raw	Dendritic Cells Myeloid_Steady state-3	ftp://ftp.pride.ebi.ac.uk/pride/data/archive/2017/03/PXD004352/mDC_03 (steady-state).raw	1	1	NT=Q Exactive;AC=MS:1001911	"NT=Deamidated;MT=Variable;TA=N,Q;AC=UNIMOD:7"	NT=Acetyl; MT=Variable; PP=Protein N-term; AC=UNIMOD:1	AC=UNIMOD:35;NT=Oxidation;MT=Variable;TA=M	NT=Carbamidomethyl;TA=C;MT=fixed;AC=UNIMOD:4	AC=MS:1001309;NT=Lys-C	AC=MS:1001251;NT=Trypsin	AC=MS:1002038;NT=label free sample	7 ppm	20 ppm	1
PXD004352-Sample-63	Homo sapiens	Blood	Blood	Dendritic Cells Myeloid	not available	not available	not available	normal	mDC_04 (steady-state)	adult	4	4	PXD004352	mDC_04 (steady-state).raw	Dendritic Cells Myeloid_Steady state-4	ftp://ftp.pride.ebi.ac.uk/pride/data/archive/2017/03/PXD004352/mDC_04 (steady-state).raw	1	1	NT=Q Exactive;AC=MS:1001911	"NT=Deamidated;MT=Variable;TA=N,Q;AC=UNIMOD:7"	NT=Acetyl; MT=Variable; PP=Protein N-term; AC=UNIMOD:1	AC=UNIMOD:35;NT=Oxidation;MT=Variable;TA=M	NT=Carbamidomethyl;TA=C;MT=fixed;AC=UNIMOD:4	AC=MS:1001309;NT=Lys-C	AC=MS:1001251;NT=Trypsin	AC=MS:1002038;NT=label free sample	7 ppm	20 ppm	1
PXD004352-Sample-64	Homo sapiens	Blood	Blood	Dendritic Cells Myeloid	not available	not available	not available	normal	20150817_QEp8_JaRi_SA_Sups_DCmyeloid_ZYM_01	adult	1	1	PXD004352	20150817_QEp8_JaRi_SA_Sups_DCmyeloid_ZYM_01.raw	Dendritic Cells Myeloid_ZYM-1	ftp://ftp.pride.ebi.ac.uk/pride/data/archive/2017/03/PXD004352/20150817_QEp8_JaRi_SA_Sups_DCmyeloid_ZYM_01.raw	1	1	NT=Q Exactive;AC=MS:1001911	"NT=Deamidated;MT=Variable;TA=N,Q;AC=UNIMOD:7"	NT=Acetyl; MT=Variable; PP=Protein N-term; AC=UNIMOD:1	AC=UNIMOD:35;NT=Oxidation;MT=Variable;TA=M	NT=Carbamidomethyl;TA=C;MT=fixed;AC=UNIMOD:4	AC=MS:1001309;NT=Lys-C	AC=MS:1001251;NT=Trypsin	AC=MS:1002038;NT=label free sample	7 ppm	20 ppm	1
PXD004352-Sample-65	Homo sapiens	Blood	Blood	Dendritic Cells Myeloid	not available	not available	not available	normal	20150817_QEp8_JaRi_SA_Sups_DCmyeloid_ZYM_02	adult	2	2	PXD004352	20150817_QEp8_JaRi_SA_Sups_DCmyeloid_ZYM_02.raw	Dendritic Cells Myeloid_ZYM-2	ftp://ftp.pride.ebi.ac.uk/pride/data/archive/2017/03/PXD004352/20150817_QEp8_JaRi_SA_Sups_DCmyeloid_ZYM_02.raw	1	1	NT=Q Exactive;AC=MS:1001911	"NT=Deamidated;MT=Variable;TA=N,Q;AC=UNIMOD:7"	NT=Acetyl; MT=Variable; PP=Protein N-term; AC=UNIMOD:1	AC=UNIMOD:35;NT=Oxidation;MT=Variable;TA=M	NT=Carbamidomethyl;TA=C;MT=fixed;AC=UNIMOD:4	AC=MS:1001309;NT=Lys-C	AC=MS:1001251;NT=Trypsin	AC=MS:1002038;NT=label free sample	7 ppm	20 ppm	1
PXD004352-Sample-66	Homo sapiens	Blood	Blood	Dendritic Cells Myeloid	not available	not available	not available	normal	20150817_QEp8_JaRi_SA_Sups_DCmyeloid_ZYM_03	adult	3	3	PXD004352	20150817_QEp8_JaRi_SA_Sups_DCmyeloid_ZYM_03.raw	Dendritic Cells Myeloid_ZYM-3	ftp://ftp.pride.ebi.ac.uk/pride/data/archive/2017/03/PXD004352/20150817_QEp8_JaRi_SA_Sups_DCmyeloid_ZYM_03.raw	1	1	NT=Q Exactive;AC=MS:1001911	"NT=Deamidated;MT=Variable;TA=N,Q;AC=UNIMOD:7"	NT=Acetyl; MT=Variable; PP=Protein N-term; AC=UNIMOD:1	AC=UNIMOD:35;NT=Oxidation;MT=Variable;TA=M	NT=Carbamidomethyl;TA=C;MT=fixed;AC=UNIMOD:4	AC=MS:1001309;NT=Lys-C	AC=MS:1001251;NT=Trypsin	AC=MS:1002038;NT=label free sample	7 ppm	20 ppm	1
PXD004352-Sample-67	Homo sapiens	Blood	Blood	Dendritic Cells Plasmacytoid	not available	not available	not available	normal	pDC_01 (activated)	adult	1	1	PXD004352	pDC_01 (activated).raw	Dendritic Cells Plasmacytoid_Activated-1	ftp://ftp.pride.ebi.ac.uk/pride/data/archive/2017/03/PXD004352/pDC_01 (activated).raw	1	1	NT=Q Exactive;AC=MS:1001911	"NT=Deamidated;MT=Variable;TA=N,Q;AC=UNIMOD:7"	NT=Acetyl; MT=Variable; PP=Protein N-term; AC=UNIMOD:1	AC=UNIMOD:35;NT=Oxidation;MT=Variable;TA=M	NT=Carbamidomethyl;TA=C;MT=fixed;AC=UNIMOD:4	AC=MS:1001309;NT=Lys-C	AC=MS:1001251;NT=Trypsin	AC=MS:1002038;NT=label free sample	7 ppm	20 ppm	1
PXD004352-Sample-68	Homo sapiens	Blood	Blood	Dendritic Cells Plasmacytoid	not available	not available	not available	normal	pDC_02 (activated)	adult	2	2	PXD004352	pDC_02 (activated).raw	Dendritic Cells Plasmacytoid_Activated-2	ftp://ftp.pride.ebi.ac.uk/pride/data/archive/2017/03/PXD004352/pDC_02 (activated).raw	1	1	NT=Q Exactive;AC=MS:1001911	"NT=Deamidated;MT=Variable;TA=N,Q;AC=UNIMOD:7"	NT=Acetyl; MT=Variable; PP=Protein N-term; AC=UNIMOD:1	AC=UNIMOD:35;NT=Oxidation;MT=Variable;TA=M	NT=Carbamidomethyl;TA=C;MT=fixed;AC=UNIMOD:4	AC=MS:1001309;NT=Lys-C	AC=MS:1001251;NT=Trypsin	AC=MS:1002038;NT=label free sample	7 ppm	20 ppm	1
PXD004352-Sample-69	Homo sapiens	Blood	Blood	Dendritic Cells Plasmacytoid	not available	not available	not available	normal	pDC_03 (activated)	adult	3	3	PXD004352	pDC_03 (activated).raw	Dendritic Cells Plasmacytoid_Activated-3	ftp://ftp.pride.ebi.ac.uk/pride/data/archive/2017/03/PXD004352/pDC_03 (activated).raw	1	1	NT=Q Exactive;AC=MS:1001911	"NT=Deamidated;MT=Variable;TA=N,Q;AC=UNIMOD:7"	NT=Acetyl; MT=Variable; PP=Protein N-term; AC=UNIMOD:1	AC=UNIMOD:35;NT=Oxidation;MT=Variable;TA=M	NT=Carbamidomethyl;TA=C;MT=fixed;AC=UNIMOD:4	AC=MS:1001309;NT=Lys-C	AC=MS:1001251;NT=Trypsin	AC=MS:1002038;NT=label free sample	7 ppm	20 ppm	1
PXD004352-Sample-70	Homo sapiens	Blood	Blood	Dendritic Cells Plasmacytoid	not available	not available	not available	normal	pDC_04 (activated)	adult	4	4	PXD004352	pDC_04 (activated).raw	Dendritic Cells Plasmacytoid_Activated-4	ftp://ftp.pride.ebi.ac.uk/pride/data/archive/2017/03/PXD004352/pDC_04 (activated).raw	1	1	NT=Q Exactive;AC=MS:1001911	"NT=Deamidated;MT=Variable;TA=N,Q;AC=UNIMOD:7"	NT=Acetyl; MT=Variable; PP=Protein N-term; AC=UNIMOD:1	AC=UNIMOD:35;NT=Oxidation;MT=Variable;TA=M	NT=Carbamidomethyl;TA=C;MT=fixed;AC=UNIMOD:4	AC=MS:1001309;NT=Lys-C	AC=MS:1001251;NT=Trypsin	AC=MS:1002038;NT=label free sample	7 ppm	20 ppm	1
PXD004352-Sample-71	Homo sapiens	Blood	Blood	Dendritic Cells Plasmacytoid	not available	not available	not available	normal	20150817_QEp8_JaRi_SA_Sups_DCplasmacytoid_CTR_01	adult	1	1	PXD004352	20150817_QEp8_JaRi_SA_Sups_DCplasmacytoid_CTR_01.raw	Dendritic Cells Plasmacytoid_CTR-1	ftp://ftp.pride.ebi.ac.uk/pride/data/archive/2017/03/PXD004352/20150817_QEp8_JaRi_SA_Sups_DCplasmacytoid_CTR_01.raw	1	1	NT=Q Exactive;AC=MS:1001911	"NT=Deamidated;MT=Variable;TA=N,Q;AC=UNIMOD:7"	NT=Acetyl; MT=Variable; PP=Protein N-term; AC=UNIMOD:1	AC=UNIMOD:35;NT=Oxidation;MT=Variable;TA=M	NT=Carbamidomethyl;TA=C;MT=fixed;AC=UNIMOD:4	AC=MS:1001309;NT=Lys-C	AC=MS:1001251;NT=Trypsin	AC=MS:1002038;NT=label free sample	7 ppm	20 ppm	1
PXD004352-Sample-72	Homo sapiens	Blood	Blood	Dendritic Cells Plasmacytoid	not available	not available	not available	normal	20150817_QEp8_JaRi_SA_Sups_DCplasmacytoid_CTR_02	adult	2	2	PXD004352	20150817_QEp8_JaRi_SA_Sups_DCplasmacytoid_CTR_02.raw	Dendritic Cells Plasmacytoid_CTR-2	ftp://ftp.pride.ebi.ac.uk/pride/data/archive/2017/03/PXD004352/20150817_QEp8_JaRi_SA_Sups_DCplasmacytoid_CTR_02.raw	1	1	NT=Q Exactive;AC=MS:1001911	"NT=Deamidated;MT=Variable;TA=N,Q;AC=UNIMOD:7"	NT=Acetyl; MT=Variable; PP=Protein N-term; AC=UNIMOD:1	AC=UNIMOD:35;NT=Oxidation;MT=Variable;TA=M	NT=Carbamidomethyl;TA=C;MT=fixed;AC=UNIMOD:4	AC=MS:1001309;NT=Lys-C	AC=MS:1001251;NT=Trypsin	AC=MS:1002038;NT=label free sample	7 ppm	20 ppm	1
PXD004352-Sample-73	Homo sapiens	Blood	Blood	Dendritic Cells Plasmacytoid	not available	not available	not available	normal	20150817_QEp8_JaRi_SA_Sups_DCplasmacytoid_CTR_03	adult	3	3	PXD004352	20150817_QEp8_JaRi_SA_Sups_DCplasmacytoid_CTR_03.raw	Dendritic Cells Plasmacytoid_CTR-3	ftp://ftp.pride.ebi.ac.uk/pride/data/archive/2017/03/PXD004352/20150817_QEp8_JaRi_SA_Sups_DCplasmacytoid_CTR_03.raw	1	1	NT=Q Exactive;AC=MS:1001911	"NT=Deamidated;MT=Variable;TA=N,Q;AC=UNIMOD:7"	NT=Acetyl; MT=Variable; PP=Protein N-term; AC=UNIMOD:1	AC=UNIMOD:35;NT=Oxidation;MT=Variable;TA=M	NT=Carbamidomethyl;TA=C;MT=fixed;AC=UNIMOD:4	AC=MS:1001309;NT=Lys-C	AC=MS:1001251;NT=Trypsin	AC=MS:1002038;NT=label free sample	7 ppm	20 ppm	1
PXD004352-Sample-74	Homo sapiens	Blood	Blood	Dendritic Cells Plasmacytoid	not available	not available	not available	normal	20150817_QEp8_JaRi_SA_Sups_DCplasmacytoid_LPS_01	adult	1	1	PXD004352	20150817_QEp8_JaRi_SA_Sups_DCplasmacytoid_LPS_01.raw	Dendritic Cells Plasmacytoid_LPS-1	ftp://ftp.pride.ebi.ac.uk/pride/data/archive/2017/03/PXD004352/20150817_QEp8_JaRi_SA_Sups_DCplasmacytoid_LPS_01.raw	1	1	NT=Q Exactive;AC=MS:1001911	"NT=Deamidated;MT=Variable;TA=N,Q;AC=UNIMOD:7"	NT=Acetyl; MT=Variable; PP=Protein N-term; AC=UNIMOD:1	AC=UNIMOD:35;NT=Oxidation;MT=Variable;TA=M	NT=Carbamidomethyl;TA=C;MT=fixed;AC=UNIMOD:4	AC=MS:1001309;NT=Lys-C	AC=MS:1001251;NT=Trypsin	AC=MS:1002038;NT=label free sample	7 ppm	20 ppm	1
PXD004352-Sample-75	Homo sapiens	Blood	Blood	Dendritic Cells Plasmacytoid	not available	not available	not available	normal	20150817_QEp8_JaRi_SA_Sups_DCplasmacytoid_LPS_02	adult	2	2	PXD004352	20150817_QEp8_JaRi_SA_Sups_DCplasmacytoid_LPS_02.raw	Dendritic Cells Plasmacytoid_LPS-2	ftp://ftp.pride.ebi.ac.uk/pride/data/archive/2017/03/PXD004352/20150817_QEp8_JaRi_SA_Sups_DCplasmacytoid_LPS_02.raw	1	1	NT=Q Exactive;AC=MS:1001911	"NT=Deamidated;MT=Variable;TA=N,Q;AC=UNIMOD:7"	NT=Acetyl; MT=Variable; PP=Protein N-term; AC=UNIMOD:1	AC=UNIMOD:35;NT=Oxidation;MT=Variable;TA=M	NT=Carbamidomethyl;TA=C;MT=fixed;AC=UNIMOD:4	AC=MS:1001309;NT=Lys-C	AC=MS:1001251;NT=Trypsin	AC=MS:1002038;NT=label free sample	7 ppm	20 ppm	1
PXD004352-Sample-76	Homo sapiens	Blood	Blood	Dendritic Cells Plasmacytoid	not available	not available	not available	normal	20150817_QEp8_JaRi_SA_Sups_DCplasmacytoid_LPS_03	adult	3	3	PXD004352	20150817_QEp8_JaRi_SA_Sups_DCplasmacytoid_LPS_03.raw	Dendritic Cells Plasmacytoid_LPS-3	ftp://ftp.pride.ebi.ac.uk/pride/data/archive/2017/03/PXD004352/20150817_QEp8_JaRi_SA_Sups_DCplasmacytoid_LPS_03.raw	1	1	NT=Q Exactive;AC=MS:1001911	"NT=Deamidated;MT=Variable;TA=N,Q;AC=UNIMOD:7"	NT=Acetyl; MT=Variable; PP=Protein N-term; AC=UNIMOD:1	AC=UNIMOD:35;NT=Oxidation;MT=Variable;TA=M	NT=Carbamidomethyl;TA=C;MT=fixed;AC=UNIMOD:4	AC=MS:1001309;NT=Lys-C	AC=MS:1001251;NT=Trypsin	AC=MS:1002038;NT=label free sample	7 ppm	20 ppm	1
PXD004352-Sample-77	Homo sapiens	Blood	Blood	Dendritic Cells Plasmacytoid	not available	not available	not available	normal	20150817_QEp8_JaRi_SA_Sups_DCplasmacytoid_LTA_01	adult	1	1	PXD004352	20150817_QEp8_JaRi_SA_Sups_DCplasmacytoid_LTA_01.raw	Dendritic Cells Plasmacytoid_LTA-1	ftp://ftp.pride.ebi.ac.uk/pride/data/archive/2017/03/PXD004352/20150817_QEp8_JaRi_SA_Sups_DCplasmacytoid_LTA_01.raw	1	1	NT=Q Exactive;AC=MS:1001911	"NT=Deamidated;MT=Variable;TA=N,Q;AC=UNIMOD:7"	NT=Acetyl; MT=Variable; PP=Protein N-term; AC=UNIMOD:1	AC=UNIMOD:35;NT=Oxidation;MT=Variable;TA=M	NT=Carbamidomethyl;TA=C;MT=fixed;AC=UNIMOD:4	AC=MS:1001309;NT=Lys-C	AC=MS:1001251;NT=Trypsin	AC=MS:1002038;NT=label free sample	7 ppm	20 ppm	1
PXD004352-Sample-78	Homo sapiens	Blood	Blood	Dendritic Cells Plasmacytoid	not available	not available	not available	normal	20150817_QEp8_JaRi_SA_Sups_DCplasmacytoid_LTA_02	adult	2	2	PXD004352	20150817_QEp8_JaRi_SA_Sups_DCplasmacytoid_LTA_02.raw	Dendritic Cells Plasmacytoid_LTA-2	ftp://ftp.pride.ebi.ac.uk/pride/data/archive/2017/03/PXD004352/20150817_QEp8_JaRi_SA_Sups_DCplasmacytoid_LTA_02.raw	1	1	NT=Q Exactive;AC=MS:1001911	"NT=Deamidated;MT=Variable;TA=N,Q;AC=UNIMOD:7"	NT=Acetyl; MT=Variable; PP=Protein N-term; AC=UNIMOD:1	AC=UNIMOD:35;NT=Oxidation;MT=Variable;TA=M	NT=Carbamidomethyl;TA=C;MT=fixed;AC=UNIMOD:4	AC=MS:1001309;NT=Lys-C	AC=MS:1001251;NT=Trypsin	AC=MS:1002038;NT=label free sample	7 ppm	20 ppm	1
PXD004352-Sample-79	Homo sapiens	Blood	Blood	Dendritic Cells Plasmacytoid	not available	not available	not available	normal	20150817_QEp8_JaRi_SA_Sups_DCplasmacytoid_LTA_03	adult	3	3	PXD004352	20150817_QEp8_JaRi_SA_Sups_DCplasmacytoid_LTA_03.raw	Dendritic Cells Plasmacytoid_LTA-3	ftp://ftp.pride.ebi.ac.uk/pride/data/archive/2017/03/PXD004352/20150817_QEp8_JaRi_SA_Sups_DCplasmacytoid_LTA_03.raw	1	1	NT=Q Exactive;AC=MS:1001911	"NT=Deamidated;MT=Variable;TA=N,Q;AC=UNIMOD:7"	NT=Acetyl; MT=Variable; PP=Protein N-term; AC=UNIMOD:1	AC=UNIMOD:35;NT=Oxidation;MT=Variable;TA=M	NT=Carbamidomethyl;TA=C;MT=fixed;AC=UNIMOD:4	AC=MS:1001309;NT=Lys-C	AC=MS:1001251;NT=Trypsin	AC=MS:1002038;NT=label free sample	7 ppm	20 ppm	1
PXD004352-Sample-80	Homo sapiens	Blood	Blood	Dendritic Cells Plasmacytoid	not available	not available	not available	normal	20150112_EXQ00_JaRi_SA_Sups_pDC_n_01	adult	1	1	PXD004352	20150112_EXQ00_JaRi_SA_Sups_pDC_n_01.raw	Dendritic Cells Plasmacytoid_Negative-1	ftp://ftp.pride.ebi.ac.uk/pride/data/archive/2017/03/PXD004352/20150112_EXQ00_JaRi_SA_Sups_pDC_n_01.raw	1	1	NT=Q Exactive;AC=MS:1001911	"NT=Deamidated;MT=Variable;TA=N,Q;AC=UNIMOD:7"	NT=Acetyl; MT=Variable; PP=Protein N-term; AC=UNIMOD:1	AC=UNIMOD:35;NT=Oxidation;MT=Variable;TA=M	NT=Carbamidomethyl;TA=C;MT=fixed;AC=UNIMOD:4	AC=MS:1001309;NT=Lys-C	AC=MS:1001251;NT=Trypsin	AC=MS:1002038;NT=label free sample	7 ppm	20 ppm	1
PXD004352-Sample-81	Homo sapiens	Blood	Blood	Dendritic Cells Plasmacytoid	not available	not available	not available	normal	20150112_EXQ00_JaRi_SA_Sups_pDC_n_02	adult	2	2	PXD004352	20150112_EXQ00_JaRi_SA_Sups_pDC_n_02.raw	Dendritic Cells Plasmacytoid_Negative-2	ftp://ftp.pride.ebi.ac.uk/pride/data/archive/2017/03/PXD004352/20150112_EXQ00_JaRi_SA_Sups_pDC_n_02.raw	1	1	NT=Q Exactive;AC=MS:1001911	"NT=Deamidated;MT=Variable;TA=N,Q;AC=UNIMOD:7"	NT=Acetyl; MT=Variable; PP=Protein N-term; AC=UNIMOD:1	AC=UNIMOD:35;NT=Oxidation;MT=Variable;TA=M	NT=Carbamidomethyl;TA=C;MT=fixed;AC=UNIMOD:4	AC=MS:1001309;NT=Lys-C	AC=MS:1001251;NT=Trypsin	AC=MS:1002038;NT=label free sample	7 ppm	20 ppm	1
PXD004352-Sample-82	Homo sapiens	Blood	Blood	Dendritic Cells Plasmacytoid	not available	not available	not available	normal	20150112_EXQ00_JaRi_SA_Sups_pDC_n_03	adult	3	3	PXD004352	20150112_EXQ00_JaRi_SA_Sups_pDC_n_03.raw	Dendritic Cells Plasmacytoid_Negative-3	ftp://ftp.pride.ebi.ac.uk/pride/data/archive/2017/03/PXD004352/20150112_EXQ00_JaRi_SA_Sups_pDC_n_03.raw	1	1	NT=Q Exactive;AC=MS:1001911	"NT=Deamidated;MT=Variable;TA=N,Q;AC=UNIMOD:7"	NT=Acetyl; MT=Variable; PP=Protein N-term; AC=UNIMOD:1	AC=UNIMOD:35;NT=Oxidation;MT=Variable;TA=M	NT=Carbamidomethyl;TA=C;MT=fixed;AC=UNIMOD:4	AC=MS:1001309;NT=Lys-C	AC=MS:1001251;NT=Trypsin	AC=MS:1002038;NT=label free sample	7 ppm	20 ppm	1
PXD004352-Sample-83	Homo sapiens	Blood	Blood	Dendritic Cells Plasmacytoid	not available	not available	not available	normal	20150112_EXQ00_JaRi_SA_Sups_pDC_n_04	adult	4	4	PXD004352	20150112_EXQ00_JaRi_SA_Sups_pDC_n_04.raw	Dendritic Cells Plasmacytoid_Negative-4	ftp://ftp.pride.ebi.ac.uk/pride/data/archive/2017/03/PXD004352/20150112_EXQ00_JaRi_SA_Sups_pDC_n_04.raw	1	1	NT=Q Exactive;AC=MS:1001911	"NT=Deamidated;MT=Variable;TA=N,Q;AC=UNIMOD:7"	NT=Acetyl; MT=Variable; PP=Protein N-term; AC=UNIMOD:1	AC=UNIMOD:35;NT=Oxidation;MT=Variable;TA=M	NT=Carbamidomethyl;TA=C;MT=fixed;AC=UNIMOD:4	AC=MS:1001309;NT=Lys-C	AC=MS:1001251;NT=Trypsin	AC=MS:1002038;NT=label free sample	7 ppm	20 ppm	1
PXD004352-Sample-84	Homo sapiens	Blood	Blood	Dendritic Cells Plasmacytoid	not available	not available	not available	normal	20150112_EXQ00_JaRi_SA_Sups_pDC_p_01	adult	1	1	PXD004352	20150112_EXQ00_JaRi_SA_Sups_pDC_p_01.raw	Dendritic Cells Plasmacytoid_Positive-1	ftp://ftp.pride.ebi.ac.uk/pride/data/archive/2017/03/PXD004352/20150112_EXQ00_JaRi_SA_Sups_pDC_p_01.raw	1	1	NT=Q Exactive;AC=MS:1001911	"NT=Deamidated;MT=Variable;TA=N,Q;AC=UNIMOD:7"	NT=Acetyl; MT=Variable; PP=Protein N-term; AC=UNIMOD:1	AC=UNIMOD:35;NT=Oxidation;MT=Variable;TA=M	NT=Carbamidomethyl;TA=C;MT=fixed;AC=UNIMOD:4	AC=MS:1001309;NT=Lys-C	AC=MS:1001251;NT=Trypsin	AC=MS:1002038;NT=label free sample	7 ppm	20 ppm	1
PXD004352-Sample-85	Homo sapiens	Blood	Blood	Dendritic Cells Plasmacytoid	not available	not available	not available	normal	20150112_EXQ00_JaRi_SA_Sups_pDC_p_02	adult	2	2	PXD004352	20150112_EXQ00_JaRi_SA_Sups_pDC_p_02.raw	Dendritic Cells Plasmacytoid_Positive-2	ftp://ftp.pride.ebi.ac.uk/pride/data/archive/2017/03/PXD004352/20150112_EXQ00_JaRi_SA_Sups_pDC_p_02.raw	1	1	NT=Q Exactive;AC=MS:1001911	"NT=Deamidated;MT=Variable;TA=N,Q;AC=UNIMOD:7"	NT=Acetyl; MT=Variable; PP=Protein N-term; AC=UNIMOD:1	AC=UNIMOD:35;NT=Oxidation;MT=Variable;TA=M	NT=Carbamidomethyl;TA=C;MT=fixed;AC=UNIMOD:4	AC=MS:1001309;NT=Lys-C	AC=MS:1001251;NT=Trypsin	AC=MS:1002038;NT=label free sample	7 ppm	20 ppm	1
PXD004352-Sample-86	Homo sapiens	Blood	Blood	Dendritic Cells Plasmacytoid	not available	not available	not available	normal	20150112_EXQ00_JaRi_SA_Sups_pDC_p_03	adult	3	3	PXD004352	20150112_EXQ00_JaRi_SA_Sups_pDC_p_03.raw	Dendritic Cells Plasmacytoid_Positive-3	ftp://ftp.pride.ebi.ac.uk/pride/data/archive/2017/03/PXD004352/20150112_EXQ00_JaRi_SA_Sups_pDC_p_03.raw	1	1	NT=Q Exactive;AC=MS:1001911	"NT=Deamidated;MT=Variable;TA=N,Q;AC=UNIMOD:7"	NT=Acetyl; MT=Variable; PP=Protein N-term; AC=UNIMOD:1	AC=UNIMOD:35;NT=Oxidation;MT=Variable;TA=M	NT=Carbamidomethyl;TA=C;MT=fixed;AC=UNIMOD:4	AC=MS:1001309;NT=Lys-C	AC=MS:1001251;NT=Trypsin	AC=MS:1002038;NT=label free sample	7 ppm	20 ppm	1
PXD004352-Sample-87	Homo sapiens	Blood	Blood	Dendritic Cells Plasmacytoid	not available	not available	not available	normal	20150112_EXQ00_JaRi_SA_Sups_pDC_p_04	adult	4	4	PXD004352	20150112_EXQ00_JaRi_SA_Sups_pDC_p_04.raw	Dendritic Cells Plasmacytoid_Positive-4	ftp://ftp.pride.ebi.ac.uk/pride/data/archive/2017/03/PXD004352/20150112_EXQ00_JaRi_SA_Sups_pDC_p_04.raw	1	1	NT=Q Exactive;AC=MS:1001911	"NT=Deamidated;MT=Variable;TA=N,Q;AC=UNIMOD:7"	NT=Acetyl; MT=Variable; PP=Protein N-term; AC=UNIMOD:1	AC=UNIMOD:35;NT=Oxidation;MT=Variable;TA=M	NT=Carbamidomethyl;TA=C;MT=fixed;AC=UNIMOD:4	AC=MS:1001309;NT=Lys-C	AC=MS:1001251;NT=Trypsin	AC=MS:1002038;NT=label free sample	7 ppm	20 ppm	1
PXD004352-Sample-88	Homo sapiens	Blood	Blood	Dendritic Cells Plasmacytoid	not available	not available	not available	normal	20150817_QEp8_JaRi_SA_Sups_DCplasmacytoid_PIC_01	adult	1	1	PXD004352	20150817_QEp8_JaRi_SA_Sups_DCplasmacytoid_PIC_01.raw	Dendritic Cells Plasmacytoid_PIC-1	ftp://ftp.pride.ebi.ac.uk/pride/data/archive/2017/03/PXD004352/20150817_QEp8_JaRi_SA_Sups_DCplasmacytoid_PIC_01.raw	1	1	NT=Q Exactive;AC=MS:1001911	"NT=Deamidated;MT=Variable;TA=N,Q;AC=UNIMOD:7"	NT=Acetyl; MT=Variable; PP=Protein N-term; AC=UNIMOD:1	AC=UNIMOD:35;NT=Oxidation;MT=Variable;TA=M	NT=Carbamidomethyl;TA=C;MT=fixed;AC=UNIMOD:4	AC=MS:1001309;NT=Lys-C	AC=MS:1001251;NT=Trypsin	AC=MS:1002038;NT=label free sample	7 ppm	20 ppm	1
PXD004352-Sample-89	Homo sapiens	Blood	Blood	Dendritic Cells Plasmacytoid	not available	not available	not available	normal	20150817_QEp8_JaRi_SA_Sups_DCplasmacytoid_PIC_02	adult	2	2	PXD004352	20150817_QEp8_JaRi_SA_Sups_DCplasmacytoid_PIC_02.raw	Dendritic Cells Plasmacytoid_PIC-2	ftp://ftp.pride.ebi.ac.uk/pride/data/archive/2017/03/PXD004352/20150817_QEp8_JaRi_SA_Sups_DCplasmacytoid_PIC_02.raw	1	1	NT=Q Exactive;AC=MS:1001911	"NT=Deamidated;MT=Variable;TA=N,Q;AC=UNIMOD:7"	NT=Acetyl; MT=Variable; PP=Protein N-term; AC=UNIMOD:1	AC=UNIMOD:35;NT=Oxidation;MT=Variable;TA=M	NT=Carbamidomethyl;TA=C;MT=fixed;AC=UNIMOD:4	AC=MS:1001309;NT=Lys-C	AC=MS:1001251;NT=Trypsin	AC=MS:1002038;NT=label free sample	7 ppm	20 ppm	1
PXD004352-Sample-90	Homo sapiens	Blood	Blood	Dendritic Cells Plasmacytoid	not available	not available	not available	normal	20150817_QEp8_JaRi_SA_Sups_DCplasmacytoid_PIC_03	adult	3	3	PXD004352	20150817_QEp8_JaRi_SA_Sups_DCplasmacytoid_PIC_03.raw	Dendritic Cells Plasmacytoid_PIC-3	ftp://ftp.pride.ebi.ac.uk/pride/data/archive/2017/03/PXD004352/20150817_QEp8_JaRi_SA_Sups_DCplasmacytoid_PIC_03.raw	1	1	NT=Q Exactive;AC=MS:1001911	"NT=Deamidated;MT=Variable;TA=N,Q;AC=UNIMOD:7"	NT=Acetyl; MT=Variable; PP=Protein N-term; AC=UNIMOD:1	AC=UNIMOD:35;NT=Oxidation;MT=Variable;TA=M	NT=Carbamidomethyl;TA=C;MT=fixed;AC=UNIMOD:4	AC=MS:1001309;NT=Lys-C	AC=MS:1001251;NT=Trypsin	AC=MS:1002038;NT=label free sample	7 ppm	20 ppm	1
PXD004352-Sample-91	Homo sapiens	Blood	Blood	Dendritic Cells Plasmacytoid	not available	not available	not available	normal	20150817_QEp8_JaRi_SA_Sups_DCplasmacytoid_R848_01	adult	1	1	PXD004352	20150817_QEp8_JaRi_SA_Sups_DCplasmacytoid_R848_01.raw	Dendritic Cells Plasmacytoid_R848-1	ftp://ftp.pride.ebi.ac.uk/pride/data/archive/2017/03/PXD004352/20150817_QEp8_JaRi_SA_Sups_DCplasmacytoid_R848_01.raw	1	1	NT=Q Exactive;AC=MS:1001911	"NT=Deamidated;MT=Variable;TA=N,Q;AC=UNIMOD:7"	NT=Acetyl; MT=Variable; PP=Protein N-term; AC=UNIMOD:1	AC=UNIMOD:35;NT=Oxidation;MT=Variable;TA=M	NT=Carbamidomethyl;TA=C;MT=fixed;AC=UNIMOD:4	AC=MS:1001309;NT=Lys-C	AC=MS:1001251;NT=Trypsin	AC=MS:1002038;NT=label free sample	7 ppm	20 ppm	1
PXD004352-Sample-92	Homo sapiens	Blood	Blood	Dendritic Cells Plasmacytoid	not available	not available	not available	normal	20150817_QEp8_JaRi_SA_Sups_DCplasmacytoid_R848_02	adult	2	2	PXD004352	20150817_QEp8_JaRi_SA_Sups_DCplasmacytoid_R848_02.raw	Dendritic Cells Plasmacytoid_R848-2	ftp://ftp.pride.ebi.ac.uk/pride/data/archive/2017/03/PXD004352/20150817_QEp8_JaRi_SA_Sups_DCplasmacytoid_R848_02.raw	1	1	NT=Q Exactive;AC=MS:1001911	"NT=Deamidated;MT=Variable;TA=N,Q;AC=UNIMOD:7"	NT=Acetyl; MT=Variable; PP=Protein N-term; AC=UNIMOD:1	AC=UNIMOD:35;NT=Oxidation;MT=Variable;TA=M	NT=Carbamidomethyl;TA=C;MT=fixed;AC=UNIMOD:4	AC=MS:1001309;NT=Lys-C	AC=MS:1001251;NT=Trypsin	AC=MS:1002038;NT=label free sample	7 ppm	20 ppm	1
PXD004352-Sample-93	Homo sapiens	Blood	Blood	Dendritic Cells Plasmacytoid	not available	not available	not available	normal	20150817_QEp8_JaRi_SA_Sups_DCplasmacytoid_R848_03	adult	3	3	PXD004352	20150817_QEp8_JaRi_SA_Sups_DCplasmacytoid_R848_03.raw	Dendritic Cells Plasmacytoid_R848-3	ftp://ftp.pride.ebi.ac.uk/pride/data/archive/2017/03/PXD004352/20150817_QEp8_JaRi_SA_Sups_DCplasmacytoid_R848_03.raw	1	1	NT=Q Exactive;AC=MS:1001911	"NT=Deamidated;MT=Variable;TA=N,Q;AC=UNIMOD:7"	NT=Acetyl; MT=Variable; PP=Protein N-term; AC=UNIMOD:1	AC=UNIMOD:35;NT=Oxidation;MT=Variable;TA=M	NT=Carbamidomethyl;TA=C;MT=fixed;AC=UNIMOD:4	AC=MS:1001309;NT=Lys-C	AC=MS:1001251;NT=Trypsin	AC=MS:1002038;NT=label free sample	7 ppm	20 ppm	1
PXD004352-Sample-94	Homo sapiens	Blood	Blood	Dendritic Cells Plasmacytoid	not available	not available	not available	normal	pDC_01 (steady-state)	adult	1	1	PXD004352	pDC_01 (steady-state).raw	Dendritic Cells Plasmacytoid_Steady state-1	ftp://ftp.pride.ebi.ac.uk/pride/data/archive/2017/03/PXD004352/pDC_01 (steady-state).raw	1	1	NT=Q Exactive;AC=MS:1001911	"NT=Deamidated;MT=Variable;TA=N,Q;AC=UNIMOD:7"	NT=Acetyl; MT=Variable; PP=Protein N-term; AC=UNIMOD:1	AC=UNIMOD:35;NT=Oxidation;MT=Variable;TA=M	NT=Carbamidomethyl;TA=C;MT=fixed;AC=UNIMOD:4	AC=MS:1001309;NT=Lys-C	AC=MS:1001251;NT=Trypsin	AC=MS:1002038;NT=label free sample	7 ppm	20 ppm	1
PXD004352-Sample-95	Homo sapiens	Blood	Blood	Dendritic Cells Plasmacytoid	not available	not available	not available	normal	pDC_02 (steady-state)	adult	2	2	PXD004352	pDC_02 (steady-state).raw	Dendritic Cells Plasmacytoid_Steady state-2	ftp://ftp.pride.ebi.ac.uk/pride/data/archive/2017/03/PXD004352/pDC_02 (steady-state).raw	1	1	NT=Q Exactive;AC=MS:1001911	"NT=Deamidated;MT=Variable;TA=N,Q;AC=UNIMOD:7"	NT=Acetyl; MT=Variable; PP=Protein N-term; AC=UNIMOD:1	AC=UNIMOD:35;NT=Oxidation;MT=Variable;TA=M	NT=Carbamidomethyl;TA=C;MT=fixed;AC=UNIMOD:4	AC=MS:1001309;NT=Lys-C	AC=MS:1001251;NT=Trypsin	AC=MS:1002038;NT=label free sample	7 ppm	20 ppm	1
PXD004352-Sample-96	Homo sapiens	Blood	Blood	Dendritic Cells Plasmacytoid	not available	not available	not available	normal	pDC_03 (steady-state)	adult	3	3	PXD004352	pDC_03 (steady-state).raw	Dendritic Cells Plasmacytoid_Steady state-3	ftp://ftp.pride.ebi.ac.uk/pride/data/archive/2017/03/PXD004352/pDC_03 (steady-state).raw	1	1	NT=Q Exactive;AC=MS:1001911	"NT=Deamidated;MT=Variable;TA=N,Q;AC=UNIMOD:7"	NT=Acetyl; MT=Variable; PP=Protein N-term; AC=UNIMOD:1	AC=UNIMOD:35;NT=Oxidation;MT=Variable;TA=M	NT=Carbamidomethyl;TA=C;MT=fixed;AC=UNIMOD:4	AC=MS:1001309;NT=Lys-C	AC=MS:1001251;NT=Trypsin	AC=MS:1002038;NT=label free sample	7 ppm	20 ppm	1
PXD004352-Sample-97	Homo sapiens	Blood	Blood	Dendritic Cells Plasmacytoid	not available	not available	not available	normal	pDC_04 (steady-state)	adult	4	4	PXD004352	pDC_04 (steady-state).raw	Dendritic Cells Plasmacytoid_Steady state-4	ftp://ftp.pride.ebi.ac.uk/pride/data/archive/2017/03/PXD004352/pDC_04 (steady-state).raw	1	1	NT=Q Exactive;AC=MS:1001911	"NT=Deamidated;MT=Variable;TA=N,Q;AC=UNIMOD:7"	NT=Acetyl; MT=Variable; PP=Protein N-term; AC=UNIMOD:1	AC=UNIMOD:35;NT=Oxidation;MT=Variable;TA=M	NT=Carbamidomethyl;TA=C;MT=fixed;AC=UNIMOD:4	AC=MS:1001309;NT=Lys-C	AC=MS:1001251;NT=Trypsin	AC=MS:1002038;NT=label free sample	7 ppm	20 ppm	1
PXD004352-Sample-98	Homo sapiens	Blood	Blood	Dendritic Cells Plasmacytoid	not available	not available	not available	normal	20150817_QEp8_JaRi_SA_Sups_DCplasmacytoid_ZYM_01	adult	1	1	PXD004352	20150817_QEp8_JaRi_SA_Sups_DCplasmacytoid_ZYM_01.raw	Dendritic Cells Plasmacytoid_ZYM-1	ftp://ftp.pride.ebi.ac.uk/pride/data/archive/2017/03/PXD004352/20150817_QEp8_JaRi_SA_Sups_DCplasmacytoid_ZYM_01.raw	1	1	NT=Q Exactive;AC=MS:1001911	"NT=Deamidated;MT=Variable;TA=N,Q;AC=UNIMOD:7"	NT=Acetyl; MT=Variable; PP=Protein N-term; AC=UNIMOD:1	AC=UNIMOD:35;NT=Oxidation;MT=Variable;TA=M	NT=Carbamidomethyl;TA=C;MT=fixed;AC=UNIMOD:4	AC=MS:1001309;NT=Lys-C	AC=MS:1001251;NT=Trypsin	AC=MS:1002038;NT=label free sample	7 ppm	20 ppm	1
PXD004352-Sample-99	Homo sapiens	Blood	Blood	Dendritic Cells Plasmacytoid	not available	not available	not available	normal	20150817_QEp8_JaRi_SA_Sups_DCplasmacytoid_ZYM_02	adult	2	2	PXD004352	20150817_QEp8_JaRi_SA_Sups_DCplasmacytoid_ZYM_02.raw	Dendritic Cells Plasmacytoid_ZYM-2	ftp://ftp.pride.ebi.ac.uk/pride/data/archive/2017/03/PXD004352/20150817_QEp8_JaRi_SA_Sups_DCplasmacytoid_ZYM_02.raw	1	1	NT=Q Exactive;AC=MS:1001911	"NT=Deamidated;MT=Variable;TA=N,Q;AC=UNIMOD:7"	NT=Acetyl; MT=Variable; PP=Protein N-term; AC=UNIMOD:1	AC=UNIMOD:35;NT=Oxidation;MT=Variable;TA=M	NT=Carbamidomethyl;TA=C;MT=fixed;AC=UNIMOD:4	AC=MS:1001309;NT=Lys-C	AC=MS:1001251;NT=Trypsin	AC=MS:1002038;NT=label free sample	7 ppm	20 ppm	1
PXD004352-Sample-100	Homo sapiens	Blood	Blood	Dendritic Cells Plasmacytoid	not available	not available	not available	normal	20150817_QEp8_JaRi_SA_Sups_DCplasmacytoid_ZYM_03	adult	3	3	PXD004352	20150817_QEp8_JaRi_SA_Sups_DCplasmacytoid_ZYM_03.raw	Dendritic Cells Plasmacytoid_ZYM-3	ftp://ftp.pride.ebi.ac.uk/pride/data/archive/2017/03/PXD004352/20150817_QEp8_JaRi_SA_Sups_DCplasmacytoid_ZYM_03.raw	1	1	NT=Q Exactive;AC=MS:1001911	"NT=Deamidated;MT=Variable;TA=N,Q;AC=UNIMOD:7"	NT=Acetyl; MT=Variable; PP=Protein N-term; AC=UNIMOD:1	AC=UNIMOD:35;NT=Oxidation;MT=Variable;TA=M	NT=Carbamidomethyl;TA=C;MT=fixed;AC=UNIMOD:4	AC=MS:1001309;NT=Lys-C	AC=MS:1001251;NT=Trypsin	AC=MS:1002038;NT=label free sample	7 ppm	20 ppm	1
PXD004352-Sample-101	Homo sapiens	Blood	Blood	DO132 Memory Free	not available	not available	not available	normal	20131115_EXQ2_JaRi_SA_Do132_Memory_Free_Act_01	adult	1	1	PXD004352	20131115_EXQ2_JaRi_SA_Do132_Memory_Free_Act_01.raw	DO132 Memory Free_Activated-1	ftp://ftp.pride.ebi.ac.uk/pride/data/archive/2017/03/PXD004352/20131115_EXQ2_JaRi_SA_Do132_Memory_Free_Act_01.raw	1	1	NT=Q Exactive;AC=MS:1001911	"NT=Deamidated;MT=Variable;TA=N,Q;AC=UNIMOD:7"	NT=Acetyl; MT=Variable; PP=Protein N-term; AC=UNIMOD:1	AC=UNIMOD:35;NT=Oxidation;MT=Variable;TA=M	NT=Carbamidomethyl;TA=C;MT=fixed;AC=UNIMOD:4	AC=MS:1001309;NT=Lys-C	AC=MS:1001251;NT=Trypsin	AC=MS:1002038;NT=label free sample	7 ppm	20 ppm	1
PXD004352-Sample-102	Homo sapiens	Blood	Blood	DO132 Memory Free	not available	not available	not available	normal	20131115_EXQ2_JaRi_SA_Do132_Memory_Free_Act_02	adult	2	2	PXD004352	20131115_EXQ2_JaRi_SA_Do132_Memory_Free_Act_02.raw	DO132 Memory Free_Activated-2	ftp://ftp.pride.ebi.ac.uk/pride/data/archive/2017/03/PXD004352/20131115_EXQ2_JaRi_SA_Do132_Memory_Free_Act_02.raw	1	1	NT=Q Exactive;AC=MS:1001911	"NT=Deamidated;MT=Variable;TA=N,Q;AC=UNIMOD:7"	NT=Acetyl; MT=Variable; PP=Protein N-term; AC=UNIMOD:1	AC=UNIMOD:35;NT=Oxidation;MT=Variable;TA=M	NT=Carbamidomethyl;TA=C;MT=fixed;AC=UNIMOD:4	AC=MS:1001309;NT=Lys-C	AC=MS:1001251;NT=Trypsin	AC=MS:1002038;NT=label free sample	7 ppm	20 ppm	1
PXD004352-Sample-103	Homo sapiens	Blood	Blood	DO132 Memory Free	not available	not available	not available	normal	20131115_EXQ2_JaRi_SA_Do132_Memory_Free_Act_03	adult	3	3	PXD004352	20131115_EXQ2_JaRi_SA_Do132_Memory_Free_Act_03.raw	DO132 Memory Free_Activated-3	ftp://ftp.pride.ebi.ac.uk/pride/data/archive/2017/03/PXD004352/20131115_EXQ2_JaRi_SA_Do132_Memory_Free_Act_03.raw	1	1	NT=Q Exactive;AC=MS:1001911	"NT=Deamidated;MT=Variable;TA=N,Q;AC=UNIMOD:7"	NT=Acetyl; MT=Variable; PP=Protein N-term; AC=UNIMOD:1	AC=UNIMOD:35;NT=Oxidation;MT=Variable;TA=M	NT=Carbamidomethyl;TA=C;MT=fixed;AC=UNIMOD:4	AC=MS:1001309;NT=Lys-C	AC=MS:1001251;NT=Trypsin	AC=MS:1002038;NT=label free sample	7 ppm	20 ppm	1
PXD004352-Sample-104	Homo sapiens	Blood	Blood	DO132 Memory Free	not available	not available	not available	normal	20131115_EXQ2_JaRi_SA_Do132_Memory_Free_CTL_01	adult	1	1	PXD004352	20131115_EXQ2_JaRi_SA_Do132_Memory_Free_CTL_01.raw	DO132 Memory Free_Control-1	ftp://ftp.pride.ebi.ac.uk/pride/data/archive/2017/03/PXD004352/20131115_EXQ2_JaRi_SA_Do132_Memory_Free_CTL_01.raw	1	1	NT=Q Exactive;AC=MS:1001911	"NT=Deamidated;MT=Variable;TA=N,Q;AC=UNIMOD:7"	NT=Acetyl; MT=Variable; PP=Protein N-term; AC=UNIMOD:1	AC=UNIMOD:35;NT=Oxidation;MT=Variable;TA=M	NT=Carbamidomethyl;TA=C;MT=fixed;AC=UNIMOD:4	AC=MS:1001309;NT=Lys-C	AC=MS:1001251;NT=Trypsin	AC=MS:1002038;NT=label free sample	7 ppm	20 ppm	1
PXD004352-Sample-105	Homo sapiens	Blood	Blood	DO132 Memory Free	not available	not available	not available	normal	20131115_EXQ2_JaRi_SA_Do132_Memory_Free_CTL_02	adult	2	2	PXD004352	20131115_EXQ2_JaRi_SA_Do132_Memory_Free_CTL_02.raw	DO132 Memory Free_Control-2	ftp://ftp.pride.ebi.ac.uk/pride/data/archive/2017/03/PXD004352/20131115_EXQ2_JaRi_SA_Do132_Memory_Free_CTL_02.raw	1	1	NT=Q Exactive;AC=MS:1001911	"NT=Deamidated;MT=Variable;TA=N,Q;AC=UNIMOD:7"	NT=Acetyl; MT=Variable; PP=Protein N-term; AC=UNIMOD:1	AC=UNIMOD:35;NT=Oxidation;MT=Variable;TA=M	NT=Carbamidomethyl;TA=C;MT=fixed;AC=UNIMOD:4	AC=MS:1001309;NT=Lys-C	AC=MS:1001251;NT=Trypsin	AC=MS:1002038;NT=label free sample	7 ppm	20 ppm	1
PXD004352-Sample-106	Homo sapiens	Blood	Blood	DO132 Memory Free	not available	not available	not available	normal	20131115_EXQ2_JaRi_SA_Do132_Memory_Free_CTL_03	adult	3	3	PXD004352	20131115_EXQ2_JaRi_SA_Do132_Memory_Free_CTL_03.raw	DO132 Memory Free_Control-3	ftp://ftp.pride.ebi.ac.uk/pride/data/archive/2017/03/PXD004352/20131115_EXQ2_JaRi_SA_Do132_Memory_Free_CTL_03.raw	1	1	NT=Q Exactive;AC=MS:1001911	"NT=Deamidated;MT=Variable;TA=N,Q;AC=UNIMOD:7"	NT=Acetyl; MT=Variable; PP=Protein N-term; AC=UNIMOD:1	AC=UNIMOD:35;NT=Oxidation;MT=Variable;TA=M	NT=Carbamidomethyl;TA=C;MT=fixed;AC=UNIMOD:4	AC=MS:1001309;NT=Lys-C	AC=MS:1001251;NT=Trypsin	AC=MS:1002038;NT=label free sample	7 ppm	20 ppm	1
PXD004352-Sample-107	Homo sapiens	Blood	Blood	DO133 Memory Free	not available	not available	not available	normal	20131115_EXQ2_JaRi_SA_Do133_Memory_Free_Act_01	adult	1	1	PXD004352	20131115_EXQ2_JaRi_SA_Do133_Memory_Free_Act_01.raw	DO133 Memory Free_Activated-1	ftp://ftp.pride.ebi.ac.uk/pride/data/archive/2017/03/PXD004352/20131115_EXQ2_JaRi_SA_Do133_Memory_Free_Act_01.raw	1	1	NT=Q Exactive;AC=MS:1001911	"NT=Deamidated;MT=Variable;TA=N,Q;AC=UNIMOD:7"	NT=Acetyl; MT=Variable; PP=Protein N-term; AC=UNIMOD:1	AC=UNIMOD:35;NT=Oxidation;MT=Variable;TA=M	NT=Carbamidomethyl;TA=C;MT=fixed;AC=UNIMOD:4	AC=MS:1001309;NT=Lys-C	AC=MS:1001251;NT=Trypsin	AC=MS:1002038;NT=label free sample	7 ppm	20 ppm	1
PXD004352-Sample-108	Homo sapiens	Blood	Blood	DO133 Memory Free	not available	not available	not available	normal	20131115_EXQ2_JaRi_SA_Do133_Memory_Free_Act_02	adult	2	2	PXD004352	20131115_EXQ2_JaRi_SA_Do133_Memory_Free_Act_02.raw	DO133 Memory Free_Activated-2	ftp://ftp.pride.ebi.ac.uk/pride/data/archive/2017/03/PXD004352/20131115_EXQ2_JaRi_SA_Do133_Memory_Free_Act_02.raw	1	1	NT=Q Exactive;AC=MS:1001911	"NT=Deamidated;MT=Variable;TA=N,Q;AC=UNIMOD:7"	NT=Acetyl; MT=Variable; PP=Protein N-term; AC=UNIMOD:1	AC=UNIMOD:35;NT=Oxidation;MT=Variable;TA=M	NT=Carbamidomethyl;TA=C;MT=fixed;AC=UNIMOD:4	AC=MS:1001309;NT=Lys-C	AC=MS:1001251;NT=Trypsin	AC=MS:1002038;NT=label free sample	7 ppm	20 ppm	1
PXD004352-Sample-109	Homo sapiens	Blood	Blood	DO133 Memory Free	not available	not available	not available	normal	20131115_EXQ2_JaRi_SA_Do133_Memory_Free_Act_03	adult	3	3	PXD004352	20131115_EXQ2_JaRi_SA_Do133_Memory_Free_Act_03.raw	DO133 Memory Free_Activated-3	ftp://ftp.pride.ebi.ac.uk/pride/data/archive/2017/03/PXD004352/20131115_EXQ2_JaRi_SA_Do133_Memory_Free_Act_03.raw	1	1	NT=Q Exactive;AC=MS:1001911	"NT=Deamidated;MT=Variable;TA=N,Q;AC=UNIMOD:7"	NT=Acetyl; MT=Variable; PP=Protein N-term; AC=UNIMOD:1	AC=UNIMOD:35;NT=Oxidation;MT=Variable;TA=M	NT=Carbamidomethyl;TA=C;MT=fixed;AC=UNIMOD:4	AC=MS:1001309;NT=Lys-C	AC=MS:1001251;NT=Trypsin	AC=MS:1002038;NT=label free sample	7 ppm	20 ppm	1
PXD004352-Sample-110	Homo sapiens	Blood	Blood	DO133 Memory Free	not available	not available	not available	normal	20131115_EXQ2_JaRi_SA_Do133_Memory_Free_CTL_01	adult	1	1	PXD004352	20131115_EXQ2_JaRi_SA_Do133_Memory_Free_CTL_01.raw	DO133 Memory Free_Control-1	ftp://ftp.pride.ebi.ac.uk/pride/data/archive/2017/03/PXD004352/20131115_EXQ2_JaRi_SA_Do133_Memory_Free_CTL_01.raw	1	1	NT=Q Exactive;AC=MS:1001911	"NT=Deamidated;MT=Variable;TA=N,Q;AC=UNIMOD:7"	NT=Acetyl; MT=Variable; PP=Protein N-term; AC=UNIMOD:1	AC=UNIMOD:35;NT=Oxidation;MT=Variable;TA=M	NT=Carbamidomethyl;TA=C;MT=fixed;AC=UNIMOD:4	AC=MS:1001309;NT=Lys-C	AC=MS:1001251;NT=Trypsin	AC=MS:1002038;NT=label free sample	7 ppm	20 ppm	1
PXD004352-Sample-111	Homo sapiens	Blood	Blood	DO133 Memory Free	not available	not available	not available	normal	20131115_EXQ2_JaRi_SA_Do133_Memory_Free_CTL_02	adult	2	2	PXD004352	20131115_EXQ2_JaRi_SA_Do133_Memory_Free_CTL_02.raw	DO133 Memory Free_Control-2	ftp://ftp.pride.ebi.ac.uk/pride/data/archive/2017/03/PXD004352/20131115_EXQ2_JaRi_SA_Do133_Memory_Free_CTL_02.raw	1	1	NT=Q Exactive;AC=MS:1001911	"NT=Deamidated;MT=Variable;TA=N,Q;AC=UNIMOD:7"	NT=Acetyl; MT=Variable; PP=Protein N-term; AC=UNIMOD:1	AC=UNIMOD:35;NT=Oxidation;MT=Variable;TA=M	NT=Carbamidomethyl;TA=C;MT=fixed;AC=UNIMOD:4	AC=MS:1001309;NT=Lys-C	AC=MS:1001251;NT=Trypsin	AC=MS:1002038;NT=label free sample	7 ppm	20 ppm	1
PXD004352-Sample-112	Homo sapiens	Blood	Blood	DO133 Memory Free	not available	not available	not available	normal	20131115_EXQ2_JaRi_SA_Do133_Memory_Free_CTL_03	adult	3	3	PXD004352	20131115_EXQ2_JaRi_SA_Do133_Memory_Free_CTL_03.raw	DO133 Memory Free_Control-3	ftp://ftp.pride.ebi.ac.uk/pride/data/archive/2017/03/PXD004352/20131115_EXQ2_JaRi_SA_Do133_Memory_Free_CTL_03.raw	1	1	NT=Q Exactive;AC=MS:1001911	"NT=Deamidated;MT=Variable;TA=N,Q;AC=UNIMOD:7"	NT=Acetyl; MT=Variable; PP=Protein N-term; AC=UNIMOD:1	AC=UNIMOD:35;NT=Oxidation;MT=Variable;TA=M	NT=Carbamidomethyl;TA=C;MT=fixed;AC=UNIMOD:4	AC=MS:1001309;NT=Lys-C	AC=MS:1001251;NT=Trypsin	AC=MS:1002038;NT=label free sample	7 ppm	20 ppm	1
PXD004352-Sample-113	Homo sapiens	Blood	Blood	Eosinophil	not available	not available	not available	normal	Eosinophil_01 (steady-state)	adult	1	1	PXD004352	Eosinophil_01 (steady-state).raw	Eosinophil_Steady state-1	ftp://ftp.pride.ebi.ac.uk/pride/data/archive/2017/03/PXD004352/Eosinophil_01 (steady-state).raw	1	1	NT=Q Exactive;AC=MS:1001911	"NT=Deamidated;MT=Variable;TA=N,Q;AC=UNIMOD:7"	NT=Acetyl; MT=Variable; PP=Protein N-term; AC=UNIMOD:1	AC=UNIMOD:35;NT=Oxidation;MT=Variable;TA=M	NT=Carbamidomethyl;TA=C;MT=fixed;AC=UNIMOD:4	AC=MS:1001309;NT=Lys-C	AC=MS:1001251;NT=Trypsin	AC=MS:1002038;NT=label free sample	7 ppm	20 ppm	1
PXD004352-Sample-114	Homo sapiens	Blood	Blood	Eosinophil	not available	not available	not available	normal	Eosinophil_02 (steady-state)	adult	2	2	PXD004352	Eosinophil_02 (steady-state).raw	Eosinophil_Steady state-2	ftp://ftp.pride.ebi.ac.uk/pride/data/archive/2017/03/PXD004352/Eosinophil_02 (steady-state).raw	1	1	NT=Q Exactive;AC=MS:1001911	"NT=Deamidated;MT=Variable;TA=N,Q;AC=UNIMOD:7"	NT=Acetyl; MT=Variable; PP=Protein N-term; AC=UNIMOD:1	AC=UNIMOD:35;NT=Oxidation;MT=Variable;TA=M	NT=Carbamidomethyl;TA=C;MT=fixed;AC=UNIMOD:4	AC=MS:1001309;NT=Lys-C	AC=MS:1001251;NT=Trypsin	AC=MS:1002038;NT=label free sample	7 ppm	20 ppm	1
PXD004352-Sample-115	Homo sapiens	Blood	Blood	Eosinophil	not available	not available	not available	normal	Eosinophil_03 (steady-state)	adult	3	3	PXD004352	Eosinophil_03 (steady-state).raw	Eosinophil_Steady state-3	ftp://ftp.pride.ebi.ac.uk/pride/data/archive/2017/03/PXD004352/Eosinophil_03 (steady-state).raw	1	1	NT=Q Exactive;AC=MS:1001911	"NT=Deamidated;MT=Variable;TA=N,Q;AC=UNIMOD:7"	NT=Acetyl; MT=Variable; PP=Protein N-term; AC=UNIMOD:1	AC=UNIMOD:35;NT=Oxidation;MT=Variable;TA=M	NT=Carbamidomethyl;TA=C;MT=fixed;AC=UNIMOD:4	AC=MS:1001309;NT=Lys-C	AC=MS:1001251;NT=Trypsin	AC=MS:1002038;NT=label free sample	7 ppm	20 ppm	1
PXD004352-Sample-116	Homo sapiens	Blood	Blood	Eosinophil	not available	not available	not available	normal	Eosinophil_04 (steady-state)	adult	4	4	PXD004352	Eosinophil_04 (steady-state).raw	Eosinophil_Steady state-4	ftp://ftp.pride.ebi.ac.uk/pride/data/archive/2017/03/PXD004352/Eosinophil_04 (steady-state).raw	1	1	NT=Q Exactive;AC=MS:1001911	"NT=Deamidated;MT=Variable;TA=N,Q;AC=UNIMOD:7"	NT=Acetyl; MT=Variable; PP=Protein N-term; AC=UNIMOD:1	AC=UNIMOD:35;NT=Oxidation;MT=Variable;TA=M	NT=Carbamidomethyl;TA=C;MT=fixed;AC=UNIMOD:4	AC=MS:1001309;NT=Lys-C	AC=MS:1001251;NT=Trypsin	AC=MS:1002038;NT=label free sample	7 ppm	20 ppm	1
PXD004352-Sample-117	Homo sapiens	Blood	Blood	Erythrocyte	not available	not available	not available	normal	Erythrocyte_01 (steady-state)	adult	1	1	PXD004352	Erythrocyte_01 (steady-state).raw	Erythrocyte_Steady state-1	ftp://ftp.pride.ebi.ac.uk/pride/data/archive/2017/03/PXD004352/Erythrocyte_01 (steady-state).raw	1	1	NT=Q Exactive;AC=MS:1001911	"NT=Deamidated;MT=Variable;TA=N,Q;AC=UNIMOD:7"	NT=Acetyl; MT=Variable; PP=Protein N-term; AC=UNIMOD:1	AC=UNIMOD:35;NT=Oxidation;MT=Variable;TA=M	NT=Carbamidomethyl;TA=C;MT=fixed;AC=UNIMOD:4	AC=MS:1001309;NT=Lys-C	AC=MS:1001251;NT=Trypsin	AC=MS:1002038;NT=label free sample	7 ppm	20 ppm	1
PXD004352-Sample-118	Homo sapiens	Blood	Blood	Erythrocyte	not available	not available	not available	normal	Erythrocyte_02 (steady-state)	adult	2	2	PXD004352	Erythrocyte_02 (steady-state).raw	Erythrocyte_Steady state-2	ftp://ftp.pride.ebi.ac.uk/pride/data/archive/2017/03/PXD004352/Erythrocyte_02 (steady-state).raw	1	1	NT=Q Exactive;AC=MS:1001911	"NT=Deamidated;MT=Variable;TA=N,Q;AC=UNIMOD:7"	NT=Acetyl; MT=Variable; PP=Protein N-term; AC=UNIMOD:1	AC=UNIMOD:35;NT=Oxidation;MT=Variable;TA=M	NT=Carbamidomethyl;TA=C;MT=fixed;AC=UNIMOD:4	AC=MS:1001309;NT=Lys-C	AC=MS:1001251;NT=Trypsin	AC=MS:1002038;NT=label free sample	7 ppm	20 ppm	1
PXD004352-Sample-119	Homo sapiens	Blood	Blood	Erythrocyte	not available	not available	not available	normal	Erythrocyte_03 (steady-state)	adult	3	3	PXD004352	Erythrocyte_03 (steady-state).raw	Erythrocyte_Steady state-3	ftp://ftp.pride.ebi.ac.uk/pride/data/archive/2017/03/PXD004352/Erythrocyte_03 (steady-state).raw	1	1	NT=Q Exactive;AC=MS:1001911	"NT=Deamidated;MT=Variable;TA=N,Q;AC=UNIMOD:7"	NT=Acetyl; MT=Variable; PP=Protein N-term; AC=UNIMOD:1	AC=UNIMOD:35;NT=Oxidation;MT=Variable;TA=M	NT=Carbamidomethyl;TA=C;MT=fixed;AC=UNIMOD:4	AC=MS:1001309;NT=Lys-C	AC=MS:1001251;NT=Trypsin	AC=MS:1002038;NT=label free sample	7 ppm	20 ppm	1
PXD004352-Sample-120	Homo sapiens	Blood	Blood	Erythrocyte	not available	not available	not available	normal	Erythrocyte_04 (steady-state)	adult	4	4	PXD004352	Erythrocyte_04 (steady-state).raw	Erythrocyte_Steady state-4	ftp://ftp.pride.ebi.ac.uk/pride/data/archive/2017/03/PXD004352/Erythrocyte_04 (steady-state).raw	1	1	NT=Q Exactive;AC=MS:1001911	"NT=Deamidated;MT=Variable;TA=N,Q;AC=UNIMOD:7"	NT=Acetyl; MT=Variable; PP=Protein N-term; AC=UNIMOD:1	AC=UNIMOD:35;NT=Oxidation;MT=Variable;TA=M	NT=Carbamidomethyl;TA=C;MT=fixed;AC=UNIMOD:4	AC=MS:1001309;NT=Lys-C	AC=MS:1001251;NT=Trypsin	AC=MS:1002038;NT=label free sample	7 ppm	20 ppm	1
PXD004352-Sample-121	Homo sapiens	Blood	Blood	Library	not available	not available	not available	normal	Library_single.shot_1 (activated)	adult	1	1	PXD004352	Library_single.shot_1 (activated).raw	Library_Single shot_Activated-1	ftp://ftp.pride.ebi.ac.uk/pride/data/archive/2017/03/PXD004352/Library_single.shot_1 (activated).raw	1	1	NT=Q Exactive;AC=MS:1001911	"NT=Deamidated;MT=Variable;TA=N,Q;AC=UNIMOD:7"	NT=Acetyl; MT=Variable; PP=Protein N-term; AC=UNIMOD:1	AC=UNIMOD:35;NT=Oxidation;MT=Variable;TA=M	NT=Carbamidomethyl;TA=C;MT=fixed;AC=UNIMOD:4	AC=MS:1001309;NT=Lys-C	AC=MS:1001251;NT=Trypsin	AC=MS:1002038;NT=label free sample	7 ppm	20 ppm	1
PXD004352-Sample-122	Homo sapiens	Blood	Blood	Library	not available	not available	not available	normal	Library_single.shot_30 (activated)	adult	30	30	PXD004352	Library_single.shot_30 (activated).raw	Library_Single shot_Activated-30	ftp://ftp.pride.ebi.ac.uk/pride/data/archive/2017/03/PXD004352/Library_single.shot_30 (activated).raw	1	1	NT=Q Exactive;AC=MS:1001911	"NT=Deamidated;MT=Variable;TA=N,Q;AC=UNIMOD:7"	NT=Acetyl; MT=Variable; PP=Protein N-term; AC=UNIMOD:1	AC=UNIMOD:35;NT=Oxidation;MT=Variable;TA=M	NT=Carbamidomethyl;TA=C;MT=fixed;AC=UNIMOD:4	AC=MS:1001309;NT=Lys-C	AC=MS:1001251;NT=Trypsin	AC=MS:1002038;NT=label free sample	7 ppm	20 ppm	1
PXD004352-Sample-123	Homo sapiens	Blood	Blood	Library	not available	not available	not available	normal	Library_single.shot_31 (activated)	adult	31	31	PXD004352	Library_single.shot_31 (activated).raw	Library_Single shot_Activated-31	ftp://ftp.pride.ebi.ac.uk/pride/data/archive/2017/03/PXD004352/Library_single.shot_31 (activated).raw	1	1	NT=Q Exactive;AC=MS:1001911	"NT=Deamidated;MT=Variable;TA=N,Q;AC=UNIMOD:7"	NT=Acetyl; MT=Variable; PP=Protein N-term; AC=UNIMOD:1	AC=UNIMOD:35;NT=Oxidation;MT=Variable;TA=M	NT=Carbamidomethyl;TA=C;MT=fixed;AC=UNIMOD:4	AC=MS:1001309;NT=Lys-C	AC=MS:1001251;NT=Trypsin	AC=MS:1002038;NT=label free sample	7 ppm	20 ppm	1
PXD004352-Sample-124	Homo sapiens	Blood	Blood	Library	not available	not available	not available	normal	Library_single.shot_32 (activated)	adult	32	32	PXD004352	Library_single.shot_32 (activated).raw	Library_Single shot_Activated-32	ftp://ftp.pride.ebi.ac.uk/pride/data/archive/2017/03/PXD004352/Library_single.shot_32 (activated).raw	1	1	NT=Q Exactive;AC=MS:1001911	"NT=Deamidated;MT=Variable;TA=N,Q;AC=UNIMOD:7"	NT=Acetyl; MT=Variable; PP=Protein N-term; AC=UNIMOD:1	AC=UNIMOD:35;NT=Oxidation;MT=Variable;TA=M	NT=Carbamidomethyl;TA=C;MT=fixed;AC=UNIMOD:4	AC=MS:1001309;NT=Lys-C	AC=MS:1001251;NT=Trypsin	AC=MS:1002038;NT=label free sample	7 ppm	20 ppm	1
PXD004352-Sample-125	Homo sapiens	Blood	Blood	Library	not available	not available	not available	normal	Library_single.shot_33 (activated)	adult	33	33	PXD004352	Library_single.shot_33 (activated).raw	Library_Single shot_Activated-33	ftp://ftp.pride.ebi.ac.uk/pride/data/archive/2017/03/PXD004352/Library_single.shot_33 (activated).raw	1	1	NT=Q Exactive;AC=MS:1001911	"NT=Deamidated;MT=Variable;TA=N,Q;AC=UNIMOD:7"	NT=Acetyl; MT=Variable; PP=Protein N-term; AC=UNIMOD:1	AC=UNIMOD:35;NT=Oxidation;MT=Variable;TA=M	NT=Carbamidomethyl;TA=C;MT=fixed;AC=UNIMOD:4	AC=MS:1001309;NT=Lys-C	AC=MS:1001251;NT=Trypsin	AC=MS:1002038;NT=label free sample	7 ppm	20 ppm	1
PXD004352-Sample-126	Homo sapiens	Blood	Blood	Library	not available	not available	not available	normal	Library_single.shot_34 (activated)	adult	34	34	PXD004352	Library_single.shot_34 (activated).raw	Library_Single shot_Activated-34	ftp://ftp.pride.ebi.ac.uk/pride/data/archive/2017/03/PXD004352/Library_single.shot_34 (activated).raw	1	1	NT=Q Exactive;AC=MS:1001911	"NT=Deamidated;MT=Variable;TA=N,Q;AC=UNIMOD:7"	NT=Acetyl; MT=Variable; PP=Protein N-term; AC=UNIMOD:1	AC=UNIMOD:35;NT=Oxidation;MT=Variable;TA=M	NT=Carbamidomethyl;TA=C;MT=fixed;AC=UNIMOD:4	AC=MS:1001309;NT=Lys-C	AC=MS:1001251;NT=Trypsin	AC=MS:1002038;NT=label free sample	7 ppm	20 ppm	1
PXD004352-Sample-127	Homo sapiens	Blood	Blood	Library	not available	not available	not available	normal	Library_single.shot_35 (activated)	adult	35	35	PXD004352	Library_single.shot_35 (activated).raw	Library_Single shot_Activated-35	ftp://ftp.pride.ebi.ac.uk/pride/data/archive/2017/03/PXD004352/Library_single.shot_35 (activated).raw	1	1	NT=Q Exactive;AC=MS:1001911	"NT=Deamidated;MT=Variable;TA=N,Q;AC=UNIMOD:7"	NT=Acetyl; MT=Variable; PP=Protein N-term; AC=UNIMOD:1	AC=UNIMOD:35;NT=Oxidation;MT=Variable;TA=M	NT=Carbamidomethyl;TA=C;MT=fixed;AC=UNIMOD:4	AC=MS:1001309;NT=Lys-C	AC=MS:1001251;NT=Trypsin	AC=MS:1002038;NT=label free sample	7 ppm	20 ppm	1
PXD004352-Sample-128	Homo sapiens	Blood	Blood	Library	not available	not available	not available	normal	Library_single.shot_36 (activated)	adult	36	36	PXD004352	Library_single.shot_36 (activated).raw	Library_Single shot_Activated-36	ftp://ftp.pride.ebi.ac.uk/pride/data/archive/2017/03/PXD004352/Library_single.shot_36 (activated).raw	1	1	NT=Q Exactive;AC=MS:1001911	"NT=Deamidated;MT=Variable;TA=N,Q;AC=UNIMOD:7"	NT=Acetyl; MT=Variable; PP=Protein N-term; AC=UNIMOD:1	AC=UNIMOD:35;NT=Oxidation;MT=Variable;TA=M	NT=Carbamidomethyl;TA=C;MT=fixed;AC=UNIMOD:4	AC=MS:1001309;NT=Lys-C	AC=MS:1001251;NT=Trypsin	AC=MS:1002038;NT=label free sample	7 ppm	20 ppm	1
PXD004352-Sample-129	Homo sapiens	Blood	Blood	Library	not available	not available	not available	normal	Library_single.shot_37 (activated)	adult	37	37	PXD004352	Library_single.shot_37 (activated).raw	Library_Single shot_Activated-37	ftp://ftp.pride.ebi.ac.uk/pride/data/archive/2017/03/PXD004352/Library_single.shot_37 (activated).raw	1	1	NT=Q Exactive;AC=MS:1001911	"NT=Deamidated;MT=Variable;TA=N,Q;AC=UNIMOD:7"	NT=Acetyl; MT=Variable; PP=Protein N-term; AC=UNIMOD:1	AC=UNIMOD:35;NT=Oxidation;MT=Variable;TA=M	NT=Carbamidomethyl;TA=C;MT=fixed;AC=UNIMOD:4	AC=MS:1001309;NT=Lys-C	AC=MS:1001251;NT=Trypsin	AC=MS:1002038;NT=label free sample	7 ppm	20 ppm	1
PXD004352-Sample-130	Homo sapiens	Blood	Blood	Library	not available	not available	not available	normal	Library_single.shot_38 (activated)	adult	38	38	PXD004352	Library_single.shot_38 (activated).raw	Library_Single shot_Activated-38	ftp://ftp.pride.ebi.ac.uk/pride/data/archive/2017/03/PXD004352/Library_single.shot_38 (activated).raw	1	1	NT=Q Exactive;AC=MS:1001911	"NT=Deamidated;MT=Variable;TA=N,Q;AC=UNIMOD:7"	NT=Acetyl; MT=Variable; PP=Protein N-term; AC=UNIMOD:1	AC=UNIMOD:35;NT=Oxidation;MT=Variable;TA=M	NT=Carbamidomethyl;TA=C;MT=fixed;AC=UNIMOD:4	AC=MS:1001309;NT=Lys-C	AC=MS:1001251;NT=Trypsin	AC=MS:1002038;NT=label free sample	7 ppm	20 ppm	1
PXD004352-Sample-131	Homo sapiens	Blood	Blood	Library	not available	not available	not available	normal	Library_single.shot_39 (activated)	adult	39	39	PXD004352	Library_single.shot_39 (activated).raw	Library_Single shot_Activated-39	ftp://ftp.pride.ebi.ac.uk/pride/data/archive/2017/03/PXD004352/Library_single.shot_39 (activated).raw	1	1	NT=Q Exactive;AC=MS:1001911	"NT=Deamidated;MT=Variable;TA=N,Q;AC=UNIMOD:7"	NT=Acetyl; MT=Variable; PP=Protein N-term; AC=UNIMOD:1	AC=UNIMOD:35;NT=Oxidation;MT=Variable;TA=M	NT=Carbamidomethyl;TA=C;MT=fixed;AC=UNIMOD:4	AC=MS:1001309;NT=Lys-C	AC=MS:1001251;NT=Trypsin	AC=MS:1002038;NT=label free sample	7 ppm	20 ppm	1
PXD004352-Sample-132	Homo sapiens	Blood	Blood	Library	not available	not available	not available	normal	Library_single.shot_40 (activated)	adult	40	40	PXD004352	Library_single.shot_40 (activated).raw	Library_Single shot_Activated-40	ftp://ftp.pride.ebi.ac.uk/pride/data/archive/2017/03/PXD004352/Library_single.shot_40 (activated).raw	1	1	NT=Q Exactive;AC=MS:1001911	"NT=Deamidated;MT=Variable;TA=N,Q;AC=UNIMOD:7"	NT=Acetyl; MT=Variable; PP=Protein N-term; AC=UNIMOD:1	AC=UNIMOD:35;NT=Oxidation;MT=Variable;TA=M	NT=Carbamidomethyl;TA=C;MT=fixed;AC=UNIMOD:4	AC=MS:1001309;NT=Lys-C	AC=MS:1001251;NT=Trypsin	AC=MS:1002038;NT=label free sample	7 ppm	20 ppm	1
PXD004352-Sample-133	Homo sapiens	Blood	Blood	Library	not available	not available	not available	normal	Library_single.shot_41 (activated)	adult	41	41	PXD004352	Library_single.shot_41 (activated).raw	Library_Single shot_Activated-41	ftp://ftp.pride.ebi.ac.uk/pride/data/archive/2017/03/PXD004352/Library_single.shot_41 (activated).raw	1	1	NT=Q Exactive;AC=MS:1001911	"NT=Deamidated;MT=Variable;TA=N,Q;AC=UNIMOD:7"	NT=Acetyl; MT=Variable; PP=Protein N-term; AC=UNIMOD:1	AC=UNIMOD:35;NT=Oxidation;MT=Variable;TA=M	NT=Carbamidomethyl;TA=C;MT=fixed;AC=UNIMOD:4	AC=MS:1001309;NT=Lys-C	AC=MS:1001251;NT=Trypsin	AC=MS:1002038;NT=label free sample	7 ppm	20 ppm	1
PXD004352-Sample-134	Homo sapiens	Blood	Blood	Library	not available	not available	not available	normal	Library_single.shot_42 (activated)	adult	42	42	PXD004352	Library_single.shot_42 (activated).raw	Library_Single shot_Activated-42	ftp://ftp.pride.ebi.ac.uk/pride/data/archive/2017/03/PXD004352/Library_single.shot_42 (activated).raw	1	1	NT=Q Exactive;AC=MS:1001911	"NT=Deamidated;MT=Variable;TA=N,Q;AC=UNIMOD:7"	NT=Acetyl; MT=Variable; PP=Protein N-term; AC=UNIMOD:1	AC=UNIMOD:35;NT=Oxidation;MT=Variable;TA=M	NT=Carbamidomethyl;TA=C;MT=fixed;AC=UNIMOD:4	AC=MS:1001309;NT=Lys-C	AC=MS:1001251;NT=Trypsin	AC=MS:1002038;NT=label free sample	7 ppm	20 ppm	1
PXD004352-Sample-135	Homo sapiens	Blood	Blood	Library	not available	not available	not available	normal	Library_single.shot_43 (activated)	adult	43	43	PXD004352	Library_single.shot_43 (activated).raw	Library_Single shot_Activated-43	ftp://ftp.pride.ebi.ac.uk/pride/data/archive/2017/03/PXD004352/Library_single.shot_43 (activated).raw	1	1	NT=Q Exactive;AC=MS:1001911	"NT=Deamidated;MT=Variable;TA=N,Q;AC=UNIMOD:7"	NT=Acetyl; MT=Variable; PP=Protein N-term; AC=UNIMOD:1	AC=UNIMOD:35;NT=Oxidation;MT=Variable;TA=M	NT=Carbamidomethyl;TA=C;MT=fixed;AC=UNIMOD:4	AC=MS:1001309;NT=Lys-C	AC=MS:1001251;NT=Trypsin	AC=MS:1002038;NT=label free sample	7 ppm	20 ppm	1
PXD004352-Sample-136	Homo sapiens	Blood	Blood	Library	not available	not available	not available	normal	Library_single.shot_44 (activated)	adult	44	44	PXD004352	Library_single.shot_44 (activated).raw	Library_Single shot_Activated-44	ftp://ftp.pride.ebi.ac.uk/pride/data/archive/2017/03/PXD004352/Library_single.shot_44 (activated).raw	1	1	NT=Q Exactive;AC=MS:1001911	"NT=Deamidated;MT=Variable;TA=N,Q;AC=UNIMOD:7"	NT=Acetyl; MT=Variable; PP=Protein N-term; AC=UNIMOD:1	AC=UNIMOD:35;NT=Oxidation;MT=Variable;TA=M	NT=Carbamidomethyl;TA=C;MT=fixed;AC=UNIMOD:4	AC=MS:1001309;NT=Lys-C	AC=MS:1001251;NT=Trypsin	AC=MS:1002038;NT=label free sample	7 ppm	20 ppm	1
PXD004352-Sample-137	Homo sapiens	Blood	Blood	Library	not available	not available	not available	normal	Library_single.shot_45 (activated)	adult	45	45	PXD004352	Library_single.shot_45 (activated).raw	Library_Single shot_Activated-45	ftp://ftp.pride.ebi.ac.uk/pride/data/archive/2017/03/PXD004352/Library_single.shot_45 (activated).raw	1	1	NT=Q Exactive;AC=MS:1001911	"NT=Deamidated;MT=Variable;TA=N,Q;AC=UNIMOD:7"	NT=Acetyl; MT=Variable; PP=Protein N-term; AC=UNIMOD:1	AC=UNIMOD:35;NT=Oxidation;MT=Variable;TA=M	NT=Carbamidomethyl;TA=C;MT=fixed;AC=UNIMOD:4	AC=MS:1001309;NT=Lys-C	AC=MS:1001251;NT=Trypsin	AC=MS:1002038;NT=label free sample	7 ppm	20 ppm	1
PXD004352-Sample-138	Homo sapiens	Blood	Blood	Library	not available	not available	not available	normal	Library_single.shot_46 (activated)	adult	46	46	PXD004352	Library_single.shot_46 (activated).raw	Library_Single shot_Activated-46	ftp://ftp.pride.ebi.ac.uk/pride/data/archive/2017/03/PXD004352/Library_single.shot_46 (activated).raw	1	1	NT=Q Exactive;AC=MS:1001911	"NT=Deamidated;MT=Variable;TA=N,Q;AC=UNIMOD:7"	NT=Acetyl; MT=Variable; PP=Protein N-term; AC=UNIMOD:1	AC=UNIMOD:35;NT=Oxidation;MT=Variable;TA=M	NT=Carbamidomethyl;TA=C;MT=fixed;AC=UNIMOD:4	AC=MS:1001309;NT=Lys-C	AC=MS:1001251;NT=Trypsin	AC=MS:1002038;NT=label free sample	7 ppm	20 ppm	1
PXD004352-Sample-139	Homo sapiens	Blood	Blood	Library	not available	not available	not available	normal	Library_single.shot_47 (activated)	adult	47	47	PXD004352	Library_single.shot_47 (activated).raw	Library_Single shot_Activated-47	ftp://ftp.pride.ebi.ac.uk/pride/data/archive/2017/03/PXD004352/Library_single.shot_47 (activated).raw	1	1	NT=Q Exactive;AC=MS:1001911	"NT=Deamidated;MT=Variable;TA=N,Q;AC=UNIMOD:7"	NT=Acetyl; MT=Variable; PP=Protein N-term; AC=UNIMOD:1	AC=UNIMOD:35;NT=Oxidation;MT=Variable;TA=M	NT=Carbamidomethyl;TA=C;MT=fixed;AC=UNIMOD:4	AC=MS:1001309;NT=Lys-C	AC=MS:1001251;NT=Trypsin	AC=MS:1002038;NT=label free sample	7 ppm	20 ppm	1
PXD004352-Sample-140	Homo sapiens	Blood	Blood	Library	not available	not available	not available	normal	Library_single.shot_48 (activated)	adult	48	48	PXD004352	Library_single.shot_48 (activated).raw	Library_Single shot_Activated-48	ftp://ftp.pride.ebi.ac.uk/pride/data/archive/2017/03/PXD004352/Library_single.shot_48 (activated).raw	1	1	NT=Q Exactive;AC=MS:1001911	"NT=Deamidated;MT=Variable;TA=N,Q;AC=UNIMOD:7"	NT=Acetyl; MT=Variable; PP=Protein N-term; AC=UNIMOD:1	AC=UNIMOD:35;NT=Oxidation;MT=Variable;TA=M	NT=Carbamidomethyl;TA=C;MT=fixed;AC=UNIMOD:4	AC=MS:1001309;NT=Lys-C	AC=MS:1001251;NT=Trypsin	AC=MS:1002038;NT=label free sample	7 ppm	20 ppm	1
PXD004352-Sample-141	Homo sapiens	Blood	Blood	Library	not available	not available	not available	normal	Library_single.shot_49 (activated)	adult	49	49	PXD004352	Library_single.shot_49 (activated).raw	Library_Single shot_Activated-49	ftp://ftp.pride.ebi.ac.uk/pride/data/archive/2017/03/PXD004352/Library_single.shot_49 (activated).raw	1	1	NT=Q Exactive;AC=MS:1001911	"NT=Deamidated;MT=Variable;TA=N,Q;AC=UNIMOD:7"	NT=Acetyl; MT=Variable; PP=Protein N-term; AC=UNIMOD:1	AC=UNIMOD:35;NT=Oxidation;MT=Variable;TA=M	NT=Carbamidomethyl;TA=C;MT=fixed;AC=UNIMOD:4	AC=MS:1001309;NT=Lys-C	AC=MS:1001251;NT=Trypsin	AC=MS:1002038;NT=label free sample	7 ppm	20 ppm	1
PXD004352-Sample-142	Homo sapiens	Blood	Blood	Library	not available	not available	not available	normal	Library_single.shot_50 (activated)	adult	50	50	PXD004352	Library_single.shot_50 (activated).raw	Library_Single shot_Activated-50	ftp://ftp.pride.ebi.ac.uk/pride/data/archive/2017/03/PXD004352/Library_single.shot_50 (activated).raw	1	1	NT=Q Exactive;AC=MS:1001911	"NT=Deamidated;MT=Variable;TA=N,Q;AC=UNIMOD:7"	NT=Acetyl; MT=Variable; PP=Protein N-term; AC=UNIMOD:1	AC=UNIMOD:35;NT=Oxidation;MT=Variable;TA=M	NT=Carbamidomethyl;TA=C;MT=fixed;AC=UNIMOD:4	AC=MS:1001309;NT=Lys-C	AC=MS:1001251;NT=Trypsin	AC=MS:1002038;NT=label free sample	7 ppm	20 ppm	1
PXD004352-Sample-143	Homo sapiens	Blood	Blood	Library	not available	not available	not available	normal	Library_single.shot_51 (activated)	adult	51	51	PXD004352	Library_single.shot_51 (activated).raw	Library_Single shot_Activated-51	ftp://ftp.pride.ebi.ac.uk/pride/data/archive/2017/03/PXD004352/Library_single.shot_51 (activated).raw	1	1	NT=Q Exactive;AC=MS:1001911	"NT=Deamidated;MT=Variable;TA=N,Q;AC=UNIMOD:7"	NT=Acetyl; MT=Variable; PP=Protein N-term; AC=UNIMOD:1	AC=UNIMOD:35;NT=Oxidation;MT=Variable;TA=M	NT=Carbamidomethyl;TA=C;MT=fixed;AC=UNIMOD:4	AC=MS:1001309;NT=Lys-C	AC=MS:1001251;NT=Trypsin	AC=MS:1002038;NT=label free sample	7 ppm	20 ppm	1
PXD004352-Sample-144	Homo sapiens	Blood	Blood	Library	not available	not available	not available	normal	Library_single.shot_52 (activated)	adult	52	52	PXD004352	Library_single.shot_52 (activated).raw	Library_Single shot_Activated-52	ftp://ftp.pride.ebi.ac.uk/pride/data/archive/2017/03/PXD004352/Library_single.shot_52 (activated).raw	1	1	NT=Q Exactive;AC=MS:1001911	"NT=Deamidated;MT=Variable;TA=N,Q;AC=UNIMOD:7"	NT=Acetyl; MT=Variable; PP=Protein N-term; AC=UNIMOD:1	AC=UNIMOD:35;NT=Oxidation;MT=Variable;TA=M	NT=Carbamidomethyl;TA=C;MT=fixed;AC=UNIMOD:4	AC=MS:1001309;NT=Lys-C	AC=MS:1001251;NT=Trypsin	AC=MS:1002038;NT=label free sample	7 ppm	20 ppm	1
PXD004352-Sample-145	Homo sapiens	Blood	Blood	Library	not available	not available	not available	normal	Library_single.shot_53 (activated)	adult	53	53	PXD004352	Library_single.shot_53 (activated).raw	Library_Single shot_Activated-53	ftp://ftp.pride.ebi.ac.uk/pride/data/archive/2017/03/PXD004352/Library_single.shot_53 (activated).raw	1	1	NT=Q Exactive;AC=MS:1001911	"NT=Deamidated;MT=Variable;TA=N,Q;AC=UNIMOD:7"	NT=Acetyl; MT=Variable; PP=Protein N-term; AC=UNIMOD:1	AC=UNIMOD:35;NT=Oxidation;MT=Variable;TA=M	NT=Carbamidomethyl;TA=C;MT=fixed;AC=UNIMOD:4	AC=MS:1001309;NT=Lys-C	AC=MS:1001251;NT=Trypsin	AC=MS:1002038;NT=label free sample	7 ppm	20 ppm	1
PXD004352-Sample-146	Homo sapiens	Blood	Blood	Library	not available	not available	not available	normal	Library_single.shot_54 (steady-state)	adult	54	54	PXD004352	Library_single.shot_54 (steady-state).raw	Library_Single shot_Activated-54	ftp://ftp.pride.ebi.ac.uk/pride/data/archive/2017/03/PXD004352/Library_single.shot_54 (steady-state).raw	1	1	NT=Q Exactive;AC=MS:1001911	"NT=Deamidated;MT=Variable;TA=N,Q;AC=UNIMOD:7"	NT=Acetyl; MT=Variable; PP=Protein N-term; AC=UNIMOD:1	AC=UNIMOD:35;NT=Oxidation;MT=Variable;TA=M	NT=Carbamidomethyl;TA=C;MT=fixed;AC=UNIMOD:4	AC=MS:1001309;NT=Lys-C	AC=MS:1001251;NT=Trypsin	AC=MS:1002038;NT=label free sample	7 ppm	20 ppm	1
PXD004352-Sample-147	Homo sapiens	Blood	Blood	Library	not available	not available	not available	normal	Library_single.shot_55 (steady-state)	adult	55	55	PXD004352	Library_single.shot_55 (steady-state).raw	Library_Single shot_Activated-55	ftp://ftp.pride.ebi.ac.uk/pride/data/archive/2017/03/PXD004352/Library_single.shot_55 (steady-state).raw	1	1	NT=Q Exactive;AC=MS:1001911	"NT=Deamidated;MT=Variable;TA=N,Q;AC=UNIMOD:7"	NT=Acetyl; MT=Variable; PP=Protein N-term; AC=UNIMOD:1	AC=UNIMOD:35;NT=Oxidation;MT=Variable;TA=M	NT=Carbamidomethyl;TA=C;MT=fixed;AC=UNIMOD:4	AC=MS:1001309;NT=Lys-C	AC=MS:1001251;NT=Trypsin	AC=MS:1002038;NT=label free sample	7 ppm	20 ppm	1
PXD004352-Sample-148	Homo sapiens	Blood	Blood	Library	not available	not available	not available	normal	Library_single.shot_56 (steady-state)	adult	56	56	PXD004352	Library_single.shot_56 (steady-state).raw	Library_Single shot_Activated-56	ftp://ftp.pride.ebi.ac.uk/pride/data/archive/2017/03/PXD004352/Library_single.shot_56 (steady-state).raw	1	1	NT=Q Exactive;AC=MS:1001911	"NT=Deamidated;MT=Variable;TA=N,Q;AC=UNIMOD:7"	NT=Acetyl; MT=Variable; PP=Protein N-term; AC=UNIMOD:1	AC=UNIMOD:35;NT=Oxidation;MT=Variable;TA=M	NT=Carbamidomethyl;TA=C;MT=fixed;AC=UNIMOD:4	AC=MS:1001309;NT=Lys-C	AC=MS:1001251;NT=Trypsin	AC=MS:1002038;NT=label free sample	7 ppm	20 ppm	1
PXD004352-Sample-149	Homo sapiens	Blood	Blood	Library	not available	not available	not available	normal	Library_single.shot_57 (steady-state)	adult	57	57	PXD004352	Library_single.shot_57 (steady-state).raw	Library_Single shot_Activated-57	ftp://ftp.pride.ebi.ac.uk/pride/data/archive/2017/03/PXD004352/Library_single.shot_57 (steady-state).raw	1	1	NT=Q Exactive;AC=MS:1001911	"NT=Deamidated;MT=Variable;TA=N,Q;AC=UNIMOD:7"	NT=Acetyl; MT=Variable; PP=Protein N-term; AC=UNIMOD:1	AC=UNIMOD:35;NT=Oxidation;MT=Variable;TA=M	NT=Carbamidomethyl;TA=C;MT=fixed;AC=UNIMOD:4	AC=MS:1001309;NT=Lys-C	AC=MS:1001251;NT=Trypsin	AC=MS:1002038;NT=label free sample	7 ppm	20 ppm	1
PXD004352-Sample-150	Homo sapiens	Blood	Blood	Library	not available	not available	not available	normal	Library_single.shot_58 (steady-state)	adult	58	58	PXD004352	Library_single.shot_58 (steady-state).raw	Library_Single shot_Activated-58	ftp://ftp.pride.ebi.ac.uk/pride/data/archive/2017/03/PXD004352/Library_single.shot_58 (steady-state).raw	1	1	NT=Q Exactive;AC=MS:1001911	"NT=Deamidated;MT=Variable;TA=N,Q;AC=UNIMOD:7"	NT=Acetyl; MT=Variable; PP=Protein N-term; AC=UNIMOD:1	AC=UNIMOD:35;NT=Oxidation;MT=Variable;TA=M	NT=Carbamidomethyl;TA=C;MT=fixed;AC=UNIMOD:4	AC=MS:1001309;NT=Lys-C	AC=MS:1001251;NT=Trypsin	AC=MS:1002038;NT=label free sample	7 ppm	20 ppm	1
PXD004352-Sample-151	Homo sapiens	Blood	Blood	Library	not available	not available	not available	normal	Library_single.shot_59 (steady-state)	adult	59	59	PXD004352	Library_single.shot_59 (steady-state).raw	Library_Single shot_Activated-59	ftp://ftp.pride.ebi.ac.uk/pride/data/archive/2017/03/PXD004352/Library_single.shot_59 (steady-state).raw	1	1	NT=Q Exactive;AC=MS:1001911	"NT=Deamidated;MT=Variable;TA=N,Q;AC=UNIMOD:7"	NT=Acetyl; MT=Variable; PP=Protein N-term; AC=UNIMOD:1	AC=UNIMOD:35;NT=Oxidation;MT=Variable;TA=M	NT=Carbamidomethyl;TA=C;MT=fixed;AC=UNIMOD:4	AC=MS:1001309;NT=Lys-C	AC=MS:1001251;NT=Trypsin	AC=MS:1002038;NT=label free sample	7 ppm	20 ppm	1
PXD004352-Sample-152	Homo sapiens	Blood	Blood	Library	not available	not available	not available	normal	Library_single.shot_10 (steady-state)	adult	10	10	PXD004352	Library_single.shot_10 (steady-state).raw	Library_Single shot_Steady state-10	ftp://ftp.pride.ebi.ac.uk/pride/data/archive/2017/03/PXD004352/Library_single.shot_10 (steady-state).raw	1	1	NT=Q Exactive;AC=MS:1001911	"NT=Deamidated;MT=Variable;TA=N,Q;AC=UNIMOD:7"	NT=Acetyl; MT=Variable; PP=Protein N-term; AC=UNIMOD:1	AC=UNIMOD:35;NT=Oxidation;MT=Variable;TA=M	NT=Carbamidomethyl;TA=C;MT=fixed;AC=UNIMOD:4	AC=MS:1001309;NT=Lys-C	AC=MS:1001251;NT=Trypsin	AC=MS:1002038;NT=label free sample	7 ppm	20 ppm	1
PXD004352-Sample-153	Homo sapiens	Blood	Blood	Library	not available	not available	not available	normal	Library_single.shot_11 (steady-state)	adult	11	11	PXD004352	Library_single.shot_11 (steady-state).raw	Library_Single shot_Steady state-11	ftp://ftp.pride.ebi.ac.uk/pride/data/archive/2017/03/PXD004352/Library_single.shot_11 (steady-state).raw	1	1	NT=Q Exactive;AC=MS:1001911	"NT=Deamidated;MT=Variable;TA=N,Q;AC=UNIMOD:7"	NT=Acetyl; MT=Variable; PP=Protein N-term; AC=UNIMOD:1	AC=UNIMOD:35;NT=Oxidation;MT=Variable;TA=M	NT=Carbamidomethyl;TA=C;MT=fixed;AC=UNIMOD:4	AC=MS:1001309;NT=Lys-C	AC=MS:1001251;NT=Trypsin	AC=MS:1002038;NT=label free sample	7 ppm	20 ppm	1
PXD004352-Sample-154	Homo sapiens	Blood	Blood	Library	not available	not available	not available	normal	Library_single.shot_12 (steady-state)	adult	12	12	PXD004352	Library_single.shot_12 (steady-state).raw	Library_Single shot_Steady state-12	ftp://ftp.pride.ebi.ac.uk/pride/data/archive/2017/03/PXD004352/Library_single.shot_12 (steady-state).raw	1	1	NT=Q Exactive;AC=MS:1001911	"NT=Deamidated;MT=Variable;TA=N,Q;AC=UNIMOD:7"	NT=Acetyl; MT=Variable; PP=Protein N-term; AC=UNIMOD:1	AC=UNIMOD:35;NT=Oxidation;MT=Variable;TA=M	NT=Carbamidomethyl;TA=C;MT=fixed;AC=UNIMOD:4	AC=MS:1001309;NT=Lys-C	AC=MS:1001251;NT=Trypsin	AC=MS:1002038;NT=label free sample	7 ppm	20 ppm	1
PXD004352-Sample-155	Homo sapiens	Blood	Blood	Library	not available	not available	not available	normal	Library_single.shot_13 (steady-state)	adult	13	13	PXD004352	Library_single.shot_13 (steady-state).raw	Library_Single shot_Steady state-13	ftp://ftp.pride.ebi.ac.uk/pride/data/archive/2017/03/PXD004352/Library_single.shot_13 (steady-state).raw	1	1	NT=Q Exactive;AC=MS:1001911	"NT=Deamidated;MT=Variable;TA=N,Q;AC=UNIMOD:7"	NT=Acetyl; MT=Variable; PP=Protein N-term; AC=UNIMOD:1	AC=UNIMOD:35;NT=Oxidation;MT=Variable;TA=M	NT=Carbamidomethyl;TA=C;MT=fixed;AC=UNIMOD:4	AC=MS:1001309;NT=Lys-C	AC=MS:1001251;NT=Trypsin	AC=MS:1002038;NT=label free sample	7 ppm	20 ppm	1
PXD004352-Sample-156	Homo sapiens	Blood	Blood	Library	not available	not available	not available	normal	Library_single.shot_14 (steady-state)	adult	14	14	PXD004352	Library_single.shot_14 (steady-state).raw	Library_Single shot_Steady state-14	ftp://ftp.pride.ebi.ac.uk/pride/data/archive/2017/03/PXD004352/Library_single.shot_14 (steady-state).raw	1	1	NT=Q Exactive;AC=MS:1001911	"NT=Deamidated;MT=Variable;TA=N,Q;AC=UNIMOD:7"	NT=Acetyl; MT=Variable; PP=Protein N-term; AC=UNIMOD:1	AC=UNIMOD:35;NT=Oxidation;MT=Variable;TA=M	NT=Carbamidomethyl;TA=C;MT=fixed;AC=UNIMOD:4	AC=MS:1001309;NT=Lys-C	AC=MS:1001251;NT=Trypsin	AC=MS:1002038;NT=label free sample	7 ppm	20 ppm	1
PXD004352-Sample-157	Homo sapiens	Blood	Blood	Library	not available	not available	not available	normal	Library_single.shot_15 (steady-state)	adult	15	15	PXD004352	Library_single.shot_15 (steady-state).raw	Library_Single shot_Steady state-15	ftp://ftp.pride.ebi.ac.uk/pride/data/archive/2017/03/PXD004352/Library_single.shot_15 (steady-state).raw	1	1	NT=Q Exactive;AC=MS:1001911	"NT=Deamidated;MT=Variable;TA=N,Q;AC=UNIMOD:7"	NT=Acetyl; MT=Variable; PP=Protein N-term; AC=UNIMOD:1	AC=UNIMOD:35;NT=Oxidation;MT=Variable;TA=M	NT=Carbamidomethyl;TA=C;MT=fixed;AC=UNIMOD:4	AC=MS:1001309;NT=Lys-C	AC=MS:1001251;NT=Trypsin	AC=MS:1002038;NT=label free sample	7 ppm	20 ppm	1
PXD004352-Sample-158	Homo sapiens	Blood	Blood	Library	not available	not available	not available	normal	Library_single.shot_16 (steady-state)	adult	16	16	PXD004352	Library_single.shot_16 (steady-state).raw	Library_Single shot_Steady state-16	ftp://ftp.pride.ebi.ac.uk/pride/data/archive/2017/03/PXD004352/Library_single.shot_16 (steady-state).raw	1	1	NT=Q Exactive;AC=MS:1001911	"NT=Deamidated;MT=Variable;TA=N,Q;AC=UNIMOD:7"	NT=Acetyl; MT=Variable; PP=Protein N-term; AC=UNIMOD:1	AC=UNIMOD:35;NT=Oxidation;MT=Variable;TA=M	NT=Carbamidomethyl;TA=C;MT=fixed;AC=UNIMOD:4	AC=MS:1001309;NT=Lys-C	AC=MS:1001251;NT=Trypsin	AC=MS:1002038;NT=label free sample	7 ppm	20 ppm	1
PXD004352-Sample-159	Homo sapiens	Blood	Blood	Library	not available	not available	not available	normal	Library_single.shot_17 (steady-state)	adult	17	17	PXD004352	Library_single.shot_17 (steady-state).raw	Library_Single shot_Steady state-17	ftp://ftp.pride.ebi.ac.uk/pride/data/archive/2017/03/PXD004352/Library_single.shot_17 (steady-state).raw	1	1	NT=Q Exactive;AC=MS:1001911	"NT=Deamidated;MT=Variable;TA=N,Q;AC=UNIMOD:7"	NT=Acetyl; MT=Variable; PP=Protein N-term; AC=UNIMOD:1	AC=UNIMOD:35;NT=Oxidation;MT=Variable;TA=M	NT=Carbamidomethyl;TA=C;MT=fixed;AC=UNIMOD:4	AC=MS:1001309;NT=Lys-C	AC=MS:1001251;NT=Trypsin	AC=MS:1002038;NT=label free sample	7 ppm	20 ppm	1
PXD004352-Sample-160	Homo sapiens	Blood	Blood	Library	not available	not available	not available	normal	Library_single.shot_18 (steady-state)	adult	18	18	PXD004352	Library_single.shot_18 (steady-state).raw	Library_Single shot_Steady state-18	ftp://ftp.pride.ebi.ac.uk/pride/data/archive/2017/03/PXD004352/Library_single.shot_18 (steady-state).raw	1	1	NT=Q Exactive;AC=MS:1001911	"NT=Deamidated;MT=Variable;TA=N,Q;AC=UNIMOD:7"	NT=Acetyl; MT=Variable; PP=Protein N-term; AC=UNIMOD:1	AC=UNIMOD:35;NT=Oxidation;MT=Variable;TA=M	NT=Carbamidomethyl;TA=C;MT=fixed;AC=UNIMOD:4	AC=MS:1001309;NT=Lys-C	AC=MS:1001251;NT=Trypsin	AC=MS:1002038;NT=label free sample	7 ppm	20 ppm	1
PXD004352-Sample-161	Homo sapiens	Blood	Blood	Library	not available	not available	not available	normal	Library_single.shot_19 (steady-state)	adult	19	19	PXD004352	Library_single.shot_19 (steady-state).raw	Library_Single shot_Steady state-19	ftp://ftp.pride.ebi.ac.uk/pride/data/archive/2017/03/PXD004352/Library_single.shot_19 (steady-state).raw	1	1	NT=Q Exactive;AC=MS:1001911	"NT=Deamidated;MT=Variable;TA=N,Q;AC=UNIMOD:7"	NT=Acetyl; MT=Variable; PP=Protein N-term; AC=UNIMOD:1	AC=UNIMOD:35;NT=Oxidation;MT=Variable;TA=M	NT=Carbamidomethyl;TA=C;MT=fixed;AC=UNIMOD:4	AC=MS:1001309;NT=Lys-C	AC=MS:1001251;NT=Trypsin	AC=MS:1002038;NT=label free sample	7 ppm	20 ppm	1
PXD004352-Sample-162	Homo sapiens	Blood	Blood	Library	not available	not available	not available	normal	Library_single.shot_2 (steady-state)	adult	2	2	PXD004352	Library_single.shot_2 (steady-state).raw	Library_Single shot_Steady state-2	ftp://ftp.pride.ebi.ac.uk/pride/data/archive/2017/03/PXD004352/Library_single.shot_2 (steady-state).raw	1	1	NT=Q Exactive;AC=MS:1001911	"NT=Deamidated;MT=Variable;TA=N,Q;AC=UNIMOD:7"	NT=Acetyl; MT=Variable; PP=Protein N-term; AC=UNIMOD:1	AC=UNIMOD:35;NT=Oxidation;MT=Variable;TA=M	NT=Carbamidomethyl;TA=C;MT=fixed;AC=UNIMOD:4	AC=MS:1001309;NT=Lys-C	AC=MS:1001251;NT=Trypsin	AC=MS:1002038;NT=label free sample	7 ppm	20 ppm	1
PXD004352-Sample-163	Homo sapiens	Blood	Blood	Library	not available	not available	not available	normal	Library_single.shot_20 (steady-state)	adult	20	20	PXD004352	Library_single.shot_20 (steady-state).raw	Library_Single shot_Steady state-20	ftp://ftp.pride.ebi.ac.uk/pride/data/archive/2017/03/PXD004352/Library_single.shot_20 (steady-state).raw	1	1	NT=Q Exactive;AC=MS:1001911	"NT=Deamidated;MT=Variable;TA=N,Q;AC=UNIMOD:7"	NT=Acetyl; MT=Variable; PP=Protein N-term; AC=UNIMOD:1	AC=UNIMOD:35;NT=Oxidation;MT=Variable;TA=M	NT=Carbamidomethyl;TA=C;MT=fixed;AC=UNIMOD:4	AC=MS:1001309;NT=Lys-C	AC=MS:1001251;NT=Trypsin	AC=MS:1002038;NT=label free sample	7 ppm	20 ppm	1
PXD004352-Sample-164	Homo sapiens	Blood	Blood	Library	not available	not available	not available	normal	Library_single.shot_21 (steady-state)	adult	21	21	PXD004352	Library_single.shot_21 (steady-state).raw	Library_Single shot_Steady state-21	ftp://ftp.pride.ebi.ac.uk/pride/data/archive/2017/03/PXD004352/Library_single.shot_21 (steady-state).raw	1	1	NT=Q Exactive;AC=MS:1001911	"NT=Deamidated;MT=Variable;TA=N,Q;AC=UNIMOD:7"	NT=Acetyl; MT=Variable; PP=Protein N-term; AC=UNIMOD:1	AC=UNIMOD:35;NT=Oxidation;MT=Variable;TA=M	NT=Carbamidomethyl;TA=C;MT=fixed;AC=UNIMOD:4	AC=MS:1001309;NT=Lys-C	AC=MS:1001251;NT=Trypsin	AC=MS:1002038;NT=label free sample	7 ppm	20 ppm	1
PXD004352-Sample-165	Homo sapiens	Blood	Blood	Library	not available	not available	not available	normal	Library_single.shot_22 (steady-state)	adult	22	22	PXD004352	Library_single.shot_22 (steady-state).raw	Library_Single shot_Steady state-22	ftp://ftp.pride.ebi.ac.uk/pride/data/archive/2017/03/PXD004352/Library_single.shot_22 (steady-state).raw	1	1	NT=Q Exactive;AC=MS:1001911	"NT=Deamidated;MT=Variable;TA=N,Q;AC=UNIMOD:7"	NT=Acetyl; MT=Variable; PP=Protein N-term; AC=UNIMOD:1	AC=UNIMOD:35;NT=Oxidation;MT=Variable;TA=M	NT=Carbamidomethyl;TA=C;MT=fixed;AC=UNIMOD:4	AC=MS:1001309;NT=Lys-C	AC=MS:1001251;NT=Trypsin	AC=MS:1002038;NT=label free sample	7 ppm	20 ppm	1
PXD004352-Sample-166	Homo sapiens	Blood	Blood	Library	not available	not available	not available	normal	Library_single.shot_23 (steady-state)	adult	23	23	PXD004352	Library_single.shot_23 (steady-state).raw	Library_Single shot_Steady state-23	ftp://ftp.pride.ebi.ac.uk/pride/data/archive/2017/03/PXD004352/Library_single.shot_23 (steady-state).raw	1	1	NT=Q Exactive;AC=MS:1001911	"NT=Deamidated;MT=Variable;TA=N,Q;AC=UNIMOD:7"	NT=Acetyl; MT=Variable; PP=Protein N-term; AC=UNIMOD:1	AC=UNIMOD:35;NT=Oxidation;MT=Variable;TA=M	NT=Carbamidomethyl;TA=C;MT=fixed;AC=UNIMOD:4	AC=MS:1001309;NT=Lys-C	AC=MS:1001251;NT=Trypsin	AC=MS:1002038;NT=label free sample	7 ppm	20 ppm	1
PXD004352-Sample-167	Homo sapiens	Blood	Blood	Library	not available	not available	not available	normal	Library_single.shot_24 (activated)	adult	24	24	PXD004352	Library_single.shot_24 (activated).raw	Library_Single shot_Steady state-24	ftp://ftp.pride.ebi.ac.uk/pride/data/archive/2017/03/PXD004352/Library_single.shot_24 (activated).raw	1	1	NT=Q Exactive;AC=MS:1001911	"NT=Deamidated;MT=Variable;TA=N,Q;AC=UNIMOD:7"	NT=Acetyl; MT=Variable; PP=Protein N-term; AC=UNIMOD:1	AC=UNIMOD:35;NT=Oxidation;MT=Variable;TA=M	NT=Carbamidomethyl;TA=C;MT=fixed;AC=UNIMOD:4	AC=MS:1001309;NT=Lys-C	AC=MS:1001251;NT=Trypsin	AC=MS:1002038;NT=label free sample	7 ppm	20 ppm	1
PXD004352-Sample-168	Homo sapiens	Blood	Blood	Library	not available	not available	not available	normal	Library_single.shot_25 (activated)	adult	25	25	PXD004352	Library_single.shot_25 (activated).raw	Library_Single shot_Steady state-25	ftp://ftp.pride.ebi.ac.uk/pride/data/archive/2017/03/PXD004352/Library_single.shot_25 (activated).raw	1	1	NT=Q Exactive;AC=MS:1001911	"NT=Deamidated;MT=Variable;TA=N,Q;AC=UNIMOD:7"	NT=Acetyl; MT=Variable; PP=Protein N-term; AC=UNIMOD:1	AC=UNIMOD:35;NT=Oxidation;MT=Variable;TA=M	NT=Carbamidomethyl;TA=C;MT=fixed;AC=UNIMOD:4	AC=MS:1001309;NT=Lys-C	AC=MS:1001251;NT=Trypsin	AC=MS:1002038;NT=label free sample	7 ppm	20 ppm	1
PXD004352-Sample-169	Homo sapiens	Blood	Blood	Library	not available	not available	not available	normal	Library_single.shot_26 (activated)	adult	26	26	PXD004352	Library_single.shot_26 (activated).raw	Library_Single shot_Steady state-26	ftp://ftp.pride.ebi.ac.uk/pride/data/archive/2017/03/PXD004352/Library_single.shot_26 (activated).raw	1	1	NT=Q Exactive;AC=MS:1001911	"NT=Deamidated;MT=Variable;TA=N,Q;AC=UNIMOD:7"	NT=Acetyl; MT=Variable; PP=Protein N-term; AC=UNIMOD:1	AC=UNIMOD:35;NT=Oxidation;MT=Variable;TA=M	NT=Carbamidomethyl;TA=C;MT=fixed;AC=UNIMOD:4	AC=MS:1001309;NT=Lys-C	AC=MS:1001251;NT=Trypsin	AC=MS:1002038;NT=label free sample	7 ppm	20 ppm	1
PXD004352-Sample-170	Homo sapiens	Blood	Blood	Library	not available	not available	not available	normal	Library_single.shot_27 (activated)	adult	27	27	PXD004352	Library_single.shot_27 (activated).raw	Library_Single shot_Steady state-27	ftp://ftp.pride.ebi.ac.uk/pride/data/archive/2017/03/PXD004352/Library_single.shot_27 (activated).raw	1	1	NT=Q Exactive;AC=MS:1001911	"NT=Deamidated;MT=Variable;TA=N,Q;AC=UNIMOD:7"	NT=Acetyl; MT=Variable; PP=Protein N-term; AC=UNIMOD:1	AC=UNIMOD:35;NT=Oxidation;MT=Variable;TA=M	NT=Carbamidomethyl;TA=C;MT=fixed;AC=UNIMOD:4	AC=MS:1001309;NT=Lys-C	AC=MS:1001251;NT=Trypsin	AC=MS:1002038;NT=label free sample	7 ppm	20 ppm	1
PXD004352-Sample-171	Homo sapiens	Blood	Blood	Library	not available	not available	not available	normal	Library_single.shot_28 (activated)	adult	28	28	PXD004352	Library_single.shot_28 (activated).raw	Library_Single shot_Steady state-28	ftp://ftp.pride.ebi.ac.uk/pride/data/archive/2017/03/PXD004352/Library_single.shot_28 (activated).raw	1	1	NT=Q Exactive;AC=MS:1001911	"NT=Deamidated;MT=Variable;TA=N,Q;AC=UNIMOD:7"	NT=Acetyl; MT=Variable; PP=Protein N-term; AC=UNIMOD:1	AC=UNIMOD:35;NT=Oxidation;MT=Variable;TA=M	NT=Carbamidomethyl;TA=C;MT=fixed;AC=UNIMOD:4	AC=MS:1001309;NT=Lys-C	AC=MS:1001251;NT=Trypsin	AC=MS:1002038;NT=label free sample	7 ppm	20 ppm	1
PXD004352-Sample-172	Homo sapiens	Blood	Blood	Library	not available	not available	not available	normal	Library_single.shot_29 (activated)	adult	29	29	PXD004352	Library_single.shot_29 (activated).raw	Library_Single shot_Steady state-29	ftp://ftp.pride.ebi.ac.uk/pride/data/archive/2017/03/PXD004352/Library_single.shot_29 (activated).raw	1	1	NT=Q Exactive;AC=MS:1001911	"NT=Deamidated;MT=Variable;TA=N,Q;AC=UNIMOD:7"	NT=Acetyl; MT=Variable; PP=Protein N-term; AC=UNIMOD:1	AC=UNIMOD:35;NT=Oxidation;MT=Variable;TA=M	NT=Carbamidomethyl;TA=C;MT=fixed;AC=UNIMOD:4	AC=MS:1001309;NT=Lys-C	AC=MS:1001251;NT=Trypsin	AC=MS:1002038;NT=label free sample	7 ppm	20 ppm	1
PXD004352-Sample-173	Homo sapiens	Blood	Blood	Library	not available	not available	not available	normal	Library_single.shot_3 (steady-state)	adult	3	3	PXD004352	Library_single.shot_3 (steady-state).raw	Library_Single shot_Steady state-3	ftp://ftp.pride.ebi.ac.uk/pride/data/archive/2017/03/PXD004352/Library_single.shot_3 (steady-state).raw	1	1	NT=Q Exactive;AC=MS:1001911	"NT=Deamidated;MT=Variable;TA=N,Q;AC=UNIMOD:7"	NT=Acetyl; MT=Variable; PP=Protein N-term; AC=UNIMOD:1	AC=UNIMOD:35;NT=Oxidation;MT=Variable;TA=M	NT=Carbamidomethyl;TA=C;MT=fixed;AC=UNIMOD:4	AC=MS:1001309;NT=Lys-C	AC=MS:1001251;NT=Trypsin	AC=MS:1002038;NT=label free sample	7 ppm	20 ppm	1
PXD004352-Sample-174	Homo sapiens	Blood	Blood	Library	not available	not available	not available	normal	Library_single.shot_4 (steady-state)	adult	4	4	PXD004352	Library_single.shot_4 (steady-state).raw	Library_Single shot_Steady state-4	ftp://ftp.pride.ebi.ac.uk/pride/data/archive/2017/03/PXD004352/Library_single.shot_4 (steady-state).raw	1	1	NT=Q Exactive;AC=MS:1001911	"NT=Deamidated;MT=Variable;TA=N,Q;AC=UNIMOD:7"	NT=Acetyl; MT=Variable; PP=Protein N-term; AC=UNIMOD:1	AC=UNIMOD:35;NT=Oxidation;MT=Variable;TA=M	NT=Carbamidomethyl;TA=C;MT=fixed;AC=UNIMOD:4	AC=MS:1001309;NT=Lys-C	AC=MS:1001251;NT=Trypsin	AC=MS:1002038;NT=label free sample	7 ppm	20 ppm	1
PXD004352-Sample-175	Homo sapiens	Blood	Blood	Library	not available	not available	not available	normal	Library_single.shot_5 (steady-state)	adult	5	5	PXD004352	Library_single.shot_5 (steady-state).raw	Library_Single shot_Steady state-5	ftp://ftp.pride.ebi.ac.uk/pride/data/archive/2017/03/PXD004352/Library_single.shot_5 (steady-state).raw	1	1	NT=Q Exactive;AC=MS:1001911	"NT=Deamidated;MT=Variable;TA=N,Q;AC=UNIMOD:7"	NT=Acetyl; MT=Variable; PP=Protein N-term; AC=UNIMOD:1	AC=UNIMOD:35;NT=Oxidation;MT=Variable;TA=M	NT=Carbamidomethyl;TA=C;MT=fixed;AC=UNIMOD:4	AC=MS:1001309;NT=Lys-C	AC=MS:1001251;NT=Trypsin	AC=MS:1002038;NT=label free sample	7 ppm	20 ppm	1
PXD004352-Sample-176	Homo sapiens	Blood	Blood	Library	not available	not available	not available	normal	Library_single.shot_6 (steady-state)	adult	6	6	PXD004352	Library_single.shot_6 (steady-state).raw	Library_Single shot_Steady state-6	ftp://ftp.pride.ebi.ac.uk/pride/data/archive/2017/03/PXD004352/Library_single.shot_6 (steady-state).raw	1	1	NT=Q Exactive;AC=MS:1001911	"NT=Deamidated;MT=Variable;TA=N,Q;AC=UNIMOD:7"	NT=Acetyl; MT=Variable; PP=Protein N-term; AC=UNIMOD:1	AC=UNIMOD:35;NT=Oxidation;MT=Variable;TA=M	NT=Carbamidomethyl;TA=C;MT=fixed;AC=UNIMOD:4	AC=MS:1001309;NT=Lys-C	AC=MS:1001251;NT=Trypsin	AC=MS:1002038;NT=label free sample	7 ppm	20 ppm	1
PXD004352-Sample-177	Homo sapiens	Blood	Blood	Library	not available	not available	not available	normal	Library_single.shot_60 (steady-state)	adult	60	60	PXD004352	Library_single.shot_60 (steady-state).raw	Library_Single shot_Steady state-60	ftp://ftp.pride.ebi.ac.uk/pride/data/archive/2017/03/PXD004352/Library_single.shot_60 (steady-state).raw	1	1	NT=Q Exactive;AC=MS:1001911	"NT=Deamidated;MT=Variable;TA=N,Q;AC=UNIMOD:7"	NT=Acetyl; MT=Variable; PP=Protein N-term; AC=UNIMOD:1	AC=UNIMOD:35;NT=Oxidation;MT=Variable;TA=M	NT=Carbamidomethyl;TA=C;MT=fixed;AC=UNIMOD:4	AC=MS:1001309;NT=Lys-C	AC=MS:1001251;NT=Trypsin	AC=MS:1002038;NT=label free sample	7 ppm	20 ppm	1
PXD004352-Sample-178	Homo sapiens	Blood	Blood	Library	not available	not available	not available	normal	Library_single.shot_61 (steady-state)	adult	61	61	PXD004352	Library_single.shot_61 (steady-state).raw	Library_Single shot_Steady state-61	ftp://ftp.pride.ebi.ac.uk/pride/data/archive/2017/03/PXD004352/Library_single.shot_61 (steady-state).raw	1	1	NT=Q Exactive;AC=MS:1001911	"NT=Deamidated;MT=Variable;TA=N,Q;AC=UNIMOD:7"	NT=Acetyl; MT=Variable; PP=Protein N-term; AC=UNIMOD:1	AC=UNIMOD:35;NT=Oxidation;MT=Variable;TA=M	NT=Carbamidomethyl;TA=C;MT=fixed;AC=UNIMOD:4	AC=MS:1001309;NT=Lys-C	AC=MS:1001251;NT=Trypsin	AC=MS:1002038;NT=label free sample	7 ppm	20 ppm	1
PXD004352-Sample-179	Homo sapiens	Blood	Blood	Library	not available	not available	not available	normal	Library_single.shot_62 (steady-state)	adult	62	62	PXD004352	Library_single.shot_62 (steady-state).raw	Library_Single shot_Steady state-62	ftp://ftp.pride.ebi.ac.uk/pride/data/archive/2017/03/PXD004352/Library_single.shot_62 (steady-state).raw	1	1	NT=Q Exactive;AC=MS:1001911	"NT=Deamidated;MT=Variable;TA=N,Q;AC=UNIMOD:7"	NT=Acetyl; MT=Variable; PP=Protein N-term; AC=UNIMOD:1	AC=UNIMOD:35;NT=Oxidation;MT=Variable;TA=M	NT=Carbamidomethyl;TA=C;MT=fixed;AC=UNIMOD:4	AC=MS:1001309;NT=Lys-C	AC=MS:1001251;NT=Trypsin	AC=MS:1002038;NT=label free sample	7 ppm	20 ppm	1
PXD004352-Sample-180	Homo sapiens	Blood	Blood	Library	not available	not available	not available	normal	Library_single.shot_63 (steady-state)	adult	63	63	PXD004352	Library_single.shot_63 (steady-state).raw	Library_Single shot_Steady state-63	ftp://ftp.pride.ebi.ac.uk/pride/data/archive/2017/03/PXD004352/Library_single.shot_63 (steady-state).raw	1	1	NT=Q Exactive;AC=MS:1001911	"NT=Deamidated;MT=Variable;TA=N,Q;AC=UNIMOD:7"	NT=Acetyl; MT=Variable; PP=Protein N-term; AC=UNIMOD:1	AC=UNIMOD:35;NT=Oxidation;MT=Variable;TA=M	NT=Carbamidomethyl;TA=C;MT=fixed;AC=UNIMOD:4	AC=MS:1001309;NT=Lys-C	AC=MS:1001251;NT=Trypsin	AC=MS:1002038;NT=label free sample	7 ppm	20 ppm	1
PXD004352-Sample-181	Homo sapiens	Blood	Blood	Library	not available	not available	not available	normal	Library_single.shot_64 (steady-state)	adult	64	64	PXD004352	Library_single.shot_64 (steady-state).raw	Library_Single shot_Steady state-64	ftp://ftp.pride.ebi.ac.uk/pride/data/archive/2017/03/PXD004352/Library_single.shot_64 (steady-state).raw	1	1	NT=Q Exactive;AC=MS:1001911	"NT=Deamidated;MT=Variable;TA=N,Q;AC=UNIMOD:7"	NT=Acetyl; MT=Variable; PP=Protein N-term; AC=UNIMOD:1	AC=UNIMOD:35;NT=Oxidation;MT=Variable;TA=M	NT=Carbamidomethyl;TA=C;MT=fixed;AC=UNIMOD:4	AC=MS:1001309;NT=Lys-C	AC=MS:1001251;NT=Trypsin	AC=MS:1002038;NT=label free sample	7 ppm	20 ppm	1
PXD004352-Sample-182	Homo sapiens	Blood	Blood	Library	not available	not available	not available	normal	Library_single.shot_65 (steady-state)	adult	65	65	PXD004352	Library_single.shot_65 (steady-state).raw	Library_Single shot_Steady state-65	ftp://ftp.pride.ebi.ac.uk/pride/data/archive/2017/03/PXD004352/Library_single.shot_65 (steady-state).raw	1	1	NT=Q Exactive;AC=MS:1001911	"NT=Deamidated;MT=Variable;TA=N,Q;AC=UNIMOD:7"	NT=Acetyl; MT=Variable; PP=Protein N-term; AC=UNIMOD:1	AC=UNIMOD:35;NT=Oxidation;MT=Variable;TA=M	NT=Carbamidomethyl;TA=C;MT=fixed;AC=UNIMOD:4	AC=MS:1001309;NT=Lys-C	AC=MS:1001251;NT=Trypsin	AC=MS:1002038;NT=label free sample	7 ppm	20 ppm	1
PXD004352-Sample-183	Homo sapiens	Blood	Blood	Library	not available	not available	not available	normal	Library_single.shot_66 (steady-state)	adult	66	66	PXD004352	Library_single.shot_66 (steady-state).raw	Library_Single shot_Steady state-66	ftp://ftp.pride.ebi.ac.uk/pride/data/archive/2017/03/PXD004352/Library_single.shot_66 (steady-state).raw	1	1	NT=Q Exactive;AC=MS:1001911	"NT=Deamidated;MT=Variable;TA=N,Q;AC=UNIMOD:7"	NT=Acetyl; MT=Variable; PP=Protein N-term; AC=UNIMOD:1	AC=UNIMOD:35;NT=Oxidation;MT=Variable;TA=M	NT=Carbamidomethyl;TA=C;MT=fixed;AC=UNIMOD:4	AC=MS:1001309;NT=Lys-C	AC=MS:1001251;NT=Trypsin	AC=MS:1002038;NT=label free sample	7 ppm	20 ppm	1
PXD004352-Sample-184	Homo sapiens	Blood	Blood	Library	not available	not available	not available	normal	Library_single.shot_67 (steady-state)	adult	67	67	PXD004352	Library_single.shot_67 (steady-state).raw	Library_Single shot_Steady state-67	ftp://ftp.pride.ebi.ac.uk/pride/data/archive/2017/03/PXD004352/Library_single.shot_67 (steady-state).raw	1	1	NT=Q Exactive;AC=MS:1001911	"NT=Deamidated;MT=Variable;TA=N,Q;AC=UNIMOD:7"	NT=Acetyl; MT=Variable; PP=Protein N-term; AC=UNIMOD:1	AC=UNIMOD:35;NT=Oxidation;MT=Variable;TA=M	NT=Carbamidomethyl;TA=C;MT=fixed;AC=UNIMOD:4	AC=MS:1001309;NT=Lys-C	AC=MS:1001251;NT=Trypsin	AC=MS:1002038;NT=label free sample	7 ppm	20 ppm	1
PXD004352-Sample-185	Homo sapiens	Blood	Blood	Library	not available	not available	not available	normal	Library_single.shot_68 (steady-state)	adult	68	68	PXD004352	Library_single.shot_68 (steady-state).raw	Library_Single shot_Steady state-68	ftp://ftp.pride.ebi.ac.uk/pride/data/archive/2017/03/PXD004352/Library_single.shot_68 (steady-state).raw	1	1	NT=Q Exactive;AC=MS:1001911	"NT=Deamidated;MT=Variable;TA=N,Q;AC=UNIMOD:7"	NT=Acetyl; MT=Variable; PP=Protein N-term; AC=UNIMOD:1	AC=UNIMOD:35;NT=Oxidation;MT=Variable;TA=M	NT=Carbamidomethyl;TA=C;MT=fixed;AC=UNIMOD:4	AC=MS:1001309;NT=Lys-C	AC=MS:1001251;NT=Trypsin	AC=MS:1002038;NT=label free sample	7 ppm	20 ppm	1
PXD004352-Sample-186	Homo sapiens	Blood	Blood	Library	not available	not available	not available	normal	Library_single.shot_69 (steady-state)	adult	69	69	PXD004352	Library_single.shot_69 (steady-state).raw	Library_Single shot_Steady state-69	ftp://ftp.pride.ebi.ac.uk/pride/data/archive/2017/03/PXD004352/Library_single.shot_69 (steady-state).raw	1	1	NT=Q Exactive;AC=MS:1001911	"NT=Deamidated;MT=Variable;TA=N,Q;AC=UNIMOD:7"	NT=Acetyl; MT=Variable; PP=Protein N-term; AC=UNIMOD:1	AC=UNIMOD:35;NT=Oxidation;MT=Variable;TA=M	NT=Carbamidomethyl;TA=C;MT=fixed;AC=UNIMOD:4	AC=MS:1001309;NT=Lys-C	AC=MS:1001251;NT=Trypsin	AC=MS:1002038;NT=label free sample	7 ppm	20 ppm	1
PXD004352-Sample-187	Homo sapiens	Blood	Blood	Library	not available	not available	not available	normal	Library_single.shot_7 (steady-state)	adult	7	7	PXD004352	Library_single.shot_7 (steady-state).raw	Library_Single shot_Steady state-7	ftp://ftp.pride.ebi.ac.uk/pride/data/archive/2017/03/PXD004352/Library_single.shot_7 (steady-state).raw	1	1	NT=Q Exactive;AC=MS:1001911	"NT=Deamidated;MT=Variable;TA=N,Q;AC=UNIMOD:7"	NT=Acetyl; MT=Variable; PP=Protein N-term; AC=UNIMOD:1	AC=UNIMOD:35;NT=Oxidation;MT=Variable;TA=M	NT=Carbamidomethyl;TA=C;MT=fixed;AC=UNIMOD:4	AC=MS:1001309;NT=Lys-C	AC=MS:1001251;NT=Trypsin	AC=MS:1002038;NT=label free sample	7 ppm	20 ppm	1
PXD004352-Sample-188	Homo sapiens	Blood	Blood	Library	not available	not available	not available	normal	Library_single.shot_70 (steady-state)	adult	70	70	PXD004352	Library_single.shot_70 (steady-state).raw	Library_Single shot_Steady state-70	ftp://ftp.pride.ebi.ac.uk/pride/data/archive/2017/03/PXD004352/Library_single.shot_70 (steady-state).raw	1	1	NT=Q Exactive;AC=MS:1001911	"NT=Deamidated;MT=Variable;TA=N,Q;AC=UNIMOD:7"	NT=Acetyl; MT=Variable; PP=Protein N-term; AC=UNIMOD:1	AC=UNIMOD:35;NT=Oxidation;MT=Variable;TA=M	NT=Carbamidomethyl;TA=C;MT=fixed;AC=UNIMOD:4	AC=MS:1001309;NT=Lys-C	AC=MS:1001251;NT=Trypsin	AC=MS:1002038;NT=label free sample	7 ppm	20 ppm	1
PXD004352-Sample-189	Homo sapiens	Blood	Blood	Library	not available	not available	not available	normal	Library_single.shot_71 (steady-state)	adult	71	71	PXD004352	Library_single.shot_71 (steady-state).raw	Library_Single shot_Steady state-71	ftp://ftp.pride.ebi.ac.uk/pride/data/archive/2017/03/PXD004352/Library_single.shot_71 (steady-state).raw	1	1	NT=Q Exactive;AC=MS:1001911	"NT=Deamidated;MT=Variable;TA=N,Q;AC=UNIMOD:7"	NT=Acetyl; MT=Variable; PP=Protein N-term; AC=UNIMOD:1	AC=UNIMOD:35;NT=Oxidation;MT=Variable;TA=M	NT=Carbamidomethyl;TA=C;MT=fixed;AC=UNIMOD:4	AC=MS:1001309;NT=Lys-C	AC=MS:1001251;NT=Trypsin	AC=MS:1002038;NT=label free sample	7 ppm	20 ppm	1
PXD004352-Sample-190	Homo sapiens	Blood	Blood	Library	not available	not available	not available	normal	Library_single.shot_72 (steady-state)	adult	72	72	PXD004352	Library_single.shot_72 (steady-state).raw	Library_Single shot_Steady state-72	ftp://ftp.pride.ebi.ac.uk/pride/data/archive/2017/03/PXD004352/Library_single.shot_72 (steady-state).raw	1	1	NT=Q Exactive;AC=MS:1001911	"NT=Deamidated;MT=Variable;TA=N,Q;AC=UNIMOD:7"	NT=Acetyl; MT=Variable; PP=Protein N-term; AC=UNIMOD:1	AC=UNIMOD:35;NT=Oxidation;MT=Variable;TA=M	NT=Carbamidomethyl;TA=C;MT=fixed;AC=UNIMOD:4	AC=MS:1001309;NT=Lys-C	AC=MS:1001251;NT=Trypsin	AC=MS:1002038;NT=label free sample	7 ppm	20 ppm	1
PXD004352-Sample-191	Homo sapiens	Blood	Blood	Library	not available	not available	not available	normal	Library_single.shot_73 (steady-state)	adult	73	73	PXD004352	Library_single.shot_73 (steady-state).raw	Library_Single shot_Steady state-73	ftp://ftp.pride.ebi.ac.uk/pride/data/archive/2017/03/PXD004352/Library_single.shot_73 (steady-state).raw	1	1	NT=Q Exactive;AC=MS:1001911	"NT=Deamidated;MT=Variable;TA=N,Q;AC=UNIMOD:7"	NT=Acetyl; MT=Variable; PP=Protein N-term; AC=UNIMOD:1	AC=UNIMOD:35;NT=Oxidation;MT=Variable;TA=M	NT=Carbamidomethyl;TA=C;MT=fixed;AC=UNIMOD:4	AC=MS:1001309;NT=Lys-C	AC=MS:1001251;NT=Trypsin	AC=MS:1002038;NT=label free sample	7 ppm	20 ppm	1
PXD004352-Sample-192	Homo sapiens	Blood	Blood	Library	not available	not available	not available	normal	Library_single.shot_74 (steady-state)	adult	74	74	PXD004352	Library_single.shot_74 (steady-state).raw	Library_Single shot_Steady state-74	ftp://ftp.pride.ebi.ac.uk/pride/data/archive/2017/03/PXD004352/Library_single.shot_74 (steady-state).raw	1	1	NT=Q Exactive;AC=MS:1001911	"NT=Deamidated;MT=Variable;TA=N,Q;AC=UNIMOD:7"	NT=Acetyl; MT=Variable; PP=Protein N-term; AC=UNIMOD:1	AC=UNIMOD:35;NT=Oxidation;MT=Variable;TA=M	NT=Carbamidomethyl;TA=C;MT=fixed;AC=UNIMOD:4	AC=MS:1001309;NT=Lys-C	AC=MS:1001251;NT=Trypsin	AC=MS:1002038;NT=label free sample	7 ppm	20 ppm	1
PXD004352-Sample-193	Homo sapiens	Blood	Blood	Library	not available	not available	not available	normal	Library_single.shot_75 (steady-state)	adult	75	75	PXD004352	Library_single.shot_75 (steady-state).raw	Library_Single shot_Steady state-75	ftp://ftp.pride.ebi.ac.uk/pride/data/archive/2017/03/PXD004352/Library_single.shot_75 (steady-state).raw	1	1	NT=Q Exactive;AC=MS:1001911	"NT=Deamidated;MT=Variable;TA=N,Q;AC=UNIMOD:7"	NT=Acetyl; MT=Variable; PP=Protein N-term; AC=UNIMOD:1	AC=UNIMOD:35;NT=Oxidation;MT=Variable;TA=M	NT=Carbamidomethyl;TA=C;MT=fixed;AC=UNIMOD:4	AC=MS:1001309;NT=Lys-C	AC=MS:1001251;NT=Trypsin	AC=MS:1002038;NT=label free sample	7 ppm	20 ppm	1
PXD004352-Sample-194	Homo sapiens	Blood	Blood	Library	not available	not available	not available	normal	Library_single.shot_76 (steady-state)	adult	76	76	PXD004352	Library_single.shot_76 (steady-state).raw	Library_Single shot_Steady state-76	ftp://ftp.pride.ebi.ac.uk/pride/data/archive/2017/03/PXD004352/Library_single.shot_76 (steady-state).raw	1	1	NT=Q Exactive;AC=MS:1001911	"NT=Deamidated;MT=Variable;TA=N,Q;AC=UNIMOD:7"	NT=Acetyl; MT=Variable; PP=Protein N-term; AC=UNIMOD:1	AC=UNIMOD:35;NT=Oxidation;MT=Variable;TA=M	NT=Carbamidomethyl;TA=C;MT=fixed;AC=UNIMOD:4	AC=MS:1001309;NT=Lys-C	AC=MS:1001251;NT=Trypsin	AC=MS:1002038;NT=label free sample	7 ppm	20 ppm	1
PXD004352-Sample-195	Homo sapiens	Blood	Blood	Library	not available	not available	not available	normal	Library_single.shot_77 (steady-state)	adult	77	77	PXD004352	Library_single.shot_77 (steady-state).raw	Library_Single shot_Steady state-77	ftp://ftp.pride.ebi.ac.uk/pride/data/archive/2017/03/PXD004352/Library_single.shot_77 (steady-state).raw	1	1	NT=Q Exactive;AC=MS:1001911	"NT=Deamidated;MT=Variable;TA=N,Q;AC=UNIMOD:7"	NT=Acetyl; MT=Variable; PP=Protein N-term; AC=UNIMOD:1	AC=UNIMOD:35;NT=Oxidation;MT=Variable;TA=M	NT=Carbamidomethyl;TA=C;MT=fixed;AC=UNIMOD:4	AC=MS:1001309;NT=Lys-C	AC=MS:1001251;NT=Trypsin	AC=MS:1002038;NT=label free sample	7 ppm	20 ppm	1
PXD004352-Sample-196	Homo sapiens	Blood	Blood	Library	not available	not available	not available	normal	Library_single.shot_78 (steady-state)	adult	78	78	PXD004352	Library_single.shot_78 (steady-state).raw	Library_Single shot_Steady state-78	ftp://ftp.pride.ebi.ac.uk/pride/data/archive/2017/03/PXD004352/Library_single.shot_78 (steady-state).raw	1	1	NT=Q Exactive;AC=MS:1001911	"NT=Deamidated;MT=Variable;TA=N,Q;AC=UNIMOD:7"	NT=Acetyl; MT=Variable; PP=Protein N-term; AC=UNIMOD:1	AC=UNIMOD:35;NT=Oxidation;MT=Variable;TA=M	NT=Carbamidomethyl;TA=C;MT=fixed;AC=UNIMOD:4	AC=MS:1001309;NT=Lys-C	AC=MS:1001251;NT=Trypsin	AC=MS:1002038;NT=label free sample	7 ppm	20 ppm	1
PXD004352-Sample-197	Homo sapiens	Blood	Blood	Library	not available	not available	not available	normal	Library_single.shot_79 (steady-state)	adult	79	79	PXD004352	Library_single.shot_79 (steady-state).raw	Library_Single shot_Steady state-79	ftp://ftp.pride.ebi.ac.uk/pride/data/archive/2017/03/PXD004352/Library_single.shot_79 (steady-state).raw	1	1	NT=Q Exactive;AC=MS:1001911	"NT=Deamidated;MT=Variable;TA=N,Q;AC=UNIMOD:7"	NT=Acetyl; MT=Variable; PP=Protein N-term; AC=UNIMOD:1	AC=UNIMOD:35;NT=Oxidation;MT=Variable;TA=M	NT=Carbamidomethyl;TA=C;MT=fixed;AC=UNIMOD:4	AC=MS:1001309;NT=Lys-C	AC=MS:1001251;NT=Trypsin	AC=MS:1002038;NT=label free sample	7 ppm	20 ppm	1
PXD004352-Sample-198	Homo sapiens	Blood	Blood	Library	not available	not available	not available	normal	Library_single.shot_8 (steady-state)	adult	8	8	PXD004352	Library_single.shot_8 (steady-state).raw	Library_Single shot_Steady state-8	ftp://ftp.pride.ebi.ac.uk/pride/data/archive/2017/03/PXD004352/Library_single.shot_8 (steady-state).raw	1	1	NT=Q Exactive;AC=MS:1001911	"NT=Deamidated;MT=Variable;TA=N,Q;AC=UNIMOD:7"	NT=Acetyl; MT=Variable; PP=Protein N-term; AC=UNIMOD:1	AC=UNIMOD:35;NT=Oxidation;MT=Variable;TA=M	NT=Carbamidomethyl;TA=C;MT=fixed;AC=UNIMOD:4	AC=MS:1001309;NT=Lys-C	AC=MS:1001251;NT=Trypsin	AC=MS:1002038;NT=label free sample	7 ppm	20 ppm	1
PXD004352-Sample-199	Homo sapiens	Blood	Blood	Library	not available	not available	not available	normal	Library_single.shot_80 (steady-state)	adult	80	80	PXD004352	Library_single.shot_80 (steady-state).raw	Library_Single shot_Steady state-80	ftp://ftp.pride.ebi.ac.uk/pride/data/archive/2017/03/PXD004352/Library_single.shot_80 (steady-state).raw	1	1	NT=Q Exactive;AC=MS:1001911	"NT=Deamidated;MT=Variable;TA=N,Q;AC=UNIMOD:7"	NT=Acetyl; MT=Variable; PP=Protein N-term; AC=UNIMOD:1	AC=UNIMOD:35;NT=Oxidation;MT=Variable;TA=M	NT=Carbamidomethyl;TA=C;MT=fixed;AC=UNIMOD:4	AC=MS:1001309;NT=Lys-C	AC=MS:1001251;NT=Trypsin	AC=MS:1002038;NT=label free sample	7 ppm	20 ppm	1
PXD004352-Sample-200	Homo sapiens	Blood	Blood	Library	not available	not available	not available	normal	Library_single.shot_81 (steady-state)	adult	81	81	PXD004352	Library_single.shot_81 (steady-state).raw	Library_Single shot_Steady state-81	ftp://ftp.pride.ebi.ac.uk/pride/data/archive/2017/03/PXD004352/Library_single.shot_81 (steady-state).raw	1	1	NT=Q Exactive;AC=MS:1001911	"NT=Deamidated;MT=Variable;TA=N,Q;AC=UNIMOD:7"	NT=Acetyl; MT=Variable; PP=Protein N-term; AC=UNIMOD:1	AC=UNIMOD:35;NT=Oxidation;MT=Variable;TA=M	NT=Carbamidomethyl;TA=C;MT=fixed;AC=UNIMOD:4	AC=MS:1001309;NT=Lys-C	AC=MS:1001251;NT=Trypsin	AC=MS:1002038;NT=label free sample	7 ppm	20 ppm	1
PXD004352-Sample-201	Homo sapiens	Blood	Blood	Library	not available	not available	not available	normal	Library_single.shot_82 (steady-state)	adult	82	82	PXD004352	Library_single.shot_82 (steady-state).raw	Library_Single shot_Steady state-82	ftp://ftp.pride.ebi.ac.uk/pride/data/archive/2017/03/PXD004352/Library_single.shot_82 (steady-state).raw	1	1	NT=Q Exactive;AC=MS:1001911	"NT=Deamidated;MT=Variable;TA=N,Q;AC=UNIMOD:7"	NT=Acetyl; MT=Variable; PP=Protein N-term; AC=UNIMOD:1	AC=UNIMOD:35;NT=Oxidation;MT=Variable;TA=M	NT=Carbamidomethyl;TA=C;MT=fixed;AC=UNIMOD:4	AC=MS:1001309;NT=Lys-C	AC=MS:1001251;NT=Trypsin	AC=MS:1002038;NT=label free sample	7 ppm	20 ppm	1
PXD004352-Sample-202	Homo sapiens	Blood	Blood	Library	not available	not available	not available	normal	Library_single.shot_83 (steady-state)	adult	83	83	PXD004352	Library_single.shot_83 (steady-state).raw	Library_Single shot_Steady state-83	ftp://ftp.pride.ebi.ac.uk/pride/data/archive/2017/03/PXD004352/Library_single.shot_83 (steady-state).raw	1	1	NT=Q Exactive;AC=MS:1001911	"NT=Deamidated;MT=Variable;TA=N,Q;AC=UNIMOD:7"	NT=Acetyl; MT=Variable; PP=Protein N-term; AC=UNIMOD:1	AC=UNIMOD:35;NT=Oxidation;MT=Variable;TA=M	NT=Carbamidomethyl;TA=C;MT=fixed;AC=UNIMOD:4	AC=MS:1001309;NT=Lys-C	AC=MS:1001251;NT=Trypsin	AC=MS:1002038;NT=label free sample	7 ppm	20 ppm	1
PXD004352-Sample-203	Homo sapiens	Blood	Blood	Library	not available	not available	not available	normal	Library_single.shot_84 (steady-state)	adult	84	84	PXD004352	Library_single.shot_84 (steady-state).raw	Library_Single shot_Steady state-84	ftp://ftp.pride.ebi.ac.uk/pride/data/archive/2017/03/PXD004352/Library_single.shot_84 (steady-state).raw	1	1	NT=Q Exactive;AC=MS:1001911	"NT=Deamidated;MT=Variable;TA=N,Q;AC=UNIMOD:7"	NT=Acetyl; MT=Variable; PP=Protein N-term; AC=UNIMOD:1	AC=UNIMOD:35;NT=Oxidation;MT=Variable;TA=M	NT=Carbamidomethyl;TA=C;MT=fixed;AC=UNIMOD:4	AC=MS:1001309;NT=Lys-C	AC=MS:1001251;NT=Trypsin	AC=MS:1002038;NT=label free sample	7 ppm	20 ppm	1
PXD004352-Sample-204	Homo sapiens	Blood	Blood	Library	not available	not available	not available	normal	Library_single.shot_85 (steady-state)	adult	85	85	PXD004352	Library_single.shot_85 (steady-state).raw	Library_Single shot_Steady state-85	ftp://ftp.pride.ebi.ac.uk/pride/data/archive/2017/03/PXD004352/Library_single.shot_85 (steady-state).raw	1	1	NT=Q Exactive;AC=MS:1001911	"NT=Deamidated;MT=Variable;TA=N,Q;AC=UNIMOD:7"	NT=Acetyl; MT=Variable; PP=Protein N-term; AC=UNIMOD:1	AC=UNIMOD:35;NT=Oxidation;MT=Variable;TA=M	NT=Carbamidomethyl;TA=C;MT=fixed;AC=UNIMOD:4	AC=MS:1001309;NT=Lys-C	AC=MS:1001251;NT=Trypsin	AC=MS:1002038;NT=label free sample	7 ppm	20 ppm	1
PXD004352-Sample-205	Homo sapiens	Blood	Blood	Library	not available	not available	not available	normal	Library_single.shot_86 (steady-state)	adult	86	86	PXD004352	Library_single.shot_86 (steady-state).raw	Library_Single shot_Steady state-86	ftp://ftp.pride.ebi.ac.uk/pride/data/archive/2017/03/PXD004352/Library_single.shot_86 (steady-state).raw	1	1	NT=Q Exactive;AC=MS:1001911	"NT=Deamidated;MT=Variable;TA=N,Q;AC=UNIMOD:7"	NT=Acetyl; MT=Variable; PP=Protein N-term; AC=UNIMOD:1	AC=UNIMOD:35;NT=Oxidation;MT=Variable;TA=M	NT=Carbamidomethyl;TA=C;MT=fixed;AC=UNIMOD:4	AC=MS:1001309;NT=Lys-C	AC=MS:1001251;NT=Trypsin	AC=MS:1002038;NT=label free sample	7 ppm	20 ppm	1
PXD004352-Sample-206	Homo sapiens	Blood	Blood	Library	not available	not available	not available	normal	Library_single.shot_87 (steady-state)	adult	87	87	PXD004352	Library_single.shot_87 (steady-state).raw	Library_Single shot_Steady state-87	ftp://ftp.pride.ebi.ac.uk/pride/data/archive/2017/03/PXD004352/Library_single.shot_87 (steady-state).raw	1	1	NT=Q Exactive;AC=MS:1001911	"NT=Deamidated;MT=Variable;TA=N,Q;AC=UNIMOD:7"	NT=Acetyl; MT=Variable; PP=Protein N-term; AC=UNIMOD:1	AC=UNIMOD:35;NT=Oxidation;MT=Variable;TA=M	NT=Carbamidomethyl;TA=C;MT=fixed;AC=UNIMOD:4	AC=MS:1001309;NT=Lys-C	AC=MS:1001251;NT=Trypsin	AC=MS:1002038;NT=label free sample	7 ppm	20 ppm	1
PXD004352-Sample-207	Homo sapiens	Blood	Blood	Library	not available	not available	not available	normal	Library_single.shot_88 (steady-state)	adult	88	88	PXD004352	Library_single.shot_88 (steady-state).raw	Library_Single shot_Steady state-88	ftp://ftp.pride.ebi.ac.uk/pride/data/archive/2017/03/PXD004352/Library_single.shot_88 (steady-state).raw	1	1	NT=Q Exactive;AC=MS:1001911	"NT=Deamidated;MT=Variable;TA=N,Q;AC=UNIMOD:7"	NT=Acetyl; MT=Variable; PP=Protein N-term; AC=UNIMOD:1	AC=UNIMOD:35;NT=Oxidation;MT=Variable;TA=M	NT=Carbamidomethyl;TA=C;MT=fixed;AC=UNIMOD:4	AC=MS:1001309;NT=Lys-C	AC=MS:1001251;NT=Trypsin	AC=MS:1002038;NT=label free sample	7 ppm	20 ppm	1
PXD004352-Sample-208	Homo sapiens	Blood	Blood	Library	not available	not available	not available	normal	Library_single.shot_89 (steady-state)	adult	89	89	PXD004352	Library_single.shot_89 (steady-state).raw	Library_Single shot_Steady state-89	ftp://ftp.pride.ebi.ac.uk/pride/data/archive/2017/03/PXD004352/Library_single.shot_89 (steady-state).raw	1	1	NT=Q Exactive;AC=MS:1001911	"NT=Deamidated;MT=Variable;TA=N,Q;AC=UNIMOD:7"	NT=Acetyl; MT=Variable; PP=Protein N-term; AC=UNIMOD:1	AC=UNIMOD:35;NT=Oxidation;MT=Variable;TA=M	NT=Carbamidomethyl;TA=C;MT=fixed;AC=UNIMOD:4	AC=MS:1001309;NT=Lys-C	AC=MS:1001251;NT=Trypsin	AC=MS:1002038;NT=label free sample	7 ppm	20 ppm	1
PXD004352-Sample-209	Homo sapiens	Blood	Blood	Library	not available	not available	not available	normal	Library_single.shot_9 (steady-state)	adult	9	9	PXD004352	Library_single.shot_9 (steady-state).raw	Library_Single shot_Steady state-9	ftp://ftp.pride.ebi.ac.uk/pride/data/archive/2017/03/PXD004352/Library_single.shot_9 (steady-state).raw	1	1	NT=Q Exactive;AC=MS:1001911	"NT=Deamidated;MT=Variable;TA=N,Q;AC=UNIMOD:7"	NT=Acetyl; MT=Variable; PP=Protein N-term; AC=UNIMOD:1	AC=UNIMOD:35;NT=Oxidation;MT=Variable;TA=M	NT=Carbamidomethyl;TA=C;MT=fixed;AC=UNIMOD:4	AC=MS:1001309;NT=Lys-C	AC=MS:1001251;NT=Trypsin	AC=MS:1002038;NT=label free sample	7 ppm	20 ppm	1
PXD004352-Sample-210	Homo sapiens	Blood	Blood	Library	not available	not available	not available	normal	Library_single.shot_90 (steady-state)	adult	90	90	PXD004352	Library_single.shot_90 (steady-state).raw	Library_Single shot_Steady state-90	ftp://ftp.pride.ebi.ac.uk/pride/data/archive/2017/03/PXD004352/Library_single.shot_90 (steady-state).raw	1	1	NT=Q Exactive;AC=MS:1001911	"NT=Deamidated;MT=Variable;TA=N,Q;AC=UNIMOD:7"	NT=Acetyl; MT=Variable; PP=Protein N-term; AC=UNIMOD:1	AC=UNIMOD:35;NT=Oxidation;MT=Variable;TA=M	NT=Carbamidomethyl;TA=C;MT=fixed;AC=UNIMOD:4	AC=MS:1001309;NT=Lys-C	AC=MS:1001251;NT=Trypsin	AC=MS:1002038;NT=label free sample	7 ppm	20 ppm	1
PXD004352-Sample-211	Homo sapiens	Blood	Blood	Library	not available	not available	not available	normal	Library_single.shot_91 (steady-state)	adult	91	91	PXD004352	Library_single.shot_91 (steady-state).raw	Library_Single shot_Steady state-91	ftp://ftp.pride.ebi.ac.uk/pride/data/archive/2017/03/PXD004352/Library_single.shot_91 (steady-state).raw	1	1	NT=Q Exactive;AC=MS:1001911	"NT=Deamidated;MT=Variable;TA=N,Q;AC=UNIMOD:7"	NT=Acetyl; MT=Variable; PP=Protein N-term; AC=UNIMOD:1	AC=UNIMOD:35;NT=Oxidation;MT=Variable;TA=M	NT=Carbamidomethyl;TA=C;MT=fixed;AC=UNIMOD:4	AC=MS:1001309;NT=Lys-C	AC=MS:1001251;NT=Trypsin	AC=MS:1002038;NT=label free sample	7 ppm	20 ppm	1
PXD004352-Sample-212	Homo sapiens	Blood	Blood	Library	not available	not available	not available	normal	Library_single.shot_92 (steady-state)	adult	92	92	PXD004352	Library_single.shot_92 (steady-state).raw	Library_Single shot_Steady state-92	ftp://ftp.pride.ebi.ac.uk/pride/data/archive/2017/03/PXD004352/Library_single.shot_92 (steady-state).raw	1	1	NT=Q Exactive;AC=MS:1001911	"NT=Deamidated;MT=Variable;TA=N,Q;AC=UNIMOD:7"	NT=Acetyl; MT=Variable; PP=Protein N-term; AC=UNIMOD:1	AC=UNIMOD:35;NT=Oxidation;MT=Variable;TA=M	NT=Carbamidomethyl;TA=C;MT=fixed;AC=UNIMOD:4	AC=MS:1001309;NT=Lys-C	AC=MS:1001251;NT=Trypsin	AC=MS:1002038;NT=label free sample	7 ppm	20 ppm	1
PXD004352-Sample-213	Homo sapiens	Blood	Blood	Library	not available	not available	not available	normal	Library_single.shot_93 (steady-state)	adult	93	93	PXD004352	Library_single.shot_93 (steady-state).raw	Library_Single shot_Steady state-93	ftp://ftp.pride.ebi.ac.uk/pride/data/archive/2017/03/PXD004352/Library_single.shot_93 (steady-state).raw	1	1	NT=Q Exactive;AC=MS:1001911	"NT=Deamidated;MT=Variable;TA=N,Q;AC=UNIMOD:7"	NT=Acetyl; MT=Variable; PP=Protein N-term; AC=UNIMOD:1	AC=UNIMOD:35;NT=Oxidation;MT=Variable;TA=M	NT=Carbamidomethyl;TA=C;MT=fixed;AC=UNIMOD:4	AC=MS:1001309;NT=Lys-C	AC=MS:1001251;NT=Trypsin	AC=MS:1002038;NT=label free sample	7 ppm	20 ppm	1
PXD004352-Sample-214	Homo sapiens	Blood	Blood	Monocytes Classical	not available	not available	not available	normal	MO.classical_01 (activated)	adult	1	1	PXD004352	MO.classical_01 (activated).raw	Monocytes Classical_Activated-1	ftp://ftp.pride.ebi.ac.uk/pride/data/archive/2017/03/PXD004352/MO.classical_01 (activated).raw	1	1	NT=Q Exactive;AC=MS:1001911	"NT=Deamidated;MT=Variable;TA=N,Q;AC=UNIMOD:7"	NT=Acetyl; MT=Variable; PP=Protein N-term; AC=UNIMOD:1	AC=UNIMOD:35;NT=Oxidation;MT=Variable;TA=M	NT=Carbamidomethyl;TA=C;MT=fixed;AC=UNIMOD:4	AC=MS:1001309;NT=Lys-C	AC=MS:1001251;NT=Trypsin	AC=MS:1002038;NT=label free sample	7 ppm	20 ppm	1
PXD004352-Sample-215	Homo sapiens	Blood	Blood	Monocytes Classical	not available	not available	not available	normal	MO.classical_02 (activated)	adult	2	2	PXD004352	MO.classical_02 (activated).raw	Monocytes Classical_Activated-2	ftp://ftp.pride.ebi.ac.uk/pride/data/archive/2017/03/PXD004352/MO.classical_02 (activated).raw	1	1	NT=Q Exactive;AC=MS:1001911	"NT=Deamidated;MT=Variable;TA=N,Q;AC=UNIMOD:7"	NT=Acetyl; MT=Variable; PP=Protein N-term; AC=UNIMOD:1	AC=UNIMOD:35;NT=Oxidation;MT=Variable;TA=M	NT=Carbamidomethyl;TA=C;MT=fixed;AC=UNIMOD:4	AC=MS:1001309;NT=Lys-C	AC=MS:1001251;NT=Trypsin	AC=MS:1002038;NT=label free sample	7 ppm	20 ppm	1
PXD004352-Sample-216	Homo sapiens	Blood	Blood	Monocytes Classical	not available	not available	not available	normal	MO.classical_03 (activated)	adult	3	3	PXD004352	MO.classical_03 (activated).raw	Monocytes Classical_Activated-3	ftp://ftp.pride.ebi.ac.uk/pride/data/archive/2017/03/PXD004352/MO.classical_03 (activated).raw	1	1	NT=Q Exactive;AC=MS:1001911	"NT=Deamidated;MT=Variable;TA=N,Q;AC=UNIMOD:7"	NT=Acetyl; MT=Variable; PP=Protein N-term; AC=UNIMOD:1	AC=UNIMOD:35;NT=Oxidation;MT=Variable;TA=M	NT=Carbamidomethyl;TA=C;MT=fixed;AC=UNIMOD:4	AC=MS:1001309;NT=Lys-C	AC=MS:1001251;NT=Trypsin	AC=MS:1002038;NT=label free sample	7 ppm	20 ppm	1
PXD004352-Sample-217	Homo sapiens	Blood	Blood	Monocytes Classical	not available	not available	not available	normal	20150817_QEp8_JaRi_SA_Sups_MOclassical_CTR_01	adult	1	1	PXD004352	20150817_QEp8_JaRi_SA_Sups_MOclassical_CTR_01.raw	Monocytes Classical_CTR-1	ftp://ftp.pride.ebi.ac.uk/pride/data/archive/2017/03/PXD004352/20150817_QEp8_JaRi_SA_Sups_MOclassical_CTR_01.raw	1	1	NT=Q Exactive;AC=MS:1001911	"NT=Deamidated;MT=Variable;TA=N,Q;AC=UNIMOD:7"	NT=Acetyl; MT=Variable; PP=Protein N-term; AC=UNIMOD:1	AC=UNIMOD:35;NT=Oxidation;MT=Variable;TA=M	NT=Carbamidomethyl;TA=C;MT=fixed;AC=UNIMOD:4	AC=MS:1001309;NT=Lys-C	AC=MS:1001251;NT=Trypsin	AC=MS:1002038;NT=label free sample	7 ppm	20 ppm	1
PXD004352-Sample-218	Homo sapiens	Blood	Blood	Monocytes Classical	not available	not available	not available	normal	20150817_QEp8_JaRi_SA_Sups_MOclassical_CTR_02	adult	2	2	PXD004352	20150817_QEp8_JaRi_SA_Sups_MOclassical_CTR_02.raw	Monocytes Classical_CTR-2	ftp://ftp.pride.ebi.ac.uk/pride/data/archive/2017/03/PXD004352/20150817_QEp8_JaRi_SA_Sups_MOclassical_CTR_02.raw	1	1	NT=Q Exactive;AC=MS:1001911	"NT=Deamidated;MT=Variable;TA=N,Q;AC=UNIMOD:7"	NT=Acetyl; MT=Variable; PP=Protein N-term; AC=UNIMOD:1	AC=UNIMOD:35;NT=Oxidation;MT=Variable;TA=M	NT=Carbamidomethyl;TA=C;MT=fixed;AC=UNIMOD:4	AC=MS:1001309;NT=Lys-C	AC=MS:1001251;NT=Trypsin	AC=MS:1002038;NT=label free sample	7 ppm	20 ppm	1
PXD004352-Sample-219	Homo sapiens	Blood	Blood	Monocytes Classical	not available	not available	not available	normal	20150817_QEp8_JaRi_SA_Sups_MOclassical_CTR_03	adult	3	3	PXD004352	20150817_QEp8_JaRi_SA_Sups_MOclassical_CTR_03.raw	Monocytes Classical_CTR-3	ftp://ftp.pride.ebi.ac.uk/pride/data/archive/2017/03/PXD004352/20150817_QEp8_JaRi_SA_Sups_MOclassical_CTR_03.raw	1	1	NT=Q Exactive;AC=MS:1001911	"NT=Deamidated;MT=Variable;TA=N,Q;AC=UNIMOD:7"	NT=Acetyl; MT=Variable; PP=Protein N-term; AC=UNIMOD:1	AC=UNIMOD:35;NT=Oxidation;MT=Variable;TA=M	NT=Carbamidomethyl;TA=C;MT=fixed;AC=UNIMOD:4	AC=MS:1001309;NT=Lys-C	AC=MS:1001251;NT=Trypsin	AC=MS:1002038;NT=label free sample	7 ppm	20 ppm	1
PXD004352-Sample-220	Homo sapiens	Blood	Blood	Monocytes Classical	not available	not available	not available	normal	20150817_QEp8_JaRi_SA_Sups_MOclassical_CTR_04	adult	4	4	PXD004352	20150817_QEp8_JaRi_SA_Sups_MOclassical_CTR_04.raw	Monocytes Classical_CTR-4	ftp://ftp.pride.ebi.ac.uk/pride/data/archive/2017/03/PXD004352/20150817_QEp8_JaRi_SA_Sups_MOclassical_CTR_04.raw	1	1	NT=Q Exactive;AC=MS:1001911	"NT=Deamidated;MT=Variable;TA=N,Q;AC=UNIMOD:7"	NT=Acetyl; MT=Variable; PP=Protein N-term; AC=UNIMOD:1	AC=UNIMOD:35;NT=Oxidation;MT=Variable;TA=M	NT=Carbamidomethyl;TA=C;MT=fixed;AC=UNIMOD:4	AC=MS:1001309;NT=Lys-C	AC=MS:1001251;NT=Trypsin	AC=MS:1002038;NT=label free sample	7 ppm	20 ppm	1
PXD004352-Sample-221	Homo sapiens	Blood	Blood	Monocytes Classical	not available	not available	not available	normal	20150817_QEp8_JaRi_SA_Sups_MOclassical_CTR_05	adult	5	5	PXD004352	20150817_QEp8_JaRi_SA_Sups_MOclassical_CTR_05.raw	Monocytes Classical_CTR-5-1	ftp://ftp.pride.ebi.ac.uk/pride/data/archive/2017/03/PXD004352/20150817_QEp8_JaRi_SA_Sups_MOclassical_CTR_05.raw	1	1	NT=Q Exactive;AC=MS:1001911	"NT=Deamidated;MT=Variable;TA=N,Q;AC=UNIMOD:7"	NT=Acetyl; MT=Variable; PP=Protein N-term; AC=UNIMOD:1	AC=UNIMOD:35;NT=Oxidation;MT=Variable;TA=M	NT=Carbamidomethyl;TA=C;MT=fixed;AC=UNIMOD:4	AC=MS:1001309;NT=Lys-C	AC=MS:1001251;NT=Trypsin	AC=MS:1002038;NT=label free sample	7 ppm	20 ppm	1
PXD004352-Sample-222	Homo sapiens	Blood	Blood	Monocytes Classical	not available	not available	not available	normal	20150817_QEp8_JaRi_SA_Sups_MOclassical_CTR_05_150822235658	adult	5	5	PXD004352	20150817_QEp8_JaRi_SA_Sups_MOclassical_CTR_05_150822235658.raw	Monocytes Classical_CTR-5-2	ftp://ftp.pride.ebi.ac.uk/pride/data/archive/2017/03/PXD004352/20150817_QEp8_JaRi_SA_Sups_MOclassical_CTR_05_150822235658.raw	1	2	NT=Q Exactive;AC=MS:1001911	"NT=Deamidated;MT=Variable;TA=N,Q;AC=UNIMOD:7"	NT=Acetyl; MT=Variable; PP=Protein N-term; AC=UNIMOD:1	AC=UNIMOD:35;NT=Oxidation;MT=Variable;TA=M	NT=Carbamidomethyl;TA=C;MT=fixed;AC=UNIMOD:4	AC=MS:1001309;NT=Lys-C	AC=MS:1001251;NT=Trypsin	AC=MS:1002038;NT=label free sample	7 ppm	20 ppm	1
PXD004352-Sample-223	Homo sapiens	Blood	Blood	Monocytes Classical	not available	not available	not available	normal	20150817_QEp8_JaRi_SA_Sups_MOclassical_LPS_01	adult	1	1	PXD004352	20150817_QEp8_JaRi_SA_Sups_MOclassical_LPS_01.raw	Monocytes Classical_LPS-1-1	ftp://ftp.pride.ebi.ac.uk/pride/data/archive/2017/03/PXD004352/20150817_QEp8_JaRi_SA_Sups_MOclassical_LPS_01.raw	1	1	NT=Q Exactive;AC=MS:1001911	"NT=Deamidated;MT=Variable;TA=N,Q;AC=UNIMOD:7"	NT=Acetyl; MT=Variable; PP=Protein N-term; AC=UNIMOD:1	AC=UNIMOD:35;NT=Oxidation;MT=Variable;TA=M	NT=Carbamidomethyl;TA=C;MT=fixed;AC=UNIMOD:4	AC=MS:1001309;NT=Lys-C	AC=MS:1001251;NT=Trypsin	AC=MS:1002038;NT=label free sample	7 ppm	20 ppm	1
PXD004352-Sample-224	Homo sapiens	Blood	Blood	Monocytes Classical	not available	not available	not available	normal	20150817_QEp8_JaRi_SA_Sups_MOclassical_LPS_01_150823025656	adult	1	1	PXD004352	20150817_QEp8_JaRi_SA_Sups_MOclassical_LPS_01_150823025656.raw	Monocytes Classical_LPS-1-2	ftp://ftp.pride.ebi.ac.uk/pride/data/archive/2017/03/PXD004352/20150817_QEp8_JaRi_SA_Sups_MOclassical_LPS_01_150823025656.raw	1	2	NT=Q Exactive;AC=MS:1001911	"NT=Deamidated;MT=Variable;TA=N,Q;AC=UNIMOD:7"	NT=Acetyl; MT=Variable; PP=Protein N-term; AC=UNIMOD:1	AC=UNIMOD:35;NT=Oxidation;MT=Variable;TA=M	NT=Carbamidomethyl;TA=C;MT=fixed;AC=UNIMOD:4	AC=MS:1001309;NT=Lys-C	AC=MS:1001251;NT=Trypsin	AC=MS:1002038;NT=label free sample	7 ppm	20 ppm	1
PXD004352-Sample-225	Homo sapiens	Blood	Blood	Monocytes Classical	not available	not available	not available	normal	20150817_QEp8_JaRi_SA_Sups_MOclassical_LPS_02	adult	2	2	PXD004352	20150817_QEp8_JaRi_SA_Sups_MOclassical_LPS_02.raw	Monocytes Classical_LPS-2-1	ftp://ftp.pride.ebi.ac.uk/pride/data/archive/2017/03/PXD004352/20150817_QEp8_JaRi_SA_Sups_MOclassical_LPS_02.raw	1	1	NT=Q Exactive;AC=MS:1001911	"NT=Deamidated;MT=Variable;TA=N,Q;AC=UNIMOD:7"	NT=Acetyl; MT=Variable; PP=Protein N-term; AC=UNIMOD:1	AC=UNIMOD:35;NT=Oxidation;MT=Variable;TA=M	NT=Carbamidomethyl;TA=C;MT=fixed;AC=UNIMOD:4	AC=MS:1001309;NT=Lys-C	AC=MS:1001251;NT=Trypsin	AC=MS:1002038;NT=label free sample	7 ppm	20 ppm	1
PXD004352-Sample-226	Homo sapiens	Blood	Blood	Monocytes Classical	not available	not available	not available	normal	20150817_QEp8_JaRi_SA_Sups_MOclassical_LPS_02_150823052820	adult	2	2	PXD004352	20150817_QEp8_JaRi_SA_Sups_MOclassical_LPS_02_150823052820.raw	Monocytes Classical_LPS-2-2	ftp://ftp.pride.ebi.ac.uk/pride/data/archive/2017/03/PXD004352/20150817_QEp8_JaRi_SA_Sups_MOclassical_LPS_02_150823052820.raw	1	2	NT=Q Exactive;AC=MS:1001911	"NT=Deamidated;MT=Variable;TA=N,Q;AC=UNIMOD:7"	NT=Acetyl; MT=Variable; PP=Protein N-term; AC=UNIMOD:1	AC=UNIMOD:35;NT=Oxidation;MT=Variable;TA=M	NT=Carbamidomethyl;TA=C;MT=fixed;AC=UNIMOD:4	AC=MS:1001309;NT=Lys-C	AC=MS:1001251;NT=Trypsin	AC=MS:1002038;NT=label free sample	7 ppm	20 ppm	1
PXD004352-Sample-227	Homo sapiens	Blood	Blood	Monocytes Classical	not available	not available	not available	normal	20150817_QEp8_JaRi_SA_Sups_MOclassical_LPS_03	adult	3	3	PXD004352	20150817_QEp8_JaRi_SA_Sups_MOclassical_LPS_03.raw	Monocytes Classical_LPS-3-1	ftp://ftp.pride.ebi.ac.uk/pride/data/archive/2017/03/PXD004352/20150817_QEp8_JaRi_SA_Sups_MOclassical_LPS_03.raw	1	1	NT=Q Exactive;AC=MS:1001911	"NT=Deamidated;MT=Variable;TA=N,Q;AC=UNIMOD:7"	NT=Acetyl; MT=Variable; PP=Protein N-term; AC=UNIMOD:1	AC=UNIMOD:35;NT=Oxidation;MT=Variable;TA=M	NT=Carbamidomethyl;TA=C;MT=fixed;AC=UNIMOD:4	AC=MS:1001309;NT=Lys-C	AC=MS:1001251;NT=Trypsin	AC=MS:1002038;NT=label free sample	7 ppm	20 ppm	1
PXD004352-Sample-228	Homo sapiens	Blood	Blood	Monocytes Classical	not available	not available	not available	normal	20150817_QEp8_JaRi_SA_Sups_MOclassical_LPS_03_150823080036	adult	3	3	PXD004352	20150817_QEp8_JaRi_SA_Sups_MOclassical_LPS_03_150823080036.raw	Monocytes Classical_LPS-3-2	ftp://ftp.pride.ebi.ac.uk/pride/data/archive/2017/03/PXD004352/20150817_QEp8_JaRi_SA_Sups_MOclassical_LPS_03_150823080036.raw	1	2	NT=Q Exactive;AC=MS:1001911	"NT=Deamidated;MT=Variable;TA=N,Q;AC=UNIMOD:7"	NT=Acetyl; MT=Variable; PP=Protein N-term; AC=UNIMOD:1	AC=UNIMOD:35;NT=Oxidation;MT=Variable;TA=M	NT=Carbamidomethyl;TA=C;MT=fixed;AC=UNIMOD:4	AC=MS:1001309;NT=Lys-C	AC=MS:1001251;NT=Trypsin	AC=MS:1002038;NT=label free sample	7 ppm	20 ppm	1
PXD004352-Sample-229	Homo sapiens	Blood	Blood	Monocytes Classical	not available	not available	not available	normal	20150817_QEp8_JaRi_SA_Sups_MOclassical_LPS_04	adult	4	4	PXD004352	20150817_QEp8_JaRi_SA_Sups_MOclassical_LPS_04.raw	Monocytes Classical_LPS-4-1	ftp://ftp.pride.ebi.ac.uk/pride/data/archive/2017/03/PXD004352/20150817_QEp8_JaRi_SA_Sups_MOclassical_LPS_04.raw	1	1	NT=Q Exactive;AC=MS:1001911	"NT=Deamidated;MT=Variable;TA=N,Q;AC=UNIMOD:7"	NT=Acetyl; MT=Variable; PP=Protein N-term; AC=UNIMOD:1	AC=UNIMOD:35;NT=Oxidation;MT=Variable;TA=M	NT=Carbamidomethyl;TA=C;MT=fixed;AC=UNIMOD:4	AC=MS:1001309;NT=Lys-C	AC=MS:1001251;NT=Trypsin	AC=MS:1002038;NT=label free sample	7 ppm	20 ppm	1
PXD004352-Sample-230	Homo sapiens	Blood	Blood	Monocytes Classical	not available	not available	not available	normal	20150817_QEp8_JaRi_SA_Sups_MOclassical_LPS_04_150823103256	adult	4	4	PXD004352	20150817_QEp8_JaRi_SA_Sups_MOclassical_LPS_04_150823103256.raw	Monocytes Classical_LPS-4-2	ftp://ftp.pride.ebi.ac.uk/pride/data/archive/2017/03/PXD004352/20150817_QEp8_JaRi_SA_Sups_MOclassical_LPS_04_150823103256.raw	1	2	NT=Q Exactive;AC=MS:1001911	"NT=Deamidated;MT=Variable;TA=N,Q;AC=UNIMOD:7"	NT=Acetyl; MT=Variable; PP=Protein N-term; AC=UNIMOD:1	AC=UNIMOD:35;NT=Oxidation;MT=Variable;TA=M	NT=Carbamidomethyl;TA=C;MT=fixed;AC=UNIMOD:4	AC=MS:1001309;NT=Lys-C	AC=MS:1001251;NT=Trypsin	AC=MS:1002038;NT=label free sample	7 ppm	20 ppm	1
PXD004352-Sample-231	Homo sapiens	Blood	Blood	Monocytes Classical	not available	not available	not available	normal	20150817_QEp8_JaRi_SA_Sups_MOclassical_LPS_05	adult	5	5	PXD004352	20150817_QEp8_JaRi_SA_Sups_MOclassical_LPS_05.raw	Monocytes Classical_LPS-5-1	ftp://ftp.pride.ebi.ac.uk/pride/data/archive/2017/03/PXD004352/20150817_QEp8_JaRi_SA_Sups_MOclassical_LPS_05.raw	1	1	NT=Q Exactive;AC=MS:1001911	"NT=Deamidated;MT=Variable;TA=N,Q;AC=UNIMOD:7"	NT=Acetyl; MT=Variable; PP=Protein N-term; AC=UNIMOD:1	AC=UNIMOD:35;NT=Oxidation;MT=Variable;TA=M	NT=Carbamidomethyl;TA=C;MT=fixed;AC=UNIMOD:4	AC=MS:1001309;NT=Lys-C	AC=MS:1001251;NT=Trypsin	AC=MS:1002038;NT=label free sample	7 ppm	20 ppm	1
PXD004352-Sample-232	Homo sapiens	Blood	Blood	Monocytes Classical	not available	not available	not available	normal	20150817_QEp8_JaRi_SA_Sups_MOclassical_LPS_05_150823130511	adult	5	5	PXD004352	20150817_QEp8_JaRi_SA_Sups_MOclassical_LPS_05_150823130511.raw	Monocytes Classical_LPS-5-2	ftp://ftp.pride.ebi.ac.uk/pride/data/archive/2017/03/PXD004352/20150817_QEp8_JaRi_SA_Sups_MOclassical_LPS_05_150823130511.raw	1	2	NT=Q Exactive;AC=MS:1001911	"NT=Deamidated;MT=Variable;TA=N,Q;AC=UNIMOD:7"	NT=Acetyl; MT=Variable; PP=Protein N-term; AC=UNIMOD:1	AC=UNIMOD:35;NT=Oxidation;MT=Variable;TA=M	NT=Carbamidomethyl;TA=C;MT=fixed;AC=UNIMOD:4	AC=MS:1001309;NT=Lys-C	AC=MS:1001251;NT=Trypsin	AC=MS:1002038;NT=label free sample	7 ppm	20 ppm	1
PXD004352-Sample-233	Homo sapiens	Blood	Blood	Monocytes Classical	not available	not available	not available	normal	20150817_QEp8_JaRi_SA_Sups_MOclassical_LTA_01	adult	1	1	PXD004352	20150817_QEp8_JaRi_SA_Sups_MOclassical_LTA_01.raw	Monocytes Classical_LTA-1	ftp://ftp.pride.ebi.ac.uk/pride/data/archive/2017/03/PXD004352/20150817_QEp8_JaRi_SA_Sups_MOclassical_LTA_01.raw	1	1	NT=Q Exactive;AC=MS:1001911	"NT=Deamidated;MT=Variable;TA=N,Q;AC=UNIMOD:7"	NT=Acetyl; MT=Variable; PP=Protein N-term; AC=UNIMOD:1	AC=UNIMOD:35;NT=Oxidation;MT=Variable;TA=M	NT=Carbamidomethyl;TA=C;MT=fixed;AC=UNIMOD:4	AC=MS:1001309;NT=Lys-C	AC=MS:1001251;NT=Trypsin	AC=MS:1002038;NT=label free sample	7 ppm	20 ppm	1
PXD004352-Sample-234	Homo sapiens	Blood	Blood	Monocytes Classical	not available	not available	not available	normal	20150817_QEp8_JaRi_SA_Sups_MOclassical_LTA_02	adult	2	2	PXD004352	20150817_QEp8_JaRi_SA_Sups_MOclassical_LTA_02.raw	Monocytes Classical_LTA-2	ftp://ftp.pride.ebi.ac.uk/pride/data/archive/2017/03/PXD004352/20150817_QEp8_JaRi_SA_Sups_MOclassical_LTA_02.raw	1	1	NT=Q Exactive;AC=MS:1001911	"NT=Deamidated;MT=Variable;TA=N,Q;AC=UNIMOD:7"	NT=Acetyl; MT=Variable; PP=Protein N-term; AC=UNIMOD:1	AC=UNIMOD:35;NT=Oxidation;MT=Variable;TA=M	NT=Carbamidomethyl;TA=C;MT=fixed;AC=UNIMOD:4	AC=MS:1001309;NT=Lys-C	AC=MS:1001251;NT=Trypsin	AC=MS:1002038;NT=label free sample	7 ppm	20 ppm	1
PXD004352-Sample-235	Homo sapiens	Blood	Blood	Monocytes Classical	not available	not available	not available	normal	20150817_QEp8_JaRi_SA_Sups_MOclassical_LTA_03	adult	3	3	PXD004352	20150817_QEp8_JaRi_SA_Sups_MOclassical_LTA_03.raw	Monocytes Classical_LTA-3	ftp://ftp.pride.ebi.ac.uk/pride/data/archive/2017/03/PXD004352/20150817_QEp8_JaRi_SA_Sups_MOclassical_LTA_03.raw	1	1	NT=Q Exactive;AC=MS:1001911	"NT=Deamidated;MT=Variable;TA=N,Q;AC=UNIMOD:7"	NT=Acetyl; MT=Variable; PP=Protein N-term; AC=UNIMOD:1	AC=UNIMOD:35;NT=Oxidation;MT=Variable;TA=M	NT=Carbamidomethyl;TA=C;MT=fixed;AC=UNIMOD:4	AC=MS:1001309;NT=Lys-C	AC=MS:1001251;NT=Trypsin	AC=MS:1002038;NT=label free sample	7 ppm	20 ppm	1
PXD004352-Sample-236	Homo sapiens	Blood	Blood	Monocytes Classical	not available	not available	not available	normal	20150817_QEp8_JaRi_SA_Sups_MOclassical_LTA_04	adult	4	4	PXD004352	20150817_QEp8_JaRi_SA_Sups_MOclassical_LTA_04.raw	Monocytes Classical_LTA-4	ftp://ftp.pride.ebi.ac.uk/pride/data/archive/2017/03/PXD004352/20150817_QEp8_JaRi_SA_Sups_MOclassical_LTA_04.raw	1	1	NT=Q Exactive;AC=MS:1001911	"NT=Deamidated;MT=Variable;TA=N,Q;AC=UNIMOD:7"	NT=Acetyl; MT=Variable; PP=Protein N-term; AC=UNIMOD:1	AC=UNIMOD:35;NT=Oxidation;MT=Variable;TA=M	NT=Carbamidomethyl;TA=C;MT=fixed;AC=UNIMOD:4	AC=MS:1001309;NT=Lys-C	AC=MS:1001251;NT=Trypsin	AC=MS:1002038;NT=label free sample	7 ppm	20 ppm	1
PXD004352-Sample-237	Homo sapiens	Blood	Blood	Monocytes Classical	not available	not available	not available	normal	20150817_QEp8_JaRi_SA_Sups_MOclassical_LTA_05	adult	5	5	PXD004352	20150817_QEp8_JaRi_SA_Sups_MOclassical_LTA_05.raw	Monocytes Classical_LTA-5	ftp://ftp.pride.ebi.ac.uk/pride/data/archive/2017/03/PXD004352/20150817_QEp8_JaRi_SA_Sups_MOclassical_LTA_05.raw	1	1	NT=Q Exactive;AC=MS:1001911	"NT=Deamidated;MT=Variable;TA=N,Q;AC=UNIMOD:7"	NT=Acetyl; MT=Variable; PP=Protein N-term; AC=UNIMOD:1	AC=UNIMOD:35;NT=Oxidation;MT=Variable;TA=M	NT=Carbamidomethyl;TA=C;MT=fixed;AC=UNIMOD:4	AC=MS:1001309;NT=Lys-C	AC=MS:1001251;NT=Trypsin	AC=MS:1002038;NT=label free sample	7 ppm	20 ppm	1
PXD004352-Sample-238	Homo sapiens	Blood	Blood	Monocytes Classical	not available	not available	not available	normal	20150817_QEp8_JaRi_SA_Sups_MOclassical_PIC_01	adult	1	1	PXD004352	20150817_QEp8_JaRi_SA_Sups_MOclassical_PIC_01.raw	Monocytes Classical_PIC-1	ftp://ftp.pride.ebi.ac.uk/pride/data/archive/2017/03/PXD004352/20150817_QEp8_JaRi_SA_Sups_MOclassical_PIC_01.raw	1	1	NT=Q Exactive;AC=MS:1001911	"NT=Deamidated;MT=Variable;TA=N,Q;AC=UNIMOD:7"	NT=Acetyl; MT=Variable; PP=Protein N-term; AC=UNIMOD:1	AC=UNIMOD:35;NT=Oxidation;MT=Variable;TA=M	NT=Carbamidomethyl;TA=C;MT=fixed;AC=UNIMOD:4	AC=MS:1001309;NT=Lys-C	AC=MS:1001251;NT=Trypsin	AC=MS:1002038;NT=label free sample	7 ppm	20 ppm	1
PXD004352-Sample-239	Homo sapiens	Blood	Blood	Monocytes Classical	not available	not available	not available	normal	20150817_QEp8_JaRi_SA_Sups_MOclassical_PIC_02	adult	2	2	PXD004352	20150817_QEp8_JaRi_SA_Sups_MOclassical_PIC_02.raw	Monocytes Classical_PIC-2	ftp://ftp.pride.ebi.ac.uk/pride/data/archive/2017/03/PXD004352/20150817_QEp8_JaRi_SA_Sups_MOclassical_PIC_02.raw	1	1	NT=Q Exactive;AC=MS:1001911	"NT=Deamidated;MT=Variable;TA=N,Q;AC=UNIMOD:7"	NT=Acetyl; MT=Variable; PP=Protein N-term; AC=UNIMOD:1	AC=UNIMOD:35;NT=Oxidation;MT=Variable;TA=M	NT=Carbamidomethyl;TA=C;MT=fixed;AC=UNIMOD:4	AC=MS:1001309;NT=Lys-C	AC=MS:1001251;NT=Trypsin	AC=MS:1002038;NT=label free sample	7 ppm	20 ppm	1
PXD004352-Sample-240	Homo sapiens	Blood	Blood	Monocytes Classical	not available	not available	not available	normal	20150817_QEp8_JaRi_SA_Sups_MOclassical_PIC_03	adult	3	3	PXD004352	20150817_QEp8_JaRi_SA_Sups_MOclassical_PIC_03.raw	Monocytes Classical_PIC-3	ftp://ftp.pride.ebi.ac.uk/pride/data/archive/2017/03/PXD004352/20150817_QEp8_JaRi_SA_Sups_MOclassical_PIC_03.raw	1	1	NT=Q Exactive;AC=MS:1001911	"NT=Deamidated;MT=Variable;TA=N,Q;AC=UNIMOD:7"	NT=Acetyl; MT=Variable; PP=Protein N-term; AC=UNIMOD:1	AC=UNIMOD:35;NT=Oxidation;MT=Variable;TA=M	NT=Carbamidomethyl;TA=C;MT=fixed;AC=UNIMOD:4	AC=MS:1001309;NT=Lys-C	AC=MS:1001251;NT=Trypsin	AC=MS:1002038;NT=label free sample	7 ppm	20 ppm	1
PXD004352-Sample-241	Homo sapiens	Blood	Blood	Monocytes Classical	not available	not available	not available	normal	20150817_QEp8_JaRi_SA_Sups_MOclassical_PIC_04	adult	4	4	PXD004352	20150817_QEp8_JaRi_SA_Sups_MOclassical_PIC_04.raw	Monocytes Classical_PIC-4-1	ftp://ftp.pride.ebi.ac.uk/pride/data/archive/2017/03/PXD004352/20150817_QEp8_JaRi_SA_Sups_MOclassical_PIC_04.raw	1	1	NT=Q Exactive;AC=MS:1001911	"NT=Deamidated;MT=Variable;TA=N,Q;AC=UNIMOD:7"	NT=Acetyl; MT=Variable; PP=Protein N-term; AC=UNIMOD:1	AC=UNIMOD:35;NT=Oxidation;MT=Variable;TA=M	NT=Carbamidomethyl;TA=C;MT=fixed;AC=UNIMOD:4	AC=MS:1001309;NT=Lys-C	AC=MS:1001251;NT=Trypsin	AC=MS:1002038;NT=label free sample	7 ppm	20 ppm	1
PXD004352-Sample-242	Homo sapiens	Blood	Blood	Monocytes Classical	not available	not available	not available	normal	20150817_QEp8_JaRi_SA_Sups_MOclassical_PIC_04_150824192822	adult	4	4	PXD004352	20150817_QEp8_JaRi_SA_Sups_MOclassical_PIC_04_150824192822.raw	Monocytes Classical_PIC-4-1	ftp://ftp.pride.ebi.ac.uk/pride/data/archive/2017/03/PXD004352/20150817_QEp8_JaRi_SA_Sups_MOclassical_PIC_04_150824192822.raw	1	2	NT=Q Exactive;AC=MS:1001911	"NT=Deamidated;MT=Variable;TA=N,Q;AC=UNIMOD:7"	NT=Acetyl; MT=Variable; PP=Protein N-term; AC=UNIMOD:1	AC=UNIMOD:35;NT=Oxidation;MT=Variable;TA=M	NT=Carbamidomethyl;TA=C;MT=fixed;AC=UNIMOD:4	AC=MS:1001309;NT=Lys-C	AC=MS:1001251;NT=Trypsin	AC=MS:1002038;NT=label free sample	7 ppm	20 ppm	1
PXD004352-Sample-243	Homo sapiens	Blood	Blood	Monocytes Classical	not available	not available	not available	normal	20150817_QEp8_JaRi_SA_Sups_MOclassical_PIC_05	adult	5	5	PXD004352	20150817_QEp8_JaRi_SA_Sups_MOclassical_PIC_05.raw	Monocytes Classical_PIC-5-1	ftp://ftp.pride.ebi.ac.uk/pride/data/archive/2017/03/PXD004352/20150817_QEp8_JaRi_SA_Sups_MOclassical_PIC_05.raw	1	1	NT=Q Exactive;AC=MS:1001911	"NT=Deamidated;MT=Variable;TA=N,Q;AC=UNIMOD:7"	NT=Acetyl; MT=Variable; PP=Protein N-term; AC=UNIMOD:1	AC=UNIMOD:35;NT=Oxidation;MT=Variable;TA=M	NT=Carbamidomethyl;TA=C;MT=fixed;AC=UNIMOD:4	AC=MS:1001309;NT=Lys-C	AC=MS:1001251;NT=Trypsin	AC=MS:1002038;NT=label free sample	7 ppm	20 ppm	1
PXD004352-Sample-244	Homo sapiens	Blood	Blood	Monocytes Classical	not available	not available	not available	normal	20150817_QEp8_JaRi_SA_Sups_MOclassical_PIC_05_150824220006	adult	5	5	PXD004352	20150817_QEp8_JaRi_SA_Sups_MOclassical_PIC_05_150824220006.raw	Monocytes Classical_PIC-5-2	ftp://ftp.pride.ebi.ac.uk/pride/data/archive/2017/03/PXD004352/20150817_QEp8_JaRi_SA_Sups_MOclassical_PIC_05_150824220006.raw	1	2	NT=Q Exactive;AC=MS:1001911	"NT=Deamidated;MT=Variable;TA=N,Q;AC=UNIMOD:7"	NT=Acetyl; MT=Variable; PP=Protein N-term; AC=UNIMOD:1	AC=UNIMOD:35;NT=Oxidation;MT=Variable;TA=M	NT=Carbamidomethyl;TA=C;MT=fixed;AC=UNIMOD:4	AC=MS:1001309;NT=Lys-C	AC=MS:1001251;NT=Trypsin	AC=MS:1002038;NT=label free sample	7 ppm	20 ppm	1
PXD004352-Sample-245	Homo sapiens	Blood	Blood	Monocytes Classical	not available	not available	not available	normal	20150817_QEp8_JaRi_SA_Sups_MOclassical_PIC_06	adult	6	6	PXD004352	20150817_QEp8_JaRi_SA_Sups_MOclassical_PIC_06.raw	Monocytes Classical_PIC-6	ftp://ftp.pride.ebi.ac.uk/pride/data/archive/2017/03/PXD004352/20150817_QEp8_JaRi_SA_Sups_MOclassical_PIC_06.raw	1	1	NT=Q Exactive;AC=MS:1001911	"NT=Deamidated;MT=Variable;TA=N,Q;AC=UNIMOD:7"	NT=Acetyl; MT=Variable; PP=Protein N-term; AC=UNIMOD:1	AC=UNIMOD:35;NT=Oxidation;MT=Variable;TA=M	NT=Carbamidomethyl;TA=C;MT=fixed;AC=UNIMOD:4	AC=MS:1001309;NT=Lys-C	AC=MS:1001251;NT=Trypsin	AC=MS:1002038;NT=label free sample	7 ppm	20 ppm	1
PXD004352-Sample-246	Homo sapiens	Blood	Blood	Monocytes Classical	not available	not available	not available	normal	20150817_QEp8_JaRi_SA_Sups_MOclassical_PIC_07	adult	7	7	PXD004352	20150817_QEp8_JaRi_SA_Sups_MOclassical_PIC_07.raw	Monocytes Classical_PIC-7	ftp://ftp.pride.ebi.ac.uk/pride/data/archive/2017/03/PXD004352/20150817_QEp8_JaRi_SA_Sups_MOclassical_PIC_07.raw	1	1	NT=Q Exactive;AC=MS:1001911	"NT=Deamidated;MT=Variable;TA=N,Q;AC=UNIMOD:7"	NT=Acetyl; MT=Variable; PP=Protein N-term; AC=UNIMOD:1	AC=UNIMOD:35;NT=Oxidation;MT=Variable;TA=M	NT=Carbamidomethyl;TA=C;MT=fixed;AC=UNIMOD:4	AC=MS:1001309;NT=Lys-C	AC=MS:1001251;NT=Trypsin	AC=MS:1002038;NT=label free sample	7 ppm	20 ppm	1
PXD004352-Sample-247	Homo sapiens	Blood	Blood	Monocytes Classical	not available	not available	not available	normal	20150817_QEp8_JaRi_SA_Sups_MOclassical_R848_01	adult	1	1	PXD004352	20150817_QEp8_JaRi_SA_Sups_MOclassical_R848_01.raw	Monocytes Classical_R848-1	ftp://ftp.pride.ebi.ac.uk/pride/data/archive/2017/03/PXD004352/20150817_QEp8_JaRi_SA_Sups_MOclassical_R848_01.raw	1	1	NT=Q Exactive;AC=MS:1001911	"NT=Deamidated;MT=Variable;TA=N,Q;AC=UNIMOD:7"	NT=Acetyl; MT=Variable; PP=Protein N-term; AC=UNIMOD:1	AC=UNIMOD:35;NT=Oxidation;MT=Variable;TA=M	NT=Carbamidomethyl;TA=C;MT=fixed;AC=UNIMOD:4	AC=MS:1001309;NT=Lys-C	AC=MS:1001251;NT=Trypsin	AC=MS:1002038;NT=label free sample	7 ppm	20 ppm	1
PXD004352-Sample-248	Homo sapiens	Blood	Blood	Monocytes Classical	not available	not available	not available	normal	20150817_QEp8_JaRi_SA_Sups_MOclassical_R848_02	adult	2	2	PXD004352	20150817_QEp8_JaRi_SA_Sups_MOclassical_R848_02.raw	Monocytes Classical_R848-2	ftp://ftp.pride.ebi.ac.uk/pride/data/archive/2017/03/PXD004352/20150817_QEp8_JaRi_SA_Sups_MOclassical_R848_02.raw	1	1	NT=Q Exactive;AC=MS:1001911	"NT=Deamidated;MT=Variable;TA=N,Q;AC=UNIMOD:7"	NT=Acetyl; MT=Variable; PP=Protein N-term; AC=UNIMOD:1	AC=UNIMOD:35;NT=Oxidation;MT=Variable;TA=M	NT=Carbamidomethyl;TA=C;MT=fixed;AC=UNIMOD:4	AC=MS:1001309;NT=Lys-C	AC=MS:1001251;NT=Trypsin	AC=MS:1002038;NT=label free sample	7 ppm	20 ppm	1
PXD004352-Sample-249	Homo sapiens	Blood	Blood	Monocytes Classical	not available	not available	not available	normal	20150817_QEp8_JaRi_SA_Sups_MOclassical_R848_03	adult	3	3	PXD004352	20150817_QEp8_JaRi_SA_Sups_MOclassical_R848_03.raw	Monocytes Classical_R848-3	ftp://ftp.pride.ebi.ac.uk/pride/data/archive/2017/03/PXD004352/20150817_QEp8_JaRi_SA_Sups_MOclassical_R848_03.raw	1	1	NT=Q Exactive;AC=MS:1001911	"NT=Deamidated;MT=Variable;TA=N,Q;AC=UNIMOD:7"	NT=Acetyl; MT=Variable; PP=Protein N-term; AC=UNIMOD:1	AC=UNIMOD:35;NT=Oxidation;MT=Variable;TA=M	NT=Carbamidomethyl;TA=C;MT=fixed;AC=UNIMOD:4	AC=MS:1001309;NT=Lys-C	AC=MS:1001251;NT=Trypsin	AC=MS:1002038;NT=label free sample	7 ppm	20 ppm	1
PXD004352-Sample-250	Homo sapiens	Blood	Blood	Monocytes Classical	not available	not available	not available	normal	20150817_QEp8_JaRi_SA_Sups_MOclassical_R848_04	adult	4	4	PXD004352	20150817_QEp8_JaRi_SA_Sups_MOclassical_R848_04.raw	Monocytes Classical_R848-4	ftp://ftp.pride.ebi.ac.uk/pride/data/archive/2017/03/PXD004352/20150817_QEp8_JaRi_SA_Sups_MOclassical_R848_04.raw	1	1	NT=Q Exactive;AC=MS:1001911	"NT=Deamidated;MT=Variable;TA=N,Q;AC=UNIMOD:7"	NT=Acetyl; MT=Variable; PP=Protein N-term; AC=UNIMOD:1	AC=UNIMOD:35;NT=Oxidation;MT=Variable;TA=M	NT=Carbamidomethyl;TA=C;MT=fixed;AC=UNIMOD:4	AC=MS:1001309;NT=Lys-C	AC=MS:1001251;NT=Trypsin	AC=MS:1002038;NT=label free sample	7 ppm	20 ppm	1
PXD004352-Sample-251	Homo sapiens	Blood	Blood	Monocytes Classical	not available	not available	not available	normal	20150817_QEp8_JaRi_SA_Sups_MOclassical_R848_05	adult	5	5	PXD004352	20150817_QEp8_JaRi_SA_Sups_MOclassical_R848_05.raw	Monocytes Classical_R848-5	ftp://ftp.pride.ebi.ac.uk/pride/data/archive/2017/03/PXD004352/20150817_QEp8_JaRi_SA_Sups_MOclassical_R848_05.raw	1	1	NT=Q Exactive;AC=MS:1001911	"NT=Deamidated;MT=Variable;TA=N,Q;AC=UNIMOD:7"	NT=Acetyl; MT=Variable; PP=Protein N-term; AC=UNIMOD:1	AC=UNIMOD:35;NT=Oxidation;MT=Variable;TA=M	NT=Carbamidomethyl;TA=C;MT=fixed;AC=UNIMOD:4	AC=MS:1001309;NT=Lys-C	AC=MS:1001251;NT=Trypsin	AC=MS:1002038;NT=label free sample	7 ppm	20 ppm	1
PXD004352-Sample-252	Homo sapiens	Blood	Blood	Monocytes Classical	not available	not available	not available	normal	MO.classical_01 (steady-state)	adult	1	1	PXD004352	MO.classical_01 (steady-state).raw	Monocytes Classical_Steady state-1	ftp://ftp.pride.ebi.ac.uk/pride/data/archive/2017/03/PXD004352/MO.classical_01 (steady-state).raw	1	1	NT=Q Exactive;AC=MS:1001911	"NT=Deamidated;MT=Variable;TA=N,Q;AC=UNIMOD:7"	NT=Acetyl; MT=Variable; PP=Protein N-term; AC=UNIMOD:1	AC=UNIMOD:35;NT=Oxidation;MT=Variable;TA=M	NT=Carbamidomethyl;TA=C;MT=fixed;AC=UNIMOD:4	AC=MS:1001309;NT=Lys-C	AC=MS:1001251;NT=Trypsin	AC=MS:1002038;NT=label free sample	7 ppm	20 ppm	1
PXD004352-Sample-253	Homo sapiens	Blood	Blood	Monocytes Classical	not available	not available	not available	normal	MO.classical_02 (steady-state)	adult	2	2	PXD004352	MO.classical_02 (steady-state).raw	Monocytes Classical_Steady state-2	ftp://ftp.pride.ebi.ac.uk/pride/data/archive/2017/03/PXD004352/MO.classical_02 (steady-state).raw	1	1	NT=Q Exactive;AC=MS:1001911	"NT=Deamidated;MT=Variable;TA=N,Q;AC=UNIMOD:7"	NT=Acetyl; MT=Variable; PP=Protein N-term; AC=UNIMOD:1	AC=UNIMOD:35;NT=Oxidation;MT=Variable;TA=M	NT=Carbamidomethyl;TA=C;MT=fixed;AC=UNIMOD:4	AC=MS:1001309;NT=Lys-C	AC=MS:1001251;NT=Trypsin	AC=MS:1002038;NT=label free sample	7 ppm	20 ppm	1
PXD004352-Sample-254	Homo sapiens	Blood	Blood	Monocytes Classical	not available	not available	not available	normal	MO.classical_03 (steady-state)	adult	3	3	PXD004352	MO.classical_03 (steady-state).raw	Monocytes Classical_Steady state-3	ftp://ftp.pride.ebi.ac.uk/pride/data/archive/2017/03/PXD004352/MO.classical_03 (steady-state).raw	1	1	NT=Q Exactive;AC=MS:1001911	"NT=Deamidated;MT=Variable;TA=N,Q;AC=UNIMOD:7"	NT=Acetyl; MT=Variable; PP=Protein N-term; AC=UNIMOD:1	AC=UNIMOD:35;NT=Oxidation;MT=Variable;TA=M	NT=Carbamidomethyl;TA=C;MT=fixed;AC=UNIMOD:4	AC=MS:1001309;NT=Lys-C	AC=MS:1001251;NT=Trypsin	AC=MS:1002038;NT=label free sample	7 ppm	20 ppm	1
PXD004352-Sample-255	Homo sapiens	Blood	Blood	Monocytes Classical	not available	not available	not available	normal	MO.classical_04 (steady-state)	adult	4	4	PXD004352	MO.classical_04 (steady-state).raw	Monocytes Classical_Steady state-4	ftp://ftp.pride.ebi.ac.uk/pride/data/archive/2017/03/PXD004352/MO.classical_04 (steady-state).raw	1	1	NT=Q Exactive;AC=MS:1001911	"NT=Deamidated;MT=Variable;TA=N,Q;AC=UNIMOD:7"	NT=Acetyl; MT=Variable; PP=Protein N-term; AC=UNIMOD:1	AC=UNIMOD:35;NT=Oxidation;MT=Variable;TA=M	NT=Carbamidomethyl;TA=C;MT=fixed;AC=UNIMOD:4	AC=MS:1001309;NT=Lys-C	AC=MS:1001251;NT=Trypsin	AC=MS:1002038;NT=label free sample	7 ppm	20 ppm	1
PXD004352-Sample-256	Homo sapiens	Blood	Blood	Monocytes Classical	not available	not available	not available	normal	20150817_QEp8_JaRi_SA_Sups_MOclassical_ZYM_01	adult	1	1	PXD004352	20150817_QEp8_JaRi_SA_Sups_MOclassical_ZYM_01.raw	Monocytes Classical_ZYM-1	ftp://ftp.pride.ebi.ac.uk/pride/data/archive/2017/03/PXD004352/20150817_QEp8_JaRi_SA_Sups_MOclassical_ZYM_01.raw	1	1	NT=Q Exactive;AC=MS:1001911	"NT=Deamidated;MT=Variable;TA=N,Q;AC=UNIMOD:7"	NT=Acetyl; MT=Variable; PP=Protein N-term; AC=UNIMOD:1	AC=UNIMOD:35;NT=Oxidation;MT=Variable;TA=M	NT=Carbamidomethyl;TA=C;MT=fixed;AC=UNIMOD:4	AC=MS:1001309;NT=Lys-C	AC=MS:1001251;NT=Trypsin	AC=MS:1002038;NT=label free sample	7 ppm	20 ppm	1
PXD004352-Sample-257	Homo sapiens	Blood	Blood	Monocytes Classical	not available	not available	not available	normal	20150817_QEp8_JaRi_SA_Sups_MOclassical_ZYM_02	adult	2	2	PXD004352	20150817_QEp8_JaRi_SA_Sups_MOclassical_ZYM_02.raw	Monocytes Classical_ZYM-2	ftp://ftp.pride.ebi.ac.uk/pride/data/archive/2017/03/PXD004352/20150817_QEp8_JaRi_SA_Sups_MOclassical_ZYM_02.raw	1	1	NT=Q Exactive;AC=MS:1001911	"NT=Deamidated;MT=Variable;TA=N,Q;AC=UNIMOD:7"	NT=Acetyl; MT=Variable; PP=Protein N-term; AC=UNIMOD:1	AC=UNIMOD:35;NT=Oxidation;MT=Variable;TA=M	NT=Carbamidomethyl;TA=C;MT=fixed;AC=UNIMOD:4	AC=MS:1001309;NT=Lys-C	AC=MS:1001251;NT=Trypsin	AC=MS:1002038;NT=label free sample	7 ppm	20 ppm	1
PXD004352-Sample-258	Homo sapiens	Blood	Blood	Monocytes Classical	not available	not available	not available	normal	20150817_QEp8_JaRi_SA_Sups_MOclassical_ZYM_03	adult	3	3	PXD004352	20150817_QEp8_JaRi_SA_Sups_MOclassical_ZYM_03.raw	Monocytes Classical_ZYM-3	ftp://ftp.pride.ebi.ac.uk/pride/data/archive/2017/03/PXD004352/20150817_QEp8_JaRi_SA_Sups_MOclassical_ZYM_03.raw	1	1	NT=Q Exactive;AC=MS:1001911	"NT=Deamidated;MT=Variable;TA=N,Q;AC=UNIMOD:7"	NT=Acetyl; MT=Variable; PP=Protein N-term; AC=UNIMOD:1	AC=UNIMOD:35;NT=Oxidation;MT=Variable;TA=M	NT=Carbamidomethyl;TA=C;MT=fixed;AC=UNIMOD:4	AC=MS:1001309;NT=Lys-C	AC=MS:1001251;NT=Trypsin	AC=MS:1002038;NT=label free sample	7 ppm	20 ppm	1
PXD004352-Sample-259	Homo sapiens	Blood	Blood	Monocytes Classical	not available	not available	not available	normal	20150817_QEp8_JaRi_SA_Sups_MOclassical_ZYM_04	adult	4	4	PXD004352	20150817_QEp8_JaRi_SA_Sups_MOclassical_ZYM_04.raw	Monocytes Classical_ZYM-4	ftp://ftp.pride.ebi.ac.uk/pride/data/archive/2017/03/PXD004352/20150817_QEp8_JaRi_SA_Sups_MOclassical_ZYM_04.raw	1	1	NT=Q Exactive;AC=MS:1001911	"NT=Deamidated;MT=Variable;TA=N,Q;AC=UNIMOD:7"	NT=Acetyl; MT=Variable; PP=Protein N-term; AC=UNIMOD:1	AC=UNIMOD:35;NT=Oxidation;MT=Variable;TA=M	NT=Carbamidomethyl;TA=C;MT=fixed;AC=UNIMOD:4	AC=MS:1001309;NT=Lys-C	AC=MS:1001251;NT=Trypsin	AC=MS:1002038;NT=label free sample	7 ppm	20 ppm	1
PXD004352-Sample-260	Homo sapiens	Blood	Blood	Monocytes Classical	not available	not available	not available	normal	20150817_QEp8_JaRi_SA_Sups_MOclassical_ZYM_05	adult	5	5	PXD004352	20150817_QEp8_JaRi_SA_Sups_MOclassical_ZYM_05.raw	Monocytes Classical_ZYM-5	ftp://ftp.pride.ebi.ac.uk/pride/data/archive/2017/03/PXD004352/20150817_QEp8_JaRi_SA_Sups_MOclassical_ZYM_05.raw	1	1	NT=Q Exactive;AC=MS:1001911	"NT=Deamidated;MT=Variable;TA=N,Q;AC=UNIMOD:7"	NT=Acetyl; MT=Variable; PP=Protein N-term; AC=UNIMOD:1	AC=UNIMOD:35;NT=Oxidation;MT=Variable;TA=M	NT=Carbamidomethyl;TA=C;MT=fixed;AC=UNIMOD:4	AC=MS:1001309;NT=Lys-C	AC=MS:1001251;NT=Trypsin	AC=MS:1002038;NT=label free sample	7 ppm	20 ppm	1
PXD004352-Sample-261	Homo sapiens	Blood	Blood	Monocytes Intermediate	not available	not available	not available	normal	20150817_QEp8_JaRi_SA_Sups_MOintermediate_CTR_01	adult	1	1	PXD004352	20150817_QEp8_JaRi_SA_Sups_MOintermediate_CTR_01.raw	Monocytes Intermediate_CTR-1	ftp://ftp.pride.ebi.ac.uk/pride/data/archive/2017/03/PXD004352/20150817_QEp8_JaRi_SA_Sups_MOintermediate_CTR_01.raw	1	1	NT=Q Exactive;AC=MS:1001911	"NT=Deamidated;MT=Variable;TA=N,Q;AC=UNIMOD:7"	NT=Acetyl; MT=Variable; PP=Protein N-term; AC=UNIMOD:1	AC=UNIMOD:35;NT=Oxidation;MT=Variable;TA=M	NT=Carbamidomethyl;TA=C;MT=fixed;AC=UNIMOD:4	AC=MS:1001309;NT=Lys-C	AC=MS:1001251;NT=Trypsin	AC=MS:1002038;NT=label free sample	7 ppm	20 ppm	1
PXD004352-Sample-262	Homo sapiens	Blood	Blood	Monocytes Intermediate	not available	not available	not available	normal	20150817_QEp8_JaRi_SA_Sups_MOnoneclassical_CTR_01	adult	1	1	PXD004352	20150817_QEp8_JaRi_SA_Sups_MOnoneclassical_CTR_01.raw	Monocytes Intermediate_CTR-1-1	ftp://ftp.pride.ebi.ac.uk/pride/data/archive/2017/03/PXD004352/20150817_QEp8_JaRi_SA_Sups_MOnoneclassical_CTR_01.raw	1	1	NT=Q Exactive;AC=MS:1001911	"NT=Deamidated;MT=Variable;TA=N,Q;AC=UNIMOD:7"	NT=Acetyl; MT=Variable; PP=Protein N-term; AC=UNIMOD:1	AC=UNIMOD:35;NT=Oxidation;MT=Variable;TA=M	NT=Carbamidomethyl;TA=C;MT=fixed;AC=UNIMOD:4	AC=MS:1001309;NT=Lys-C	AC=MS:1001251;NT=Trypsin	AC=MS:1002038;NT=label free sample	7 ppm	20 ppm	1
PXD004352-Sample-263	Homo sapiens	Blood	Blood	Monocytes Intermediate	not available	not available	not available	normal	20150817_QEp8_JaRi_SA_Sups_MOintermediate_CTR_02	adult	2	2	PXD004352	20150817_QEp8_JaRi_SA_Sups_MOintermediate_CTR_02.raw	Monocytes Intermediate_CTR-2	ftp://ftp.pride.ebi.ac.uk/pride/data/archive/2017/03/PXD004352/20150817_QEp8_JaRi_SA_Sups_MOintermediate_CTR_02.raw	1	1	NT=Q Exactive;AC=MS:1001911	"NT=Deamidated;MT=Variable;TA=N,Q;AC=UNIMOD:7"	NT=Acetyl; MT=Variable; PP=Protein N-term; AC=UNIMOD:1	AC=UNIMOD:35;NT=Oxidation;MT=Variable;TA=M	NT=Carbamidomethyl;TA=C;MT=fixed;AC=UNIMOD:4	AC=MS:1001309;NT=Lys-C	AC=MS:1001251;NT=Trypsin	AC=MS:1002038;NT=label free sample	7 ppm	20 ppm	1
PXD004352-Sample-264	Homo sapiens	Blood	Blood	Monocytes Intermediate	not available	not available	not available	normal	20150817_QEp8_JaRi_SA_Sups_MOintermediate_CTR_03	adult	3	3	PXD004352	20150817_QEp8_JaRi_SA_Sups_MOintermediate_CTR_03.raw	Monocytes Intermediate_CTR-3	ftp://ftp.pride.ebi.ac.uk/pride/data/archive/2017/03/PXD004352/20150817_QEp8_JaRi_SA_Sups_MOintermediate_CTR_03.raw	1	1	NT=Q Exactive;AC=MS:1001911	"NT=Deamidated;MT=Variable;TA=N,Q;AC=UNIMOD:7"	NT=Acetyl; MT=Variable; PP=Protein N-term; AC=UNIMOD:1	AC=UNIMOD:35;NT=Oxidation;MT=Variable;TA=M	NT=Carbamidomethyl;TA=C;MT=fixed;AC=UNIMOD:4	AC=MS:1001309;NT=Lys-C	AC=MS:1001251;NT=Trypsin	AC=MS:1002038;NT=label free sample	7 ppm	20 ppm	1
PXD004352-Sample-265	Homo sapiens	Blood	Blood	Monocytes Intermediate	not available	not available	not available	normal	20150817_QEp8_JaRi_SA_Sups_MOintermediate_CTR_04	adult	4	4	PXD004352	20150817_QEp8_JaRi_SA_Sups_MOintermediate_CTR_04.raw	Monocytes Intermediate_CTR-4	ftp://ftp.pride.ebi.ac.uk/pride/data/archive/2017/03/PXD004352/20150817_QEp8_JaRi_SA_Sups_MOintermediate_CTR_04.raw	1	1	NT=Q Exactive;AC=MS:1001911	"NT=Deamidated;MT=Variable;TA=N,Q;AC=UNIMOD:7"	NT=Acetyl; MT=Variable; PP=Protein N-term; AC=UNIMOD:1	AC=UNIMOD:35;NT=Oxidation;MT=Variable;TA=M	NT=Carbamidomethyl;TA=C;MT=fixed;AC=UNIMOD:4	AC=MS:1001309;NT=Lys-C	AC=MS:1001251;NT=Trypsin	AC=MS:1002038;NT=label free sample	7 ppm	20 ppm	1
PXD004352-Sample-266	Homo sapiens	Blood	Blood	Monocytes Intermediate	not available	not available	not available	normal	20150817_QEp8_JaRi_SA_Sups_MOintermediate_CTR_05	adult	5	5	PXD004352	20150817_QEp8_JaRi_SA_Sups_MOintermediate_CTR_05.raw	Monocytes Intermediate_CTR-5	ftp://ftp.pride.ebi.ac.uk/pride/data/archive/2017/03/PXD004352/20150817_QEp8_JaRi_SA_Sups_MOintermediate_CTR_05.raw	1	1	NT=Q Exactive;AC=MS:1001911	"NT=Deamidated;MT=Variable;TA=N,Q;AC=UNIMOD:7"	NT=Acetyl; MT=Variable; PP=Protein N-term; AC=UNIMOD:1	AC=UNIMOD:35;NT=Oxidation;MT=Variable;TA=M	NT=Carbamidomethyl;TA=C;MT=fixed;AC=UNIMOD:4	AC=MS:1001309;NT=Lys-C	AC=MS:1001251;NT=Trypsin	AC=MS:1002038;NT=label free sample	7 ppm	20 ppm	1
PXD004352-Sample-267	Homo sapiens	Blood	Blood	Monocytes Intermediate	not available	not available	not available	normal	20150817_QEp8_JaRi_SA_Sups_MOintermediate_LPS_01	adult	1	1	PXD004352	20150817_QEp8_JaRi_SA_Sups_MOintermediate_LPS_01.raw	Monocytes Intermediate_LPS-1	ftp://ftp.pride.ebi.ac.uk/pride/data/archive/2017/03/PXD004352/20150817_QEp8_JaRi_SA_Sups_MOintermediate_LPS_01.raw	1	1	NT=Q Exactive;AC=MS:1001911	"NT=Deamidated;MT=Variable;TA=N,Q;AC=UNIMOD:7"	NT=Acetyl; MT=Variable; PP=Protein N-term; AC=UNIMOD:1	AC=UNIMOD:35;NT=Oxidation;MT=Variable;TA=M	NT=Carbamidomethyl;TA=C;MT=fixed;AC=UNIMOD:4	AC=MS:1001309;NT=Lys-C	AC=MS:1001251;NT=Trypsin	AC=MS:1002038;NT=label free sample	7 ppm	20 ppm	1
PXD004352-Sample-268	Homo sapiens	Blood	Blood	Monocytes Intermediate	not available	not available	not available	normal	20150817_QEp8_JaRi_SA_Sups_MOintermediate_LPS_02	adult	2	2	PXD004352	20150817_QEp8_JaRi_SA_Sups_MOintermediate_LPS_02.raw	Monocytes Intermediate_LPS-2	ftp://ftp.pride.ebi.ac.uk/pride/data/archive/2017/03/PXD004352/20150817_QEp8_JaRi_SA_Sups_MOintermediate_LPS_02.raw	1	1	NT=Q Exactive;AC=MS:1001911	"NT=Deamidated;MT=Variable;TA=N,Q;AC=UNIMOD:7"	NT=Acetyl; MT=Variable; PP=Protein N-term; AC=UNIMOD:1	AC=UNIMOD:35;NT=Oxidation;MT=Variable;TA=M	NT=Carbamidomethyl;TA=C;MT=fixed;AC=UNIMOD:4	AC=MS:1001309;NT=Lys-C	AC=MS:1001251;NT=Trypsin	AC=MS:1002038;NT=label free sample	7 ppm	20 ppm	1
PXD004352-Sample-269	Homo sapiens	Blood	Blood	Monocytes Intermediate	not available	not available	not available	normal	20150817_QEp8_JaRi_SA_Sups_MOintermediate_LPS_03	adult	3	3	PXD004352	20150817_QEp8_JaRi_SA_Sups_MOintermediate_LPS_03.raw	Monocytes Intermediate_LPS-3	ftp://ftp.pride.ebi.ac.uk/pride/data/archive/2017/03/PXD004352/20150817_QEp8_JaRi_SA_Sups_MOintermediate_LPS_03.raw	1	1	NT=Q Exactive;AC=MS:1001911	"NT=Deamidated;MT=Variable;TA=N,Q;AC=UNIMOD:7"	NT=Acetyl; MT=Variable; PP=Protein N-term; AC=UNIMOD:1	AC=UNIMOD:35;NT=Oxidation;MT=Variable;TA=M	NT=Carbamidomethyl;TA=C;MT=fixed;AC=UNIMOD:4	AC=MS:1001309;NT=Lys-C	AC=MS:1001251;NT=Trypsin	AC=MS:1002038;NT=label free sample	7 ppm	20 ppm	1
PXD004352-Sample-270	Homo sapiens	Blood	Blood	Monocytes Intermediate	not available	not available	not available	normal	20150817_QEp8_JaRi_SA_Sups_MOintermediate_LPS_04	adult	4	4	PXD004352	20150817_QEp8_JaRi_SA_Sups_MOintermediate_LPS_04.raw	Monocytes Intermediate_LPS-4	ftp://ftp.pride.ebi.ac.uk/pride/data/archive/2017/03/PXD004352/20150817_QEp8_JaRi_SA_Sups_MOintermediate_LPS_04.raw	1	1	NT=Q Exactive;AC=MS:1001911	"NT=Deamidated;MT=Variable;TA=N,Q;AC=UNIMOD:7"	NT=Acetyl; MT=Variable; PP=Protein N-term; AC=UNIMOD:1	AC=UNIMOD:35;NT=Oxidation;MT=Variable;TA=M	NT=Carbamidomethyl;TA=C;MT=fixed;AC=UNIMOD:4	AC=MS:1001309;NT=Lys-C	AC=MS:1001251;NT=Trypsin	AC=MS:1002038;NT=label free sample	7 ppm	20 ppm	1
PXD004352-Sample-271	Homo sapiens	Blood	Blood	Monocytes Intermediate	not available	not available	not available	normal	20150817_QEp8_JaRi_SA_Sups_MOintermediate_LPS_05	adult	5	5	PXD004352	20150817_QEp8_JaRi_SA_Sups_MOintermediate_LPS_05.raw	Monocytes Intermediate_LPS-5	ftp://ftp.pride.ebi.ac.uk/pride/data/archive/2017/03/PXD004352/20150817_QEp8_JaRi_SA_Sups_MOintermediate_LPS_05.raw	1	1	NT=Q Exactive;AC=MS:1001911	"NT=Deamidated;MT=Variable;TA=N,Q;AC=UNIMOD:7"	NT=Acetyl; MT=Variable; PP=Protein N-term; AC=UNIMOD:1	AC=UNIMOD:35;NT=Oxidation;MT=Variable;TA=M	NT=Carbamidomethyl;TA=C;MT=fixed;AC=UNIMOD:4	AC=MS:1001309;NT=Lys-C	AC=MS:1001251;NT=Trypsin	AC=MS:1002038;NT=label free sample	7 ppm	20 ppm	1
PXD004352-Sample-272	Homo sapiens	Blood	Blood	Monocytes Intermediate	not available	not available	not available	normal	20150817_QEp8_JaRi_SA_Sups_MOintermediate_LTA_01	adult	1	1	PXD004352	20150817_QEp8_JaRi_SA_Sups_MOintermediate_LTA_01.raw	Monocytes Intermediate_LTA-1	ftp://ftp.pride.ebi.ac.uk/pride/data/archive/2017/03/PXD004352/20150817_QEp8_JaRi_SA_Sups_MOintermediate_LTA_01.raw	1	1	NT=Q Exactive;AC=MS:1001911	"NT=Deamidated;MT=Variable;TA=N,Q;AC=UNIMOD:7"	NT=Acetyl; MT=Variable; PP=Protein N-term; AC=UNIMOD:1	AC=UNIMOD:35;NT=Oxidation;MT=Variable;TA=M	NT=Carbamidomethyl;TA=C;MT=fixed;AC=UNIMOD:4	AC=MS:1001309;NT=Lys-C	AC=MS:1001251;NT=Trypsin	AC=MS:1002038;NT=label free sample	7 ppm	20 ppm	1
PXD004352-Sample-273	Homo sapiens	Blood	Blood	Monocytes Intermediate	not available	not available	not available	normal	20150817_QEp8_JaRi_SA_Sups_MOintermediate_LTA_02	adult	2	2	PXD004352	20150817_QEp8_JaRi_SA_Sups_MOintermediate_LTA_02.raw	Monocytes Intermediate_LTA-2	ftp://ftp.pride.ebi.ac.uk/pride/data/archive/2017/03/PXD004352/20150817_QEp8_JaRi_SA_Sups_MOintermediate_LTA_02.raw	1	1	NT=Q Exactive;AC=MS:1001911	"NT=Deamidated;MT=Variable;TA=N,Q;AC=UNIMOD:7"	NT=Acetyl; MT=Variable; PP=Protein N-term; AC=UNIMOD:1	AC=UNIMOD:35;NT=Oxidation;MT=Variable;TA=M	NT=Carbamidomethyl;TA=C;MT=fixed;AC=UNIMOD:4	AC=MS:1001309;NT=Lys-C	AC=MS:1001251;NT=Trypsin	AC=MS:1002038;NT=label free sample	7 ppm	20 ppm	1
PXD004352-Sample-274	Homo sapiens	Blood	Blood	Monocytes Intermediate	not available	not available	not available	normal	20150817_QEp8_JaRi_SA_Sups_MOintermediate_LTA_03	adult	3	3	PXD004352	20150817_QEp8_JaRi_SA_Sups_MOintermediate_LTA_03.raw	Monocytes Intermediate_LTA-3	ftp://ftp.pride.ebi.ac.uk/pride/data/archive/2017/03/PXD004352/20150817_QEp8_JaRi_SA_Sups_MOintermediate_LTA_03.raw	1	1	NT=Q Exactive;AC=MS:1001911	"NT=Deamidated;MT=Variable;TA=N,Q;AC=UNIMOD:7"	NT=Acetyl; MT=Variable; PP=Protein N-term; AC=UNIMOD:1	AC=UNIMOD:35;NT=Oxidation;MT=Variable;TA=M	NT=Carbamidomethyl;TA=C;MT=fixed;AC=UNIMOD:4	AC=MS:1001309;NT=Lys-C	AC=MS:1001251;NT=Trypsin	AC=MS:1002038;NT=label free sample	7 ppm	20 ppm	1
PXD004352-Sample-275	Homo sapiens	Blood	Blood	Monocytes Intermediate	not available	not available	not available	normal	20150817_QEp8_JaRi_SA_Sups_MOintermediate_LTA_04	adult	4	4	PXD004352	20150817_QEp8_JaRi_SA_Sups_MOintermediate_LTA_04.raw	Monocytes Intermediate_LTA-4	ftp://ftp.pride.ebi.ac.uk/pride/data/archive/2017/03/PXD004352/20150817_QEp8_JaRi_SA_Sups_MOintermediate_LTA_04.raw	1	1	NT=Q Exactive;AC=MS:1001911	"NT=Deamidated;MT=Variable;TA=N,Q;AC=UNIMOD:7"	NT=Acetyl; MT=Variable; PP=Protein N-term; AC=UNIMOD:1	AC=UNIMOD:35;NT=Oxidation;MT=Variable;TA=M	NT=Carbamidomethyl;TA=C;MT=fixed;AC=UNIMOD:4	AC=MS:1001309;NT=Lys-C	AC=MS:1001251;NT=Trypsin	AC=MS:1002038;NT=label free sample	7 ppm	20 ppm	1
PXD004352-Sample-276	Homo sapiens	Blood	Blood	Monocytes Intermediate	not available	not available	not available	normal	20150817_QEp8_JaRi_SA_Sups_MOintermediate_LTA_05	adult	5	5	PXD004352	20150817_QEp8_JaRi_SA_Sups_MOintermediate_LTA_05.raw	Monocytes Intermediate_LTA-5	ftp://ftp.pride.ebi.ac.uk/pride/data/archive/2017/03/PXD004352/20150817_QEp8_JaRi_SA_Sups_MOintermediate_LTA_05.raw	1	1	NT=Q Exactive;AC=MS:1001911	"NT=Deamidated;MT=Variable;TA=N,Q;AC=UNIMOD:7"	NT=Acetyl; MT=Variable; PP=Protein N-term; AC=UNIMOD:1	AC=UNIMOD:35;NT=Oxidation;MT=Variable;TA=M	NT=Carbamidomethyl;TA=C;MT=fixed;AC=UNIMOD:4	AC=MS:1001309;NT=Lys-C	AC=MS:1001251;NT=Trypsin	AC=MS:1002038;NT=label free sample	7 ppm	20 ppm	1
PXD004352-Sample-277	Homo sapiens	Blood	Blood	Monocytes Intermediate	not available	not available	not available	normal	20150817_QEp8_JaRi_SA_Sups_MOintermediate_PIC_01	adult	1	1	PXD004352	20150817_QEp8_JaRi_SA_Sups_MOintermediate_PIC_01.raw	Monocytes Intermediate_PIC-1-1	ftp://ftp.pride.ebi.ac.uk/pride/data/archive/2017/03/PXD004352/20150817_QEp8_JaRi_SA_Sups_MOintermediate_PIC_01.raw	1	1	NT=Q Exactive;AC=MS:1001911	"NT=Deamidated;MT=Variable;TA=N,Q;AC=UNIMOD:7"	NT=Acetyl; MT=Variable; PP=Protein N-term; AC=UNIMOD:1	AC=UNIMOD:35;NT=Oxidation;MT=Variable;TA=M	NT=Carbamidomethyl;TA=C;MT=fixed;AC=UNIMOD:4	AC=MS:1001309;NT=Lys-C	AC=MS:1001251;NT=Trypsin	AC=MS:1002038;NT=label free sample	7 ppm	20 ppm	1
PXD004352-Sample-278	Homo sapiens	Blood	Blood	Monocytes Intermediate	not available	not available	not available	normal	20150817_QEp8_JaRi_SA_Sups_MOintermediate_PIC_01_150831192018	adult	1	1	PXD004352	20150817_QEp8_JaRi_SA_Sups_MOintermediate_PIC_01_150831192018.raw	Monocytes Intermediate_PIC-1-2	ftp://ftp.pride.ebi.ac.uk/pride/data/archive/2017/03/PXD004352/20150817_QEp8_JaRi_SA_Sups_MOintermediate_PIC_01_150831192018.raw	1	2	NT=Q Exactive;AC=MS:1001911	"NT=Deamidated;MT=Variable;TA=N,Q;AC=UNIMOD:7"	NT=Acetyl; MT=Variable; PP=Protein N-term; AC=UNIMOD:1	AC=UNIMOD:35;NT=Oxidation;MT=Variable;TA=M	NT=Carbamidomethyl;TA=C;MT=fixed;AC=UNIMOD:4	AC=MS:1001309;NT=Lys-C	AC=MS:1001251;NT=Trypsin	AC=MS:1002038;NT=label free sample	7 ppm	20 ppm	1
PXD004352-Sample-279	Homo sapiens	Blood	Blood	Monocytes Intermediate	not available	not available	not available	normal	20150817_QEp8_JaRi_SA_Sups_MOintermediate_PIC_02	adult	2	2	PXD004352	20150817_QEp8_JaRi_SA_Sups_MOintermediate_PIC_02.raw	Monocytes Intermediate_PIC-2	ftp://ftp.pride.ebi.ac.uk/pride/data/archive/2017/03/PXD004352/20150817_QEp8_JaRi_SA_Sups_MOintermediate_PIC_02.raw	1	1	NT=Q Exactive;AC=MS:1001911	"NT=Deamidated;MT=Variable;TA=N,Q;AC=UNIMOD:7"	NT=Acetyl; MT=Variable; PP=Protein N-term; AC=UNIMOD:1	AC=UNIMOD:35;NT=Oxidation;MT=Variable;TA=M	NT=Carbamidomethyl;TA=C;MT=fixed;AC=UNIMOD:4	AC=MS:1001309;NT=Lys-C	AC=MS:1001251;NT=Trypsin	AC=MS:1002038;NT=label free sample	7 ppm	20 ppm	1
PXD004352-Sample-280	Homo sapiens	Blood	Blood	Monocytes Intermediate	not available	not available	not available	normal	20150817_QEp8_JaRi_SA_Sups_MOintermediate_PIC_03	adult	3	3	PXD004352	20150817_QEp8_JaRi_SA_Sups_MOintermediate_PIC_03.raw	Monocytes Intermediate_PIC-3	ftp://ftp.pride.ebi.ac.uk/pride/data/archive/2017/03/PXD004352/20150817_QEp8_JaRi_SA_Sups_MOintermediate_PIC_03.raw	1	1	NT=Q Exactive;AC=MS:1001911	"NT=Deamidated;MT=Variable;TA=N,Q;AC=UNIMOD:7"	NT=Acetyl; MT=Variable; PP=Protein N-term; AC=UNIMOD:1	AC=UNIMOD:35;NT=Oxidation;MT=Variable;TA=M	NT=Carbamidomethyl;TA=C;MT=fixed;AC=UNIMOD:4	AC=MS:1001309;NT=Lys-C	AC=MS:1001251;NT=Trypsin	AC=MS:1002038;NT=label free sample	7 ppm	20 ppm	1
PXD004352-Sample-281	Homo sapiens	Blood	Blood	Monocytes Intermediate	not available	not available	not available	normal	20150817_QEp8_JaRi_SA_Sups_MOintermediate_R848_01	adult	1	1	PXD004352	20150817_QEp8_JaRi_SA_Sups_MOintermediate_R848_01.raw	Monocytes Intermediate_R848-1	ftp://ftp.pride.ebi.ac.uk/pride/data/archive/2017/03/PXD004352/20150817_QEp8_JaRi_SA_Sups_MOintermediate_R848_01.raw	1	1	NT=Q Exactive;AC=MS:1001911	"NT=Deamidated;MT=Variable;TA=N,Q;AC=UNIMOD:7"	NT=Acetyl; MT=Variable; PP=Protein N-term; AC=UNIMOD:1	AC=UNIMOD:35;NT=Oxidation;MT=Variable;TA=M	NT=Carbamidomethyl;TA=C;MT=fixed;AC=UNIMOD:4	AC=MS:1001309;NT=Lys-C	AC=MS:1001251;NT=Trypsin	AC=MS:1002038;NT=label free sample	7 ppm	20 ppm	1
PXD004352-Sample-282	Homo sapiens	Blood	Blood	Monocytes Intermediate	not available	not available	not available	normal	20150817_QEp8_JaRi_SA_Sups_MOintermediate_R848_02	adult	2	2	PXD004352	20150817_QEp8_JaRi_SA_Sups_MOintermediate_R848_02.raw	Monocytes Intermediate_R848-2	ftp://ftp.pride.ebi.ac.uk/pride/data/archive/2017/03/PXD004352/20150817_QEp8_JaRi_SA_Sups_MOintermediate_R848_02.raw	1	1	NT=Q Exactive;AC=MS:1001911	"NT=Deamidated;MT=Variable;TA=N,Q;AC=UNIMOD:7"	NT=Acetyl; MT=Variable; PP=Protein N-term; AC=UNIMOD:1	AC=UNIMOD:35;NT=Oxidation;MT=Variable;TA=M	NT=Carbamidomethyl;TA=C;MT=fixed;AC=UNIMOD:4	AC=MS:1001309;NT=Lys-C	AC=MS:1001251;NT=Trypsin	AC=MS:1002038;NT=label free sample	7 ppm	20 ppm	1
PXD004352-Sample-283	Homo sapiens	Blood	Blood	Monocytes Intermediate	not available	not available	not available	normal	20150817_QEp8_JaRi_SA_Sups_MOintermediate_R848_03	adult	3	3	PXD004352	20150817_QEp8_JaRi_SA_Sups_MOintermediate_R848_03.raw	Monocytes Intermediate_R848-3	ftp://ftp.pride.ebi.ac.uk/pride/data/archive/2017/03/PXD004352/20150817_QEp8_JaRi_SA_Sups_MOintermediate_R848_03.raw	1	1	NT=Q Exactive;AC=MS:1001911	"NT=Deamidated;MT=Variable;TA=N,Q;AC=UNIMOD:7"	NT=Acetyl; MT=Variable; PP=Protein N-term; AC=UNIMOD:1	AC=UNIMOD:35;NT=Oxidation;MT=Variable;TA=M	NT=Carbamidomethyl;TA=C;MT=fixed;AC=UNIMOD:4	AC=MS:1001309;NT=Lys-C	AC=MS:1001251;NT=Trypsin	AC=MS:1002038;NT=label free sample	7 ppm	20 ppm	1
PXD004352-Sample-284	Homo sapiens	Blood	Blood	Monocytes Intermediate	not available	not available	not available	normal	MO.intermediate_01 (steady-state)	adult	1	1	PXD004352	MO.intermediate_01 (steady-state).raw	Monocytes Intermediate_Steady state-1	ftp://ftp.pride.ebi.ac.uk/pride/data/archive/2017/03/PXD004352/MO.intermediate_01 (steady-state).raw	1	1	NT=Q Exactive;AC=MS:1001911	"NT=Deamidated;MT=Variable;TA=N,Q;AC=UNIMOD:7"	NT=Acetyl; MT=Variable; PP=Protein N-term; AC=UNIMOD:1	AC=UNIMOD:35;NT=Oxidation;MT=Variable;TA=M	NT=Carbamidomethyl;TA=C;MT=fixed;AC=UNIMOD:4	AC=MS:1001309;NT=Lys-C	AC=MS:1001251;NT=Trypsin	AC=MS:1002038;NT=label free sample	7 ppm	20 ppm	1
PXD004352-Sample-285	Homo sapiens	Blood	Blood	Monocytes Intermediate	not available	not available	not available	normal	MO.intermediate_02 (steady-state)	adult	2	2	PXD004352	MO.intermediate_02 (steady-state).raw	Monocytes Intermediate_Steady state-2	ftp://ftp.pride.ebi.ac.uk/pride/data/archive/2017/03/PXD004352/MO.intermediate_02 (steady-state).raw	1	1	NT=Q Exactive;AC=MS:1001911	"NT=Deamidated;MT=Variable;TA=N,Q;AC=UNIMOD:7"	NT=Acetyl; MT=Variable; PP=Protein N-term; AC=UNIMOD:1	AC=UNIMOD:35;NT=Oxidation;MT=Variable;TA=M	NT=Carbamidomethyl;TA=C;MT=fixed;AC=UNIMOD:4	AC=MS:1001309;NT=Lys-C	AC=MS:1001251;NT=Trypsin	AC=MS:1002038;NT=label free sample	7 ppm	20 ppm	1
PXD004352-Sample-286	Homo sapiens	Blood	Blood	Monocytes Intermediate	not available	not available	not available	normal	MO.intermediate_03 (steady-state)	adult	3	3	PXD004352	MO.intermediate_03 (steady-state).raw	Monocytes Intermediate_Steady state-3	ftp://ftp.pride.ebi.ac.uk/pride/data/archive/2017/03/PXD004352/MO.intermediate_03 (steady-state).raw	1	1	NT=Q Exactive;AC=MS:1001911	"NT=Deamidated;MT=Variable;TA=N,Q;AC=UNIMOD:7"	NT=Acetyl; MT=Variable; PP=Protein N-term; AC=UNIMOD:1	AC=UNIMOD:35;NT=Oxidation;MT=Variable;TA=M	NT=Carbamidomethyl;TA=C;MT=fixed;AC=UNIMOD:4	AC=MS:1001309;NT=Lys-C	AC=MS:1001251;NT=Trypsin	AC=MS:1002038;NT=label free sample	7 ppm	20 ppm	1
PXD004352-Sample-287	Homo sapiens	Blood	Blood	Monocytes Intermediate	not available	not available	not available	normal	MO.intermediate_04 (steady-state)	adult	4	4	PXD004352	MO.intermediate_04 (steady-state).raw	Monocytes Intermediate_Steady state-4	ftp://ftp.pride.ebi.ac.uk/pride/data/archive/2017/03/PXD004352/MO.intermediate_04 (steady-state).raw	1	1	NT=Q Exactive;AC=MS:1001911	"NT=Deamidated;MT=Variable;TA=N,Q;AC=UNIMOD:7"	NT=Acetyl; MT=Variable; PP=Protein N-term; AC=UNIMOD:1	AC=UNIMOD:35;NT=Oxidation;MT=Variable;TA=M	NT=Carbamidomethyl;TA=C;MT=fixed;AC=UNIMOD:4	AC=MS:1001309;NT=Lys-C	AC=MS:1001251;NT=Trypsin	AC=MS:1002038;NT=label free sample	7 ppm	20 ppm	1
PXD004352-Sample-288	Homo sapiens	Blood	Blood	Monocytes Intermediate	not available	not available	not available	normal	20150817_QEp8_JaRi_SA_Sups_MOintermediate_ZYM_01	adult	1	1	PXD004352	20150817_QEp8_JaRi_SA_Sups_MOintermediate_ZYM_01.raw	Monocytes Intermediate_ZYM-1	ftp://ftp.pride.ebi.ac.uk/pride/data/archive/2017/03/PXD004352/20150817_QEp8_JaRi_SA_Sups_MOintermediate_ZYM_01.raw	1	1	NT=Q Exactive;AC=MS:1001911	"NT=Deamidated;MT=Variable;TA=N,Q;AC=UNIMOD:7"	NT=Acetyl; MT=Variable; PP=Protein N-term; AC=UNIMOD:1	AC=UNIMOD:35;NT=Oxidation;MT=Variable;TA=M	NT=Carbamidomethyl;TA=C;MT=fixed;AC=UNIMOD:4	AC=MS:1001309;NT=Lys-C	AC=MS:1001251;NT=Trypsin	AC=MS:1002038;NT=label free sample	7 ppm	20 ppm	1
PXD004352-Sample-289	Homo sapiens	Blood	Blood	Monocytes Intermediate	not available	not available	not available	normal	20150817_QEp8_JaRi_SA_Sups_MOintermediate_ZYM_02	adult	2	2	PXD004352	20150817_QEp8_JaRi_SA_Sups_MOintermediate_ZYM_02.raw	Monocytes Intermediate_ZYM-2	ftp://ftp.pride.ebi.ac.uk/pride/data/archive/2017/03/PXD004352/20150817_QEp8_JaRi_SA_Sups_MOintermediate_ZYM_02.raw	1	1	NT=Q Exactive;AC=MS:1001911	"NT=Deamidated;MT=Variable;TA=N,Q;AC=UNIMOD:7"	NT=Acetyl; MT=Variable; PP=Protein N-term; AC=UNIMOD:1	AC=UNIMOD:35;NT=Oxidation;MT=Variable;TA=M	NT=Carbamidomethyl;TA=C;MT=fixed;AC=UNIMOD:4	AC=MS:1001309;NT=Lys-C	AC=MS:1001251;NT=Trypsin	AC=MS:1002038;NT=label free sample	7 ppm	20 ppm	1
PXD004352-Sample-290	Homo sapiens	Blood	Blood	Monocytes Intermediate	not available	not available	not available	normal	20150817_QEp8_JaRi_SA_Sups_MOintermediate_ZYM_03	adult	3	3	PXD004352	20150817_QEp8_JaRi_SA_Sups_MOintermediate_ZYM_03.raw	Monocytes Intermediate_ZYM-3	ftp://ftp.pride.ebi.ac.uk/pride/data/archive/2017/03/PXD004352/20150817_QEp8_JaRi_SA_Sups_MOintermediate_ZYM_03.raw	1	1	NT=Q Exactive;AC=MS:1001911	"NT=Deamidated;MT=Variable;TA=N,Q;AC=UNIMOD:7"	NT=Acetyl; MT=Variable; PP=Protein N-term; AC=UNIMOD:1	AC=UNIMOD:35;NT=Oxidation;MT=Variable;TA=M	NT=Carbamidomethyl;TA=C;MT=fixed;AC=UNIMOD:4	AC=MS:1001309;NT=Lys-C	AC=MS:1001251;NT=Trypsin	AC=MS:1002038;NT=label free sample	7 ppm	20 ppm	1
PXD004352-Sample-291	Homo sapiens	Blood	Blood	Monocytes Intermediate	not available	not available	not available	normal	20150817_QEp8_JaRi_SA_Sups_MOintermediate_ZYM_04	adult	4	4	PXD004352	20150817_QEp8_JaRi_SA_Sups_MOintermediate_ZYM_04.raw	Monocytes Intermediate_ZYM-4	ftp://ftp.pride.ebi.ac.uk/pride/data/archive/2017/03/PXD004352/20150817_QEp8_JaRi_SA_Sups_MOintermediate_ZYM_04.raw	1	1	NT=Q Exactive;AC=MS:1001911	"NT=Deamidated;MT=Variable;TA=N,Q;AC=UNIMOD:7"	NT=Acetyl; MT=Variable; PP=Protein N-term; AC=UNIMOD:1	AC=UNIMOD:35;NT=Oxidation;MT=Variable;TA=M	NT=Carbamidomethyl;TA=C;MT=fixed;AC=UNIMOD:4	AC=MS:1001309;NT=Lys-C	AC=MS:1001251;NT=Trypsin	AC=MS:1002038;NT=label free sample	7 ppm	20 ppm	1
PXD004352-Sample-292	Homo sapiens	Blood	Blood	Monocytes Intermediate	not available	not available	not available	normal	20150817_QEp8_JaRi_SA_Sups_MOintermediate_ZYM_05	adult	5	5	PXD004352	20150817_QEp8_JaRi_SA_Sups_MOintermediate_ZYM_05.raw	Monocytes Intermediate_ZYM-5	ftp://ftp.pride.ebi.ac.uk/pride/data/archive/2017/03/PXD004352/20150817_QEp8_JaRi_SA_Sups_MOintermediate_ZYM_05.raw	1	1	NT=Q Exactive;AC=MS:1001911	"NT=Deamidated;MT=Variable;TA=N,Q;AC=UNIMOD:7"	NT=Acetyl; MT=Variable; PP=Protein N-term; AC=UNIMOD:1	AC=UNIMOD:35;NT=Oxidation;MT=Variable;TA=M	NT=Carbamidomethyl;TA=C;MT=fixed;AC=UNIMOD:4	AC=MS:1001309;NT=Lys-C	AC=MS:1001251;NT=Trypsin	AC=MS:1002038;NT=label free sample	7 ppm	20 ppm	1
PXD004352-Sample-293	Homo sapiens	Blood	Blood	Monocytes Non classical	not available	not available	not available	normal	20150817_QEp8_JaRi_SA_Sups_MOnoneclassical_CTR_01_150825060604	adult	1	1	PXD004352	20150817_QEp8_JaRi_SA_Sups_MOnoneclassical_CTR_01_150825060604.raw	Monocytes Non classical_CTR-1-2	ftp://ftp.pride.ebi.ac.uk/pride/data/archive/2017/03/PXD004352/20150817_QEp8_JaRi_SA_Sups_MOnoneclassical_CTR_01_150825060604.raw	1	2	NT=Q Exactive;AC=MS:1001911	"NT=Deamidated;MT=Variable;TA=N,Q;AC=UNIMOD:7"	NT=Acetyl; MT=Variable; PP=Protein N-term; AC=UNIMOD:1	AC=UNIMOD:35;NT=Oxidation;MT=Variable;TA=M	NT=Carbamidomethyl;TA=C;MT=fixed;AC=UNIMOD:4	AC=MS:1001309;NT=Lys-C	AC=MS:1001251;NT=Trypsin	AC=MS:1002038;NT=label free sample	7 ppm	20 ppm	1
PXD004352-Sample-294	Homo sapiens	Blood	Blood	Monocytes Non classical	not available	not available	not available	normal	20150817_QEp8_JaRi_SA_Sups_MOnoneclassical_CTR_02	adult	2	2	PXD004352	20150817_QEp8_JaRi_SA_Sups_MOnoneclassical_CTR_02.raw	Monocytes Non classical_CTR-2-1	ftp://ftp.pride.ebi.ac.uk/pride/data/archive/2017/03/PXD004352/20150817_QEp8_JaRi_SA_Sups_MOnoneclassical_CTR_02.raw	1	1	NT=Q Exactive;AC=MS:1001911	"NT=Deamidated;MT=Variable;TA=N,Q;AC=UNIMOD:7"	NT=Acetyl; MT=Variable; PP=Protein N-term; AC=UNIMOD:1	AC=UNIMOD:35;NT=Oxidation;MT=Variable;TA=M	NT=Carbamidomethyl;TA=C;MT=fixed;AC=UNIMOD:4	AC=MS:1001309;NT=Lys-C	AC=MS:1001251;NT=Trypsin	AC=MS:1002038;NT=label free sample	7 ppm	20 ppm	1
PXD004352-Sample-295	Homo sapiens	Blood	Blood	Monocytes Non classical	not available	not available	not available	normal	20150817_QEp8_JaRi_SA_Sups_MOnoneclassical_CTR_02_150825083822	adult	2	2	PXD004352	20150817_QEp8_JaRi_SA_Sups_MOnoneclassical_CTR_02_150825083822.raw	Monocytes Non classical_CTR-2-2	ftp://ftp.pride.ebi.ac.uk/pride/data/archive/2017/03/PXD004352/20150817_QEp8_JaRi_SA_Sups_MOnoneclassical_CTR_02_150825083822.raw	1	2	NT=Q Exactive;AC=MS:1001911	"NT=Deamidated;MT=Variable;TA=N,Q;AC=UNIMOD:7"	NT=Acetyl; MT=Variable; PP=Protein N-term; AC=UNIMOD:1	AC=UNIMOD:35;NT=Oxidation;MT=Variable;TA=M	NT=Carbamidomethyl;TA=C;MT=fixed;AC=UNIMOD:4	AC=MS:1001309;NT=Lys-C	AC=MS:1001251;NT=Trypsin	AC=MS:1002038;NT=label free sample	7 ppm	20 ppm	1
PXD004352-Sample-296	Homo sapiens	Blood	Blood	Monocytes Non classical	not available	not available	not available	normal	20150817_QEp8_JaRi_SA_Sups_MOnoneclassical_CTR_03	adult	3	3	PXD004352	20150817_QEp8_JaRi_SA_Sups_MOnoneclassical_CTR_03.raw	Monocytes Non classical_CTR-3-1	ftp://ftp.pride.ebi.ac.uk/pride/data/archive/2017/03/PXD004352/20150817_QEp8_JaRi_SA_Sups_MOnoneclassical_CTR_03.raw	1	1	NT=Q Exactive;AC=MS:1001911	"NT=Deamidated;MT=Variable;TA=N,Q;AC=UNIMOD:7"	NT=Acetyl; MT=Variable; PP=Protein N-term; AC=UNIMOD:1	AC=UNIMOD:35;NT=Oxidation;MT=Variable;TA=M	NT=Carbamidomethyl;TA=C;MT=fixed;AC=UNIMOD:4	AC=MS:1001309;NT=Lys-C	AC=MS:1001251;NT=Trypsin	AC=MS:1002038;NT=label free sample	7 ppm	20 ppm	1
PXD004352-Sample-297	Homo sapiens	Blood	Blood	Monocytes Non classical	not available	not available	not available	normal	20150817_QEp8_JaRi_SA_Sups_MOnoneclassical_CTR_03_150825204507	adult	3	3	PXD004352	20150817_QEp8_JaRi_SA_Sups_MOnoneclassical_CTR_03_150825204507.raw	Monocytes Non classical_CTR-3-2	ftp://ftp.pride.ebi.ac.uk/pride/data/archive/2017/03/PXD004352/20150817_QEp8_JaRi_SA_Sups_MOnoneclassical_CTR_03_150825204507.raw	1	2	NT=Q Exactive;AC=MS:1001911	"NT=Deamidated;MT=Variable;TA=N,Q;AC=UNIMOD:7"	NT=Acetyl; MT=Variable; PP=Protein N-term; AC=UNIMOD:1	AC=UNIMOD:35;NT=Oxidation;MT=Variable;TA=M	NT=Carbamidomethyl;TA=C;MT=fixed;AC=UNIMOD:4	AC=MS:1001309;NT=Lys-C	AC=MS:1001251;NT=Trypsin	AC=MS:1002038;NT=label free sample	7 ppm	20 ppm	1
PXD004352-Sample-298	Homo sapiens	Blood	Blood	Monocytes Non classical	not available	not available	not available	normal	20150817_QEp8_JaRi_SA_Sups_MOnoneclassical_CTR_04	adult	4	4	PXD004352	20150817_QEp8_JaRi_SA_Sups_MOnoneclassical_CTR_04.raw	Monocytes Non classical_CTR-4-1	ftp://ftp.pride.ebi.ac.uk/pride/data/archive/2017/03/PXD004352/20150817_QEp8_JaRi_SA_Sups_MOnoneclassical_CTR_04.raw	1	1	NT=Q Exactive;AC=MS:1001911	"NT=Deamidated;MT=Variable;TA=N,Q;AC=UNIMOD:7"	NT=Acetyl; MT=Variable; PP=Protein N-term; AC=UNIMOD:1	AC=UNIMOD:35;NT=Oxidation;MT=Variable;TA=M	NT=Carbamidomethyl;TA=C;MT=fixed;AC=UNIMOD:4	AC=MS:1001309;NT=Lys-C	AC=MS:1001251;NT=Trypsin	AC=MS:1002038;NT=label free sample	7 ppm	20 ppm	1
PXD004352-Sample-299	Homo sapiens	Blood	Blood	Monocytes Non classical	not available	not available	not available	normal	20150817_QEp8_JaRi_SA_Sups_MOnoneclassical_CTR_04_150825231721	adult	4	4	PXD004352	20150817_QEp8_JaRi_SA_Sups_MOnoneclassical_CTR_04_150825231721.raw	Monocytes Non classical_CTR-4-2	ftp://ftp.pride.ebi.ac.uk/pride/data/archive/2017/03/PXD004352/20150817_QEp8_JaRi_SA_Sups_MOnoneclassical_CTR_04_150825231721.raw	1	2	NT=Q Exactive;AC=MS:1001911	"NT=Deamidated;MT=Variable;TA=N,Q;AC=UNIMOD:7"	NT=Acetyl; MT=Variable; PP=Protein N-term; AC=UNIMOD:1	AC=UNIMOD:35;NT=Oxidation;MT=Variable;TA=M	NT=Carbamidomethyl;TA=C;MT=fixed;AC=UNIMOD:4	AC=MS:1001309;NT=Lys-C	AC=MS:1001251;NT=Trypsin	AC=MS:1002038;NT=label free sample	7 ppm	20 ppm	1
PXD004352-Sample-300	Homo sapiens	Blood	Blood	Monocytes Non classical	not available	not available	not available	normal	20150817_QEp8_JaRi_SA_Sups_MOnoneclassical_CTR_05	adult	5	5	PXD004352	20150817_QEp8_JaRi_SA_Sups_MOnoneclassical_CTR_05.raw	Monocytes Non classical_CTR-5	ftp://ftp.pride.ebi.ac.uk/pride/data/archive/2017/03/PXD004352/20150817_QEp8_JaRi_SA_Sups_MOnoneclassical_CTR_05.raw	1	1	NT=Q Exactive;AC=MS:1001911	"NT=Deamidated;MT=Variable;TA=N,Q;AC=UNIMOD:7"	NT=Acetyl; MT=Variable; PP=Protein N-term; AC=UNIMOD:1	AC=UNIMOD:35;NT=Oxidation;MT=Variable;TA=M	NT=Carbamidomethyl;TA=C;MT=fixed;AC=UNIMOD:4	AC=MS:1001309;NT=Lys-C	AC=MS:1001251;NT=Trypsin	AC=MS:1002038;NT=label free sample	7 ppm	20 ppm	1
PXD004352-Sample-301	Homo sapiens	Blood	Blood	Monocytes Non classical	not available	not available	not available	normal	20150817_QEp8_JaRi_SA_Sups_MOnoneclassical_LPS_01	adult	1	1	PXD004352	20150817_QEp8_JaRi_SA_Sups_MOnoneclassical_LPS_01.raw	Monocytes Non classical_LPS-1	ftp://ftp.pride.ebi.ac.uk/pride/data/archive/2017/03/PXD004352/20150817_QEp8_JaRi_SA_Sups_MOnoneclassical_LPS_01.raw	1	1	NT=Q Exactive;AC=MS:1001911	"NT=Deamidated;MT=Variable;TA=N,Q;AC=UNIMOD:7"	NT=Acetyl; MT=Variable; PP=Protein N-term; AC=UNIMOD:1	AC=UNIMOD:35;NT=Oxidation;MT=Variable;TA=M	NT=Carbamidomethyl;TA=C;MT=fixed;AC=UNIMOD:4	AC=MS:1001309;NT=Lys-C	AC=MS:1001251;NT=Trypsin	AC=MS:1002038;NT=label free sample	7 ppm	20 ppm	1
PXD004352-Sample-302	Homo sapiens	Blood	Blood	Monocytes Non classical	not available	not available	not available	normal	20150817_QEp8_JaRi_SA_Sups_MOnoneclassical_LPS_02	adult	2	2	PXD004352	20150817_QEp8_JaRi_SA_Sups_MOnoneclassical_LPS_02.raw	Monocytes Non classical_LPS-2	ftp://ftp.pride.ebi.ac.uk/pride/data/archive/2017/03/PXD004352/20150817_QEp8_JaRi_SA_Sups_MOnoneclassical_LPS_02.raw	1	1	NT=Q Exactive;AC=MS:1001911	"NT=Deamidated;MT=Variable;TA=N,Q;AC=UNIMOD:7"	NT=Acetyl; MT=Variable; PP=Protein N-term; AC=UNIMOD:1	AC=UNIMOD:35;NT=Oxidation;MT=Variable;TA=M	NT=Carbamidomethyl;TA=C;MT=fixed;AC=UNIMOD:4	AC=MS:1001309;NT=Lys-C	AC=MS:1001251;NT=Trypsin	AC=MS:1002038;NT=label free sample	7 ppm	20 ppm	1
PXD004352-Sample-303	Homo sapiens	Blood	Blood	Monocytes Non classical	not available	not available	not available	normal	20150817_QEp8_JaRi_SA_Sups_MOnoneclassical_LPS_03	adult	3	3	PXD004352	20150817_QEp8_JaRi_SA_Sups_MOnoneclassical_LPS_03.raw	Monocytes Non classical_LPS-3	ftp://ftp.pride.ebi.ac.uk/pride/data/archive/2017/03/PXD004352/20150817_QEp8_JaRi_SA_Sups_MOnoneclassical_LPS_03.raw	1	1	NT=Q Exactive;AC=MS:1001911	"NT=Deamidated;MT=Variable;TA=N,Q;AC=UNIMOD:7"	NT=Acetyl; MT=Variable; PP=Protein N-term; AC=UNIMOD:1	AC=UNIMOD:35;NT=Oxidation;MT=Variable;TA=M	NT=Carbamidomethyl;TA=C;MT=fixed;AC=UNIMOD:4	AC=MS:1001309;NT=Lys-C	AC=MS:1001251;NT=Trypsin	AC=MS:1002038;NT=label free sample	7 ppm	20 ppm	1
PXD004352-Sample-304	Homo sapiens	Blood	Blood	Monocytes Non classical	not available	not available	not available	normal	20150817_QEp8_JaRi_SA_Sups_MOnoneclassical_LPS_04	adult	4	4	PXD004352	20150817_QEp8_JaRi_SA_Sups_MOnoneclassical_LPS_04.raw	Monocytes Non classical_LPS-4	ftp://ftp.pride.ebi.ac.uk/pride/data/archive/2017/03/PXD004352/20150817_QEp8_JaRi_SA_Sups_MOnoneclassical_LPS_04.raw	1	1	NT=Q Exactive;AC=MS:1001911	"NT=Deamidated;MT=Variable;TA=N,Q;AC=UNIMOD:7"	NT=Acetyl; MT=Variable; PP=Protein N-term; AC=UNIMOD:1	AC=UNIMOD:35;NT=Oxidation;MT=Variable;TA=M	NT=Carbamidomethyl;TA=C;MT=fixed;AC=UNIMOD:4	AC=MS:1001309;NT=Lys-C	AC=MS:1001251;NT=Trypsin	AC=MS:1002038;NT=label free sample	7 ppm	20 ppm	1
PXD004352-Sample-305	Homo sapiens	Blood	Blood	Monocytes Non classical	not available	not available	not available	normal	20150817_QEp8_JaRi_SA_Sups_MOnoneclassical_LPS_05	adult	5	5	PXD004352	20150817_QEp8_JaRi_SA_Sups_MOnoneclassical_LPS_05.raw	Monocytes Non classical_LPS-5	ftp://ftp.pride.ebi.ac.uk/pride/data/archive/2017/03/PXD004352/20150817_QEp8_JaRi_SA_Sups_MOnoneclassical_LPS_05.raw	1	1	NT=Q Exactive;AC=MS:1001911	"NT=Deamidated;MT=Variable;TA=N,Q;AC=UNIMOD:7"	NT=Acetyl; MT=Variable; PP=Protein N-term; AC=UNIMOD:1	AC=UNIMOD:35;NT=Oxidation;MT=Variable;TA=M	NT=Carbamidomethyl;TA=C;MT=fixed;AC=UNIMOD:4	AC=MS:1001309;NT=Lys-C	AC=MS:1001251;NT=Trypsin	AC=MS:1002038;NT=label free sample	7 ppm	20 ppm	1
PXD004352-Sample-306	Homo sapiens	Blood	Blood	Monocytes Non classical	not available	not available	not available	normal	20150817_QEp8_JaRi_SA_Sups_MOnoneclassical_LTA_01	adult	1	1	PXD004352	20150817_QEp8_JaRi_SA_Sups_MOnoneclassical_LTA_01.raw	Monocytes Non classical_LTA-1-1	ftp://ftp.pride.ebi.ac.uk/pride/data/archive/2017/03/PXD004352/20150817_QEp8_JaRi_SA_Sups_MOnoneclassical_LTA_01.raw	1	1	NT=Q Exactive;AC=MS:1001911	"NT=Deamidated;MT=Variable;TA=N,Q;AC=UNIMOD:7"	NT=Acetyl; MT=Variable; PP=Protein N-term; AC=UNIMOD:1	AC=UNIMOD:35;NT=Oxidation;MT=Variable;TA=M	NT=Carbamidomethyl;TA=C;MT=fixed;AC=UNIMOD:4	AC=MS:1001309;NT=Lys-C	AC=MS:1001251;NT=Trypsin	AC=MS:1002038;NT=label free sample	7 ppm	20 ppm	1
PXD004352-Sample-307	Homo sapiens	Blood	Blood	Monocytes Non classical	not available	not available	not available	normal	20150817_QEp8_JaRi_SA_Sups_MOnoneclassical_LTA_01_150826180636	adult	1	1	PXD004352	20150817_QEp8_JaRi_SA_Sups_MOnoneclassical_LTA_01_150826180636.raw	Monocytes Non classical_LTA-1-2	ftp://ftp.pride.ebi.ac.uk/pride/data/archive/2017/03/PXD004352/20150817_QEp8_JaRi_SA_Sups_MOnoneclassical_LTA_01_150826180636.raw	1	2	NT=Q Exactive;AC=MS:1001911	"NT=Deamidated;MT=Variable;TA=N,Q;AC=UNIMOD:7"	NT=Acetyl; MT=Variable; PP=Protein N-term; AC=UNIMOD:1	AC=UNIMOD:35;NT=Oxidation;MT=Variable;TA=M	NT=Carbamidomethyl;TA=C;MT=fixed;AC=UNIMOD:4	AC=MS:1001309;NT=Lys-C	AC=MS:1001251;NT=Trypsin	AC=MS:1002038;NT=label free sample	7 ppm	20 ppm	1
PXD004352-Sample-308	Homo sapiens	Blood	Blood	Monocytes Non classical	not available	not available	not available	normal	20150817_QEp8_JaRi_SA_Sups_MOnoneclassical_LTA_02	adult	2	2	PXD004352	20150817_QEp8_JaRi_SA_Sups_MOnoneclassical_LTA_02.raw	Monocytes Non classical_LTA-2-1	ftp://ftp.pride.ebi.ac.uk/pride/data/archive/2017/03/PXD004352/20150817_QEp8_JaRi_SA_Sups_MOnoneclassical_LTA_02.raw	1	1	NT=Q Exactive;AC=MS:1001911	"NT=Deamidated;MT=Variable;TA=N,Q;AC=UNIMOD:7"	NT=Acetyl; MT=Variable; PP=Protein N-term; AC=UNIMOD:1	AC=UNIMOD:35;NT=Oxidation;MT=Variable;TA=M	NT=Carbamidomethyl;TA=C;MT=fixed;AC=UNIMOD:4	AC=MS:1001309;NT=Lys-C	AC=MS:1001251;NT=Trypsin	AC=MS:1002038;NT=label free sample	7 ppm	20 ppm	1
PXD004352-Sample-309	Homo sapiens	Blood	Blood	Monocytes Non classical	not available	not available	not available	normal	20150817_QEp8_JaRi_SA_Sups_MOnoneclassical_LTA_02_150826203928	adult	2	2	PXD004352	20150817_QEp8_JaRi_SA_Sups_MOnoneclassical_LTA_02_150826203928.raw	Monocytes Non classical_LTA-2-2	ftp://ftp.pride.ebi.ac.uk/pride/data/archive/2017/03/PXD004352/20150817_QEp8_JaRi_SA_Sups_MOnoneclassical_LTA_02_150826203928.raw	1	2	NT=Q Exactive;AC=MS:1001911	"NT=Deamidated;MT=Variable;TA=N,Q;AC=UNIMOD:7"	NT=Acetyl; MT=Variable; PP=Protein N-term; AC=UNIMOD:1	AC=UNIMOD:35;NT=Oxidation;MT=Variable;TA=M	NT=Carbamidomethyl;TA=C;MT=fixed;AC=UNIMOD:4	AC=MS:1001309;NT=Lys-C	AC=MS:1001251;NT=Trypsin	AC=MS:1002038;NT=label free sample	7 ppm	20 ppm	1
PXD004352-Sample-310	Homo sapiens	Blood	Blood	Monocytes Non classical	not available	not available	not available	normal	20150817_QEp8_JaRi_SA_Sups_MOnoneclassical_LTA_03	adult	3	3	PXD004352	20150817_QEp8_JaRi_SA_Sups_MOnoneclassical_LTA_03.raw	Monocytes Non classical_LTA-3-1	ftp://ftp.pride.ebi.ac.uk/pride/data/archive/2017/03/PXD004352/20150817_QEp8_JaRi_SA_Sups_MOnoneclassical_LTA_03.raw	1	1	NT=Q Exactive;AC=MS:1001911	"NT=Deamidated;MT=Variable;TA=N,Q;AC=UNIMOD:7"	NT=Acetyl; MT=Variable; PP=Protein N-term; AC=UNIMOD:1	AC=UNIMOD:35;NT=Oxidation;MT=Variable;TA=M	NT=Carbamidomethyl;TA=C;MT=fixed;AC=UNIMOD:4	AC=MS:1001309;NT=Lys-C	AC=MS:1001251;NT=Trypsin	AC=MS:1002038;NT=label free sample	7 ppm	20 ppm	1
PXD004352-Sample-311	Homo sapiens	Blood	Blood	Monocytes Non classical	not available	not available	not available	normal	20150817_QEp8_JaRi_SA_Sups_MOnoneclassical_LTA_03_150826231251	adult	3	3	PXD004352	20150817_QEp8_JaRi_SA_Sups_MOnoneclassical_LTA_03_150826231251.raw	Monocytes Non classical_LTA-3-2	ftp://ftp.pride.ebi.ac.uk/pride/data/archive/2017/03/PXD004352/20150817_QEp8_JaRi_SA_Sups_MOnoneclassical_LTA_03_150826231251.raw	1	2	NT=Q Exactive;AC=MS:1001911	"NT=Deamidated;MT=Variable;TA=N,Q;AC=UNIMOD:7"	NT=Acetyl; MT=Variable; PP=Protein N-term; AC=UNIMOD:1	AC=UNIMOD:35;NT=Oxidation;MT=Variable;TA=M	NT=Carbamidomethyl;TA=C;MT=fixed;AC=UNIMOD:4	AC=MS:1001309;NT=Lys-C	AC=MS:1001251;NT=Trypsin	AC=MS:1002038;NT=label free sample	7 ppm	20 ppm	1
PXD004352-Sample-312	Homo sapiens	Blood	Blood	Monocytes Non classical	not available	not available	not available	normal	20150817_QEp8_JaRi_SA_Sups_MOnoneclassical_LTA_04	adult	4	4	PXD004352	20150817_QEp8_JaRi_SA_Sups_MOnoneclassical_LTA_04.raw	Monocytes Non classical_LTA-4	ftp://ftp.pride.ebi.ac.uk/pride/data/archive/2017/03/PXD004352/20150817_QEp8_JaRi_SA_Sups_MOnoneclassical_LTA_04.raw	1	1	NT=Q Exactive;AC=MS:1001911	"NT=Deamidated;MT=Variable;TA=N,Q;AC=UNIMOD:7"	NT=Acetyl; MT=Variable; PP=Protein N-term; AC=UNIMOD:1	AC=UNIMOD:35;NT=Oxidation;MT=Variable;TA=M	NT=Carbamidomethyl;TA=C;MT=fixed;AC=UNIMOD:4	AC=MS:1001309;NT=Lys-C	AC=MS:1001251;NT=Trypsin	AC=MS:1002038;NT=label free sample	7 ppm	20 ppm	1
PXD004352-Sample-313	Homo sapiens	Blood	Blood	Monocytes Non classical	not available	not available	not available	normal	20150817_QEp8_JaRi_SA_Sups_MOnoneclassical_LTA_05	adult	5	5	PXD004352	20150817_QEp8_JaRi_SA_Sups_MOnoneclassical_LTA_05.raw	Monocytes Non classical_LTA-5	ftp://ftp.pride.ebi.ac.uk/pride/data/archive/2017/03/PXD004352/20150817_QEp8_JaRi_SA_Sups_MOnoneclassical_LTA_05.raw	1	1	NT=Q Exactive;AC=MS:1001911	"NT=Deamidated;MT=Variable;TA=N,Q;AC=UNIMOD:7"	NT=Acetyl; MT=Variable; PP=Protein N-term; AC=UNIMOD:1	AC=UNIMOD:35;NT=Oxidation;MT=Variable;TA=M	NT=Carbamidomethyl;TA=C;MT=fixed;AC=UNIMOD:4	AC=MS:1001309;NT=Lys-C	AC=MS:1001251;NT=Trypsin	AC=MS:1002038;NT=label free sample	7 ppm	20 ppm	1
PXD004352-Sample-314	Homo sapiens	Blood	Blood	Monocytes Non classical	not available	not available	not available	normal	20150817_QEp8_JaRi_SA_Sups_MOnoneclassical_PIC_01	adult	1	1	PXD004352	20150817_QEp8_JaRi_SA_Sups_MOnoneclassical_PIC_01.raw	Monocytes Non classical_PIC-1	ftp://ftp.pride.ebi.ac.uk/pride/data/archive/2017/03/PXD004352/20150817_QEp8_JaRi_SA_Sups_MOnoneclassical_PIC_01.raw	1	1	NT=Q Exactive;AC=MS:1001911	"NT=Deamidated;MT=Variable;TA=N,Q;AC=UNIMOD:7"	NT=Acetyl; MT=Variable; PP=Protein N-term; AC=UNIMOD:1	AC=UNIMOD:35;NT=Oxidation;MT=Variable;TA=M	NT=Carbamidomethyl;TA=C;MT=fixed;AC=UNIMOD:4	AC=MS:1001309;NT=Lys-C	AC=MS:1001251;NT=Trypsin	AC=MS:1002038;NT=label free sample	7 ppm	20 ppm	1
PXD004352-Sample-315	Homo sapiens	Blood	Blood	Monocytes Non classical	not available	not available	not available	normal	20150817_QEp8_JaRi_SA_Sups_MOnoneclassical_PIC_02	adult	2	2	PXD004352	20150817_QEp8_JaRi_SA_Sups_MOnoneclassical_PIC_02.raw	Monocytes Non classical_PIC-2	ftp://ftp.pride.ebi.ac.uk/pride/data/archive/2017/03/PXD004352/20150817_QEp8_JaRi_SA_Sups_MOnoneclassical_PIC_02.raw	1	1	NT=Q Exactive;AC=MS:1001911	"NT=Deamidated;MT=Variable;TA=N,Q;AC=UNIMOD:7"	NT=Acetyl; MT=Variable; PP=Protein N-term; AC=UNIMOD:1	AC=UNIMOD:35;NT=Oxidation;MT=Variable;TA=M	NT=Carbamidomethyl;TA=C;MT=fixed;AC=UNIMOD:4	AC=MS:1001309;NT=Lys-C	AC=MS:1001251;NT=Trypsin	AC=MS:1002038;NT=label free sample	7 ppm	20 ppm	1
PXD004352-Sample-316	Homo sapiens	Blood	Blood	Monocytes Non classical	not available	not available	not available	normal	20150817_QEp8_JaRi_SA_Sups_MOnoneclassical_PIC_03	adult	3	3	PXD004352	20150817_QEp8_JaRi_SA_Sups_MOnoneclassical_PIC_03.raw	Monocytes Non classical_PIC-3	ftp://ftp.pride.ebi.ac.uk/pride/data/archive/2017/03/PXD004352/20150817_QEp8_JaRi_SA_Sups_MOnoneclassical_PIC_03.raw	1	1	NT=Q Exactive;AC=MS:1001911	"NT=Deamidated;MT=Variable;TA=N,Q;AC=UNIMOD:7"	NT=Acetyl; MT=Variable; PP=Protein N-term; AC=UNIMOD:1	AC=UNIMOD:35;NT=Oxidation;MT=Variable;TA=M	NT=Carbamidomethyl;TA=C;MT=fixed;AC=UNIMOD:4	AC=MS:1001309;NT=Lys-C	AC=MS:1001251;NT=Trypsin	AC=MS:1002038;NT=label free sample	7 ppm	20 ppm	1
PXD004352-Sample-317	Homo sapiens	Blood	Blood	Monocytes Non classical	not available	not available	not available	normal	20150817_QEp8_JaRi_SA_Sups_MOnoneclassical_PIC_04	adult	4	4	PXD004352	20150817_QEp8_JaRi_SA_Sups_MOnoneclassical_PIC_04.raw	Monocytes Non classical_PIC-4	ftp://ftp.pride.ebi.ac.uk/pride/data/archive/2017/03/PXD004352/20150817_QEp8_JaRi_SA_Sups_MOnoneclassical_PIC_04.raw	1	1	NT=Q Exactive;AC=MS:1001911	"NT=Deamidated;MT=Variable;TA=N,Q;AC=UNIMOD:7"	NT=Acetyl; MT=Variable; PP=Protein N-term; AC=UNIMOD:1	AC=UNIMOD:35;NT=Oxidation;MT=Variable;TA=M	NT=Carbamidomethyl;TA=C;MT=fixed;AC=UNIMOD:4	AC=MS:1001309;NT=Lys-C	AC=MS:1001251;NT=Trypsin	AC=MS:1002038;NT=label free sample	7 ppm	20 ppm	1
PXD004352-Sample-318	Homo sapiens	Blood	Blood	Monocytes Non classical	not available	not available	not available	normal	20150817_QEp8_JaRi_SA_Sups_MOnoneclassical_PIC_05	adult	5	5	PXD004352	20150817_QEp8_JaRi_SA_Sups_MOnoneclassical_PIC_05.raw	Monocytes Non classical_PIC-5	ftp://ftp.pride.ebi.ac.uk/pride/data/archive/2017/03/PXD004352/20150817_QEp8_JaRi_SA_Sups_MOnoneclassical_PIC_05.raw	1	1	NT=Q Exactive;AC=MS:1001911	"NT=Deamidated;MT=Variable;TA=N,Q;AC=UNIMOD:7"	NT=Acetyl; MT=Variable; PP=Protein N-term; AC=UNIMOD:1	AC=UNIMOD:35;NT=Oxidation;MT=Variable;TA=M	NT=Carbamidomethyl;TA=C;MT=fixed;AC=UNIMOD:4	AC=MS:1001309;NT=Lys-C	AC=MS:1001251;NT=Trypsin	AC=MS:1002038;NT=label free sample	7 ppm	20 ppm	1
PXD004352-Sample-319	Homo sapiens	Blood	Blood	Monocytes Non classical	not available	not available	not available	normal	20150817_QEp8_JaRi_SA_Sups_MOnoneclassical_R848_01	adult	1	1	PXD004352	20150817_QEp8_JaRi_SA_Sups_MOnoneclassical_R848_01.raw	Monocytes Non classical_R848-1	ftp://ftp.pride.ebi.ac.uk/pride/data/archive/2017/03/PXD004352/20150817_QEp8_JaRi_SA_Sups_MOnoneclassical_R848_01.raw	1	1	NT=Q Exactive;AC=MS:1001911	"NT=Deamidated;MT=Variable;TA=N,Q;AC=UNIMOD:7"	NT=Acetyl; MT=Variable; PP=Protein N-term; AC=UNIMOD:1	AC=UNIMOD:35;NT=Oxidation;MT=Variable;TA=M	NT=Carbamidomethyl;TA=C;MT=fixed;AC=UNIMOD:4	AC=MS:1001309;NT=Lys-C	AC=MS:1001251;NT=Trypsin	AC=MS:1002038;NT=label free sample	7 ppm	20 ppm	1
PXD004352-Sample-320	Homo sapiens	Blood	Blood	Monocytes Non classical	not available	not available	not available	normal	20150817_QEp8_JaRi_SA_Sups_MOnoneclassical_R848_02	adult	2	2	PXD004352	20150817_QEp8_JaRi_SA_Sups_MOnoneclassical_R848_02.raw	Monocytes Non classical_R848-2	ftp://ftp.pride.ebi.ac.uk/pride/data/archive/2017/03/PXD004352/20150817_QEp8_JaRi_SA_Sups_MOnoneclassical_R848_02.raw	1	1	NT=Q Exactive;AC=MS:1001911	"NT=Deamidated;MT=Variable;TA=N,Q;AC=UNIMOD:7"	NT=Acetyl; MT=Variable; PP=Protein N-term; AC=UNIMOD:1	AC=UNIMOD:35;NT=Oxidation;MT=Variable;TA=M	NT=Carbamidomethyl;TA=C;MT=fixed;AC=UNIMOD:4	AC=MS:1001309;NT=Lys-C	AC=MS:1001251;NT=Trypsin	AC=MS:1002038;NT=label free sample	7 ppm	20 ppm	1
PXD004352-Sample-321	Homo sapiens	Blood	Blood	Monocytes Non classical	not available	not available	not available	normal	20150817_QEp8_JaRi_SA_Sups_MOnoneclassical_R848_03	adult	3	3	PXD004352	20150817_QEp8_JaRi_SA_Sups_MOnoneclassical_R848_03.raw	Monocytes Non classical_R848-3	ftp://ftp.pride.ebi.ac.uk/pride/data/archive/2017/03/PXD004352/20150817_QEp8_JaRi_SA_Sups_MOnoneclassical_R848_03.raw	1	1	NT=Q Exactive;AC=MS:1001911	"NT=Deamidated;MT=Variable;TA=N,Q;AC=UNIMOD:7"	NT=Acetyl; MT=Variable; PP=Protein N-term; AC=UNIMOD:1	AC=UNIMOD:35;NT=Oxidation;MT=Variable;TA=M	NT=Carbamidomethyl;TA=C;MT=fixed;AC=UNIMOD:4	AC=MS:1001309;NT=Lys-C	AC=MS:1001251;NT=Trypsin	AC=MS:1002038;NT=label free sample	7 ppm	20 ppm	1
PXD004352-Sample-322	Homo sapiens	Blood	Blood	Monocytes Non classical	not available	not available	not available	normal	20150817_QEp8_JaRi_SA_Sups_MOnoneclassical_R848_04	adult	4	4	PXD004352	20150817_QEp8_JaRi_SA_Sups_MOnoneclassical_R848_04.raw	Monocytes Non classical_R848-4	ftp://ftp.pride.ebi.ac.uk/pride/data/archive/2017/03/PXD004352/20150817_QEp8_JaRi_SA_Sups_MOnoneclassical_R848_04.raw	1	1	NT=Q Exactive;AC=MS:1001911	"NT=Deamidated;MT=Variable;TA=N,Q;AC=UNIMOD:7"	NT=Acetyl; MT=Variable; PP=Protein N-term; AC=UNIMOD:1	AC=UNIMOD:35;NT=Oxidation;MT=Variable;TA=M	NT=Carbamidomethyl;TA=C;MT=fixed;AC=UNIMOD:4	AC=MS:1001309;NT=Lys-C	AC=MS:1001251;NT=Trypsin	AC=MS:1002038;NT=label free sample	7 ppm	20 ppm	1
PXD004352-Sample-323	Homo sapiens	Blood	Blood	Monocytes Non classical	not available	not available	not available	normal	20150817_QEp8_JaRi_SA_Sups_MOnoneclassical_R848_05	adult	5	5	PXD004352	20150817_QEp8_JaRi_SA_Sups_MOnoneclassical_R848_05.raw	Monocytes Non classical_R848-5	ftp://ftp.pride.ebi.ac.uk/pride/data/archive/2017/03/PXD004352/20150817_QEp8_JaRi_SA_Sups_MOnoneclassical_R848_05.raw	1	1	NT=Q Exactive;AC=MS:1001911	"NT=Deamidated;MT=Variable;TA=N,Q;AC=UNIMOD:7"	NT=Acetyl; MT=Variable; PP=Protein N-term; AC=UNIMOD:1	AC=UNIMOD:35;NT=Oxidation;MT=Variable;TA=M	NT=Carbamidomethyl;TA=C;MT=fixed;AC=UNIMOD:4	AC=MS:1001309;NT=Lys-C	AC=MS:1001251;NT=Trypsin	AC=MS:1002038;NT=label free sample	7 ppm	20 ppm	1
PXD004352-Sample-324	Homo sapiens	Blood	Blood	Monocytes Non classical	not available	not available	not available	normal	20150817_QEp8_JaRi_SA_Sups_MOnoneclassical_R848_06	adult	6	6	PXD004352	20150817_QEp8_JaRi_SA_Sups_MOnoneclassical_R848_06.raw	Monocytes Non classical_R848-6	ftp://ftp.pride.ebi.ac.uk/pride/data/archive/2017/03/PXD004352/20150817_QEp8_JaRi_SA_Sups_MOnoneclassical_R848_06.raw	1	1	NT=Q Exactive;AC=MS:1001911	"NT=Deamidated;MT=Variable;TA=N,Q;AC=UNIMOD:7"	NT=Acetyl; MT=Variable; PP=Protein N-term; AC=UNIMOD:1	AC=UNIMOD:35;NT=Oxidation;MT=Variable;TA=M	NT=Carbamidomethyl;TA=C;MT=fixed;AC=UNIMOD:4	AC=MS:1001309;NT=Lys-C	AC=MS:1001251;NT=Trypsin	AC=MS:1002038;NT=label free sample	7 ppm	20 ppm	1
PXD004352-Sample-325	Homo sapiens	Blood	Blood	Monocytes Non classical	not available	not available	not available	normal	MO.nonclassical_01 (steady-state)	adult	1	1	PXD004352	MO.nonclassical_01 (steady-state).raw	Monocytes Non classical_Steady state-1	ftp://ftp.pride.ebi.ac.uk/pride/data/archive/2017/03/PXD004352/MO.nonclassical_01 (steady-state).raw	1	1	NT=Q Exactive;AC=MS:1001911	"NT=Deamidated;MT=Variable;TA=N,Q;AC=UNIMOD:7"	NT=Acetyl; MT=Variable; PP=Protein N-term; AC=UNIMOD:1	AC=UNIMOD:35;NT=Oxidation;MT=Variable;TA=M	NT=Carbamidomethyl;TA=C;MT=fixed;AC=UNIMOD:4	AC=MS:1001309;NT=Lys-C	AC=MS:1001251;NT=Trypsin	AC=MS:1002038;NT=label free sample	7 ppm	20 ppm	1
PXD004352-Sample-326	Homo sapiens	Blood	Blood	Monocytes Non classical	not available	not available	not available	normal	MO.nonclassical_02 (steady-state)	adult	2	2	PXD004352	MO.nonclassical_02 (steady-state).raw	Monocytes Non classical_Steady state-2	ftp://ftp.pride.ebi.ac.uk/pride/data/archive/2017/03/PXD004352/MO.nonclassical_02 (steady-state).raw	1	1	NT=Q Exactive;AC=MS:1001911	"NT=Deamidated;MT=Variable;TA=N,Q;AC=UNIMOD:7"	NT=Acetyl; MT=Variable; PP=Protein N-term; AC=UNIMOD:1	AC=UNIMOD:35;NT=Oxidation;MT=Variable;TA=M	NT=Carbamidomethyl;TA=C;MT=fixed;AC=UNIMOD:4	AC=MS:1001309;NT=Lys-C	AC=MS:1001251;NT=Trypsin	AC=MS:1002038;NT=label free sample	7 ppm	20 ppm	1
PXD004352-Sample-327	Homo sapiens	Blood	Blood	Monocytes Non classical	not available	not available	not available	normal	MO.nonclassical_03 (steady-state)	adult	3	3	PXD004352	MO.nonclassical_03 (steady-state).raw	Monocytes Non classical_Steady state-3	ftp://ftp.pride.ebi.ac.uk/pride/data/archive/2017/03/PXD004352/MO.nonclassical_03 (steady-state).raw	1	1	NT=Q Exactive;AC=MS:1001911	"NT=Deamidated;MT=Variable;TA=N,Q;AC=UNIMOD:7"	NT=Acetyl; MT=Variable; PP=Protein N-term; AC=UNIMOD:1	AC=UNIMOD:35;NT=Oxidation;MT=Variable;TA=M	NT=Carbamidomethyl;TA=C;MT=fixed;AC=UNIMOD:4	AC=MS:1001309;NT=Lys-C	AC=MS:1001251;NT=Trypsin	AC=MS:1002038;NT=label free sample	7 ppm	20 ppm	1
PXD004352-Sample-328	Homo sapiens	Blood	Blood	Monocytes Non classical	not available	not available	not available	normal	MO.nonclassical_04 (steady-state)	adult	4	4	PXD004352	MO.nonclassical_04 (steady-state).raw	Monocytes Non classical_Steady state-4	ftp://ftp.pride.ebi.ac.uk/pride/data/archive/2017/03/PXD004352/MO.nonclassical_04 (steady-state).raw	1	1	NT=Q Exactive;AC=MS:1001911	"NT=Deamidated;MT=Variable;TA=N,Q;AC=UNIMOD:7"	NT=Acetyl; MT=Variable; PP=Protein N-term; AC=UNIMOD:1	AC=UNIMOD:35;NT=Oxidation;MT=Variable;TA=M	NT=Carbamidomethyl;TA=C;MT=fixed;AC=UNIMOD:4	AC=MS:1001309;NT=Lys-C	AC=MS:1001251;NT=Trypsin	AC=MS:1002038;NT=label free sample	7 ppm	20 ppm	1
PXD004352-Sample-329	Homo sapiens	Blood	Blood	Monocytes Non classical	not available	not available	not available	normal	20150817_QEp8_JaRi_SA_Sups_MOnoneclassical_ZYM_01	adult	1	1	PXD004352	20150817_QEp8_JaRi_SA_Sups_MOnoneclassical_ZYM_01.raw	Monocytes Non classical_ZYM-1	ftp://ftp.pride.ebi.ac.uk/pride/data/archive/2017/03/PXD004352/20150817_QEp8_JaRi_SA_Sups_MOnoneclassical_ZYM_01.raw	1	1	NT=Q Exactive;AC=MS:1001911	"NT=Deamidated;MT=Variable;TA=N,Q;AC=UNIMOD:7"	NT=Acetyl; MT=Variable; PP=Protein N-term; AC=UNIMOD:1	AC=UNIMOD:35;NT=Oxidation;MT=Variable;TA=M	NT=Carbamidomethyl;TA=C;MT=fixed;AC=UNIMOD:4	AC=MS:1001309;NT=Lys-C	AC=MS:1001251;NT=Trypsin	AC=MS:1002038;NT=label free sample	7 ppm	20 ppm	1
PXD004352-Sample-330	Homo sapiens	Blood	Blood	Monocytes Non classical	not available	not available	not available	normal	20150817_QEp8_JaRi_SA_Sups_MOnoneclassical_ZYM_02	adult	2	2	PXD004352	20150817_QEp8_JaRi_SA_Sups_MOnoneclassical_ZYM_02.raw	Monocytes Non classical_ZYM-2	ftp://ftp.pride.ebi.ac.uk/pride/data/archive/2017/03/PXD004352/20150817_QEp8_JaRi_SA_Sups_MOnoneclassical_ZYM_02.raw	1	1	NT=Q Exactive;AC=MS:1001911	"NT=Deamidated;MT=Variable;TA=N,Q;AC=UNIMOD:7"	NT=Acetyl; MT=Variable; PP=Protein N-term; AC=UNIMOD:1	AC=UNIMOD:35;NT=Oxidation;MT=Variable;TA=M	NT=Carbamidomethyl;TA=C;MT=fixed;AC=UNIMOD:4	AC=MS:1001309;NT=Lys-C	AC=MS:1001251;NT=Trypsin	AC=MS:1002038;NT=label free sample	7 ppm	20 ppm	1
PXD004352-Sample-331	Homo sapiens	Blood	Blood	Monocytes Non classical	not available	not available	not available	normal	20150817_QEp8_JaRi_SA_Sups_MOnoneclassical_ZYM_03	adult	3	3	PXD004352	20150817_QEp8_JaRi_SA_Sups_MOnoneclassical_ZYM_03.raw	Monocytes Non classical_ZYM-3	ftp://ftp.pride.ebi.ac.uk/pride/data/archive/2017/03/PXD004352/20150817_QEp8_JaRi_SA_Sups_MOnoneclassical_ZYM_03.raw	1	1	NT=Q Exactive;AC=MS:1001911	"NT=Deamidated;MT=Variable;TA=N,Q;AC=UNIMOD:7"	NT=Acetyl; MT=Variable; PP=Protein N-term; AC=UNIMOD:1	AC=UNIMOD:35;NT=Oxidation;MT=Variable;TA=M	NT=Carbamidomethyl;TA=C;MT=fixed;AC=UNIMOD:4	AC=MS:1001309;NT=Lys-C	AC=MS:1001251;NT=Trypsin	AC=MS:1002038;NT=label free sample	7 ppm	20 ppm	1
PXD004352-Sample-332	Homo sapiens	Blood	Blood	Monocytes Non classical	not available	not available	not available	normal	20150817_QEp8_JaRi_SA_Sups_MOnoneclassical_ZYM_04	adult	4	4	PXD004352	20150817_QEp8_JaRi_SA_Sups_MOnoneclassical_ZYM_04.raw	Monocytes Non classical_ZYM-4	ftp://ftp.pride.ebi.ac.uk/pride/data/archive/2017/03/PXD004352/20150817_QEp8_JaRi_SA_Sups_MOnoneclassical_ZYM_04.raw	1	1	NT=Q Exactive;AC=MS:1001911	"NT=Deamidated;MT=Variable;TA=N,Q;AC=UNIMOD:7"	NT=Acetyl; MT=Variable; PP=Protein N-term; AC=UNIMOD:1	AC=UNIMOD:35;NT=Oxidation;MT=Variable;TA=M	NT=Carbamidomethyl;TA=C;MT=fixed;AC=UNIMOD:4	AC=MS:1001309;NT=Lys-C	AC=MS:1001251;NT=Trypsin	AC=MS:1002038;NT=label free sample	7 ppm	20 ppm	1
PXD004352-Sample-333	Homo sapiens	Blood	Blood	Monocytes Non classical	not available	not available	not available	normal	20150817_QEp8_JaRi_SA_Sups_MOnoneclassical_ZYM_05	adult	5	5	PXD004352	20150817_QEp8_JaRi_SA_Sups_MOnoneclassical_ZYM_05.raw	Monocytes Non classical_ZYM-5	ftp://ftp.pride.ebi.ac.uk/pride/data/archive/2017/03/PXD004352/20150817_QEp8_JaRi_SA_Sups_MOnoneclassical_ZYM_05.raw	1	1	NT=Q Exactive;AC=MS:1001911	"NT=Deamidated;MT=Variable;TA=N,Q;AC=UNIMOD:7"	NT=Acetyl; MT=Variable; PP=Protein N-term; AC=UNIMOD:1	AC=UNIMOD:35;NT=Oxidation;MT=Variable;TA=M	NT=Carbamidomethyl;TA=C;MT=fixed;AC=UNIMOD:4	AC=MS:1001309;NT=Lys-C	AC=MS:1001251;NT=Trypsin	AC=MS:1002038;NT=label free sample	7 ppm	20 ppm	1
PXD004352-Sample-334	Homo sapiens	Blood	Blood	Natural Killer Cells CD56 Bright	not available	not available	not available	normal	NK.bright_01 (steady-state)	adult	1	1	PXD004352	NK.bright_01 (steady-state).raw	Natural Killer Cells CD56 Bright_Steady state-1	ftp://ftp.pride.ebi.ac.uk/pride/data/archive/2017/03/PXD004352/NK.bright_01 (steady-state).raw	1	1	NT=Q Exactive;AC=MS:1001911	"NT=Deamidated;MT=Variable;TA=N,Q;AC=UNIMOD:7"	NT=Acetyl; MT=Variable; PP=Protein N-term; AC=UNIMOD:1	AC=UNIMOD:35;NT=Oxidation;MT=Variable;TA=M	NT=Carbamidomethyl;TA=C;MT=fixed;AC=UNIMOD:4	AC=MS:1001309;NT=Lys-C	AC=MS:1001251;NT=Trypsin	AC=MS:1002038;NT=label free sample	7 ppm	20 ppm	1
PXD004352-Sample-335	Homo sapiens	Blood	Blood	Natural Killer Cells CD56 Bright	not available	not available	not available	normal	NK.bright_02 (steady-state)	adult	2	2	PXD004352	NK.bright_02 (steady-state).raw	Natural Killer Cells CD56 Bright_Steady state-2	ftp://ftp.pride.ebi.ac.uk/pride/data/archive/2017/03/PXD004352/NK.bright_02 (steady-state).raw	1	1	NT=Q Exactive;AC=MS:1001911	"NT=Deamidated;MT=Variable;TA=N,Q;AC=UNIMOD:7"	NT=Acetyl; MT=Variable; PP=Protein N-term; AC=UNIMOD:1	AC=UNIMOD:35;NT=Oxidation;MT=Variable;TA=M	NT=Carbamidomethyl;TA=C;MT=fixed;AC=UNIMOD:4	AC=MS:1001309;NT=Lys-C	AC=MS:1001251;NT=Trypsin	AC=MS:1002038;NT=label free sample	7 ppm	20 ppm	1
PXD004352-Sample-336	Homo sapiens	Blood	Blood	Natural Killer Cells CD56 Bright	not available	not available	not available	normal	NK.bright_03 (steady-state)	adult	3	3	PXD004352	NK.bright_03 (steady-state).raw	Natural Killer Cells CD56 Bright_Steady state-3	ftp://ftp.pride.ebi.ac.uk/pride/data/archive/2017/03/PXD004352/NK.bright_03 (steady-state).raw	1	1	NT=Q Exactive;AC=MS:1001911	"NT=Deamidated;MT=Variable;TA=N,Q;AC=UNIMOD:7"	NT=Acetyl; MT=Variable; PP=Protein N-term; AC=UNIMOD:1	AC=UNIMOD:35;NT=Oxidation;MT=Variable;TA=M	NT=Carbamidomethyl;TA=C;MT=fixed;AC=UNIMOD:4	AC=MS:1001309;NT=Lys-C	AC=MS:1001251;NT=Trypsin	AC=MS:1002038;NT=label free sample	7 ppm	20 ppm	1
PXD004352-Sample-337	Homo sapiens	Blood	Blood	Natural Killer Cells CD56 Bright	not available	not available	not available	normal	NK.bright_04 (steady-state)	adult	4	4	PXD004352	NK.bright_04 (steady-state).raw	Natural Killer Cells CD56 Bright_Steady state-4	ftp://ftp.pride.ebi.ac.uk/pride/data/archive/2017/03/PXD004352/NK.bright_04 (steady-state).raw	1	1	NT=Q Exactive;AC=MS:1001911	"NT=Deamidated;MT=Variable;TA=N,Q;AC=UNIMOD:7"	NT=Acetyl; MT=Variable; PP=Protein N-term; AC=UNIMOD:1	AC=UNIMOD:35;NT=Oxidation;MT=Variable;TA=M	NT=Carbamidomethyl;TA=C;MT=fixed;AC=UNIMOD:4	AC=MS:1001309;NT=Lys-C	AC=MS:1001251;NT=Trypsin	AC=MS:1002038;NT=label free sample	7 ppm	20 ppm	1
PXD004352-Sample-338	Homo sapiens	Blood	Blood	Natural Killer Cells CD56 Bright	not available	not available	not available	normal	NK.bright_01 (activated)	adult	1	1	PXD004352	NK.bright_01 (activated).raw	Natural Killer Cells CD56 Bright_Activated-1	ftp://ftp.pride.ebi.ac.uk/pride/data/archive/2017/03/PXD004352/NK.bright_01 (activated).raw	1	1	NT=Q Exactive;AC=MS:1001911	"NT=Deamidated;MT=Variable;TA=N,Q;AC=UNIMOD:7"	NT=Acetyl; MT=Variable; PP=Protein N-term; AC=UNIMOD:1	AC=UNIMOD:35;NT=Oxidation;MT=Variable;TA=M	NT=Carbamidomethyl;TA=C;MT=fixed;AC=UNIMOD:4	AC=MS:1001309;NT=Lys-C	AC=MS:1001251;NT=Trypsin	AC=MS:1002038;NT=label free sample	7 ppm	20 ppm	1
PXD004352-Sample-339	Homo sapiens	Blood	Blood	Natural Killer Cells CD56 Bright	not available	not available	not available	normal	NK.bright_02 (activated)	adult	2	2	PXD004352	NK.bright_02 (activated).raw	Natural Killer Cells CD56 Bright_Activated-2	ftp://ftp.pride.ebi.ac.uk/pride/data/archive/2017/03/PXD004352/NK.bright_02 (activated).raw	1	1	NT=Q Exactive;AC=MS:1001911	"NT=Deamidated;MT=Variable;TA=N,Q;AC=UNIMOD:7"	NT=Acetyl; MT=Variable; PP=Protein N-term; AC=UNIMOD:1	AC=UNIMOD:35;NT=Oxidation;MT=Variable;TA=M	NT=Carbamidomethyl;TA=C;MT=fixed;AC=UNIMOD:4	AC=MS:1001309;NT=Lys-C	AC=MS:1001251;NT=Trypsin	AC=MS:1002038;NT=label free sample	7 ppm	20 ppm	1
PXD004352-Sample-340	Homo sapiens	Blood	Blood	Natural Killer Cells CD56 Bright	not available	not available	not available	normal	NK.bright_03 (activated)	adult	3	3	PXD004352	NK.bright_03 (activated).raw	Natural Killer Cells CD56 Bright_Activated-3	ftp://ftp.pride.ebi.ac.uk/pride/data/archive/2017/03/PXD004352/NK.bright_03 (activated).raw	1	1	NT=Q Exactive;AC=MS:1001911	"NT=Deamidated;MT=Variable;TA=N,Q;AC=UNIMOD:7"	NT=Acetyl; MT=Variable; PP=Protein N-term; AC=UNIMOD:1	AC=UNIMOD:35;NT=Oxidation;MT=Variable;TA=M	NT=Carbamidomethyl;TA=C;MT=fixed;AC=UNIMOD:4	AC=MS:1001309;NT=Lys-C	AC=MS:1001251;NT=Trypsin	AC=MS:1002038;NT=label free sample	7 ppm	20 ppm	1
PXD004352-Sample-341	Homo sapiens	Blood	Blood	Natural Killer Cells CD56 Dim	not available	not available	not available	normal	NK.dim_01 (steady-state)	adult	1	1	PXD004352	NK.dim_01 (steady-state).raw	Natural Killer Cells CD56 Dim_Steady state-1	ftp://ftp.pride.ebi.ac.uk/pride/data/archive/2017/03/PXD004352/NK.dim_01 (steady-state).raw	1	1	NT=Q Exactive;AC=MS:1001911	"NT=Deamidated;MT=Variable;TA=N,Q;AC=UNIMOD:7"	NT=Acetyl; MT=Variable; PP=Protein N-term; AC=UNIMOD:1	AC=UNIMOD:35;NT=Oxidation;MT=Variable;TA=M	NT=Carbamidomethyl;TA=C;MT=fixed;AC=UNIMOD:4	AC=MS:1001309;NT=Lys-C	AC=MS:1001251;NT=Trypsin	AC=MS:1002038;NT=label free sample	7 ppm	20 ppm	1
PXD004352-Sample-342	Homo sapiens	Blood	Blood	Natural Killer Cells CD56 Dim	not available	not available	not available	normal	NK.dim_02 (steady-state)	adult	2	2	PXD004352	NK.dim_02 (steady-state).raw	Natural Killer Cells CD56 Dim_Steady state-2	ftp://ftp.pride.ebi.ac.uk/pride/data/archive/2017/03/PXD004352/NK.dim_02 (steady-state).raw	1	1	NT=Q Exactive;AC=MS:1001911	"NT=Deamidated;MT=Variable;TA=N,Q;AC=UNIMOD:7"	NT=Acetyl; MT=Variable; PP=Protein N-term; AC=UNIMOD:1	AC=UNIMOD:35;NT=Oxidation;MT=Variable;TA=M	NT=Carbamidomethyl;TA=C;MT=fixed;AC=UNIMOD:4	AC=MS:1001309;NT=Lys-C	AC=MS:1001251;NT=Trypsin	AC=MS:1002038;NT=label free sample	7 ppm	20 ppm	1
PXD004352-Sample-343	Homo sapiens	Blood	Blood	Natural Killer Cells CD56 Dim	not available	not available	not available	normal	NK.dim_03 (steady-state)	adult	3	3	PXD004352	NK.dim_03 (steady-state).raw	Natural Killer Cells CD56 Dim_Steady state-3	ftp://ftp.pride.ebi.ac.uk/pride/data/archive/2017/03/PXD004352/NK.dim_03 (steady-state).raw	1	1	NT=Q Exactive;AC=MS:1001911	"NT=Deamidated;MT=Variable;TA=N,Q;AC=UNIMOD:7"	NT=Acetyl; MT=Variable; PP=Protein N-term; AC=UNIMOD:1	AC=UNIMOD:35;NT=Oxidation;MT=Variable;TA=M	NT=Carbamidomethyl;TA=C;MT=fixed;AC=UNIMOD:4	AC=MS:1001309;NT=Lys-C	AC=MS:1001251;NT=Trypsin	AC=MS:1002038;NT=label free sample	7 ppm	20 ppm	1
PXD004352-Sample-344	Homo sapiens	Blood	Blood	Natural Killer Cells CD56 Dim	not available	not available	not available	normal	NK.dim_04 (steady-state)	adult	4	4	PXD004352	NK.dim_04 (steady-state).raw	Natural Killer Cells CD56 Dim_Steady state-4	ftp://ftp.pride.ebi.ac.uk/pride/data/archive/2017/03/PXD004352/NK.dim_04 (steady-state).raw	1	1	NT=Q Exactive;AC=MS:1001911	"NT=Deamidated;MT=Variable;TA=N,Q;AC=UNIMOD:7"	NT=Acetyl; MT=Variable; PP=Protein N-term; AC=UNIMOD:1	AC=UNIMOD:35;NT=Oxidation;MT=Variable;TA=M	NT=Carbamidomethyl;TA=C;MT=fixed;AC=UNIMOD:4	AC=MS:1001309;NT=Lys-C	AC=MS:1001251;NT=Trypsin	AC=MS:1002038;NT=label free sample	7 ppm	20 ppm	1
PXD004352-Sample-345	Homo sapiens	Blood	Blood	Natural Killer Cells CD56 Dim	not available	not available	not available	normal	NK.dim_01 (activated)	adult	1	1	PXD004352	NK.dim_01 (activated).raw	Natural Killer Cells CD56 Dim_Activated-1	ftp://ftp.pride.ebi.ac.uk/pride/data/archive/2017/03/PXD004352/NK.dim_01 (activated).raw	1	1	NT=Q Exactive;AC=MS:1001911	"NT=Deamidated;MT=Variable;TA=N,Q;AC=UNIMOD:7"	NT=Acetyl; MT=Variable; PP=Protein N-term; AC=UNIMOD:1	AC=UNIMOD:35;NT=Oxidation;MT=Variable;TA=M	NT=Carbamidomethyl;TA=C;MT=fixed;AC=UNIMOD:4	AC=MS:1001309;NT=Lys-C	AC=MS:1001251;NT=Trypsin	AC=MS:1002038;NT=label free sample	7 ppm	20 ppm	1
PXD004352-Sample-346	Homo sapiens	Blood	Blood	Natural Killer Cells CD56 Dim	not available	not available	not available	normal	NK.dim_02 (activated)	adult	2	2	PXD004352	NK.dim_02 (activated).raw	Natural Killer Cells CD56 Dim_Activated-2	ftp://ftp.pride.ebi.ac.uk/pride/data/archive/2017/03/PXD004352/NK.dim_02 (activated).raw	1	1	NT=Q Exactive;AC=MS:1001911	"NT=Deamidated;MT=Variable;TA=N,Q;AC=UNIMOD:7"	NT=Acetyl; MT=Variable; PP=Protein N-term; AC=UNIMOD:1	AC=UNIMOD:35;NT=Oxidation;MT=Variable;TA=M	NT=Carbamidomethyl;TA=C;MT=fixed;AC=UNIMOD:4	AC=MS:1001309;NT=Lys-C	AC=MS:1001251;NT=Trypsin	AC=MS:1002038;NT=label free sample	7 ppm	20 ppm	1
PXD004352-Sample-347	Homo sapiens	Blood	Blood	Natural Killer Cells CD56 Dim	not available	not available	not available	normal	NK.dim_03 (activated)	adult	3	3	PXD004352	NK.dim_03 (activated).raw	Natural Killer Cells CD56 Dim_Activated-3	ftp://ftp.pride.ebi.ac.uk/pride/data/archive/2017/03/PXD004352/NK.dim_03 (activated).raw	1	1	NT=Q Exactive;AC=MS:1001911	"NT=Deamidated;MT=Variable;TA=N,Q;AC=UNIMOD:7"	NT=Acetyl; MT=Variable; PP=Protein N-term; AC=UNIMOD:1	AC=UNIMOD:35;NT=Oxidation;MT=Variable;TA=M	NT=Carbamidomethyl;TA=C;MT=fixed;AC=UNIMOD:4	AC=MS:1001309;NT=Lys-C	AC=MS:1001251;NT=Trypsin	AC=MS:1002038;NT=label free sample	7 ppm	20 ppm	1
PXD004352-Sample-348	Homo sapiens	Blood	Blood	Neutrophil	not available	not available	not available	normal	Neutrophil_01 (steady-state)	adult	1	1	PXD004352	Neutrophil_01 (steady-state).raw	Neutrophil_Steady state-1	ftp://ftp.pride.ebi.ac.uk/pride/data/archive/2017/03/PXD004352/Neutrophil_01 (steady-state).raw	1	1	NT=Q Exactive;AC=MS:1001911	"NT=Deamidated;MT=Variable;TA=N,Q;AC=UNIMOD:7"	NT=Acetyl; MT=Variable; PP=Protein N-term; AC=UNIMOD:1	AC=UNIMOD:35;NT=Oxidation;MT=Variable;TA=M	NT=Carbamidomethyl;TA=C;MT=fixed;AC=UNIMOD:4	AC=MS:1001309;NT=Lys-C	AC=MS:1001251;NT=Trypsin	AC=MS:1002038;NT=label free sample	7 ppm	20 ppm	1
PXD004352-Sample-349	Homo sapiens	Blood	Blood	Neutrophil	not available	not available	not available	normal	Neutrophil_02 (steady-state)	adult	2	2	PXD004352	Neutrophil_02 (steady-state).raw	Neutrophil_Steady state-2	ftp://ftp.pride.ebi.ac.uk/pride/data/archive/2017/03/PXD004352/Neutrophil_02 (steady-state).raw	1	1	NT=Q Exactive;AC=MS:1001911	"NT=Deamidated;MT=Variable;TA=N,Q;AC=UNIMOD:7"	NT=Acetyl; MT=Variable; PP=Protein N-term; AC=UNIMOD:1	AC=UNIMOD:35;NT=Oxidation;MT=Variable;TA=M	NT=Carbamidomethyl;TA=C;MT=fixed;AC=UNIMOD:4	AC=MS:1001309;NT=Lys-C	AC=MS:1001251;NT=Trypsin	AC=MS:1002038;NT=label free sample	7 ppm	20 ppm	1
PXD004352-Sample-350	Homo sapiens	Blood	Blood	Neutrophil	not available	not available	not available	normal	Neutrophil_03 (steady-state)	adult	3	3	PXD004352	Neutrophil_03 (steady-state).raw	Neutrophil_Steady state-3	ftp://ftp.pride.ebi.ac.uk/pride/data/archive/2017/03/PXD004352/Neutrophil_03 (steady-state).raw	1	1	NT=Q Exactive;AC=MS:1001911	"NT=Deamidated;MT=Variable;TA=N,Q;AC=UNIMOD:7"	NT=Acetyl; MT=Variable; PP=Protein N-term; AC=UNIMOD:1	AC=UNIMOD:35;NT=Oxidation;MT=Variable;TA=M	NT=Carbamidomethyl;TA=C;MT=fixed;AC=UNIMOD:4	AC=MS:1001309;NT=Lys-C	AC=MS:1001251;NT=Trypsin	AC=MS:1002038;NT=label free sample	7 ppm	20 ppm	1
PXD004352-Sample-351	Homo sapiens	Blood	Blood	Neutrophil	not available	not available	not available	normal	Neutrophil_04 (steady-state)	adult	4	4	PXD004352	Neutrophil_04 (steady-state).raw	Neutrophil_Steady state-4	ftp://ftp.pride.ebi.ac.uk/pride/data/archive/2017/03/PXD004352/Neutrophil_04 (steady-state).raw	1	1	NT=Q Exactive;AC=MS:1001911	"NT=Deamidated;MT=Variable;TA=N,Q;AC=UNIMOD:7"	NT=Acetyl; MT=Variable; PP=Protein N-term; AC=UNIMOD:1	AC=UNIMOD:35;NT=Oxidation;MT=Variable;TA=M	NT=Carbamidomethyl;TA=C;MT=fixed;AC=UNIMOD:4	AC=MS:1001309;NT=Lys-C	AC=MS:1001251;NT=Trypsin	AC=MS:1002038;NT=label free sample	7 ppm	20 ppm	1
PXD004352-Sample-352	Homo sapiens	Blood	Blood	T Helper Cells1	not available	not available	not available	normal	Th1_01 (steady-state)	adult	1	1	PXD004352	Th1_01 (steady-state).raw	T Helper Cells1_Steady state-1	ftp://ftp.pride.ebi.ac.uk/pride/data/archive/2017/03/PXD004352/Th1_01 (steady-state).raw	1	1	NT=Q Exactive;AC=MS:1001911	"NT=Deamidated;MT=Variable;TA=N,Q;AC=UNIMOD:7"	NT=Acetyl; MT=Variable; PP=Protein N-term; AC=UNIMOD:1	AC=UNIMOD:35;NT=Oxidation;MT=Variable;TA=M	NT=Carbamidomethyl;TA=C;MT=fixed;AC=UNIMOD:4	AC=MS:1001309;NT=Lys-C	AC=MS:1001251;NT=Trypsin	AC=MS:1002038;NT=label free sample	7 ppm	20 ppm	1
PXD004352-Sample-353	Homo sapiens	Blood	Blood	T Helper Cells1	not available	not available	not available	normal	Th1_02 (steady-state)	adult	2	2	PXD004352	Th1_02 (steady-state).raw	T Helper Cells1_Steady state-2	ftp://ftp.pride.ebi.ac.uk/pride/data/archive/2017/03/PXD004352/Th1_02 (steady-state).raw	1	1	NT=Q Exactive;AC=MS:1001911	"NT=Deamidated;MT=Variable;TA=N,Q;AC=UNIMOD:7"	NT=Acetyl; MT=Variable; PP=Protein N-term; AC=UNIMOD:1	AC=UNIMOD:35;NT=Oxidation;MT=Variable;TA=M	NT=Carbamidomethyl;TA=C;MT=fixed;AC=UNIMOD:4	AC=MS:1001309;NT=Lys-C	AC=MS:1001251;NT=Trypsin	AC=MS:1002038;NT=label free sample	7 ppm	20 ppm	1
PXD004352-Sample-354	Homo sapiens	Blood	Blood	T Helper Cells1	not available	not available	not available	normal	Th1_03 (steady-state)	adult	3	3	PXD004352	Th1_03 (steady-state).raw	T Helper Cells1_Steady state-3	ftp://ftp.pride.ebi.ac.uk/pride/data/archive/2017/03/PXD004352/Th1_03 (steady-state).raw	1	1	NT=Q Exactive;AC=MS:1001911	"NT=Deamidated;MT=Variable;TA=N,Q;AC=UNIMOD:7"	NT=Acetyl; MT=Variable; PP=Protein N-term; AC=UNIMOD:1	AC=UNIMOD:35;NT=Oxidation;MT=Variable;TA=M	NT=Carbamidomethyl;TA=C;MT=fixed;AC=UNIMOD:4	AC=MS:1001309;NT=Lys-C	AC=MS:1001251;NT=Trypsin	AC=MS:1002038;NT=label free sample	7 ppm	20 ppm	1
PXD004352-Sample-355	Homo sapiens	Blood	Blood	T Helper Cells1	not available	not available	not available	normal	Th1_04 (steady-state)	adult	4	4	PXD004352	Th1_04 (steady-state).raw	T Helper Cells1_Steady state-4	ftp://ftp.pride.ebi.ac.uk/pride/data/archive/2017/03/PXD004352/Th1_04 (steady-state).raw	1	1	NT=Q Exactive;AC=MS:1001911	"NT=Deamidated;MT=Variable;TA=N,Q;AC=UNIMOD:7"	NT=Acetyl; MT=Variable; PP=Protein N-term; AC=UNIMOD:1	AC=UNIMOD:35;NT=Oxidation;MT=Variable;TA=M	NT=Carbamidomethyl;TA=C;MT=fixed;AC=UNIMOD:4	AC=MS:1001309;NT=Lys-C	AC=MS:1001251;NT=Trypsin	AC=MS:1002038;NT=label free sample	7 ppm	20 ppm	1
PXD004352-Sample-356	Homo sapiens	Blood	Blood	T Helper Cells17	not available	not available	not available	normal	Th17_01 (steady-state)	adult	1	1	PXD004352	Th17_01 (steady-state).raw	T Helper Cells17_Steady state-1	ftp://ftp.pride.ebi.ac.uk/pride/data/archive/2017/03/PXD004352/Th17_01 (steady-state).raw	1	1	NT=Q Exactive;AC=MS:1001911	"NT=Deamidated;MT=Variable;TA=N,Q;AC=UNIMOD:7"	NT=Acetyl; MT=Variable; PP=Protein N-term; AC=UNIMOD:1	AC=UNIMOD:35;NT=Oxidation;MT=Variable;TA=M	NT=Carbamidomethyl;TA=C;MT=fixed;AC=UNIMOD:4	AC=MS:1001309;NT=Lys-C	AC=MS:1001251;NT=Trypsin	AC=MS:1002038;NT=label free sample	7 ppm	20 ppm	1
PXD004352-Sample-357	Homo sapiens	Blood	Blood	T Helper Cells17	not available	not available	not available	normal	Th17_02 (steady-state)	adult	2	2	PXD004352	Th17_02 (steady-state).raw	T Helper Cells17_Steady state-2	ftp://ftp.pride.ebi.ac.uk/pride/data/archive/2017/03/PXD004352/Th17_02 (steady-state).raw	1	1	NT=Q Exactive;AC=MS:1001911	"NT=Deamidated;MT=Variable;TA=N,Q;AC=UNIMOD:7"	NT=Acetyl; MT=Variable; PP=Protein N-term; AC=UNIMOD:1	AC=UNIMOD:35;NT=Oxidation;MT=Variable;TA=M	NT=Carbamidomethyl;TA=C;MT=fixed;AC=UNIMOD:4	AC=MS:1001309;NT=Lys-C	AC=MS:1001251;NT=Trypsin	AC=MS:1002038;NT=label free sample	7 ppm	20 ppm	1
PXD004352-Sample-358	Homo sapiens	Blood	Blood	T Helper Cells17	not available	not available	not available	normal	Th17_03 (steady-state)	adult	3	3	PXD004352	Th17_03 (steady-state).raw	T Helper Cells17_Steady state-3	ftp://ftp.pride.ebi.ac.uk/pride/data/archive/2017/03/PXD004352/Th17_03 (steady-state).raw	1	1	NT=Q Exactive;AC=MS:1001911	"NT=Deamidated;MT=Variable;TA=N,Q;AC=UNIMOD:7"	NT=Acetyl; MT=Variable; PP=Protein N-term; AC=UNIMOD:1	AC=UNIMOD:35;NT=Oxidation;MT=Variable;TA=M	NT=Carbamidomethyl;TA=C;MT=fixed;AC=UNIMOD:4	AC=MS:1001309;NT=Lys-C	AC=MS:1001251;NT=Trypsin	AC=MS:1002038;NT=label free sample	7 ppm	20 ppm	1
PXD004352-Sample-359	Homo sapiens	Blood	Blood	T Helper Cells17	not available	not available	not available	normal	Th17_04 (steady-state)	adult	4	4	PXD004352	Th17_04 (steady-state).raw	T Helper Cells17_Steady state-4	ftp://ftp.pride.ebi.ac.uk/pride/data/archive/2017/03/PXD004352/Th17_04 (steady-state).raw	1	1	NT=Q Exactive;AC=MS:1001911	"NT=Deamidated;MT=Variable;TA=N,Q;AC=UNIMOD:7"	NT=Acetyl; MT=Variable; PP=Protein N-term; AC=UNIMOD:1	AC=UNIMOD:35;NT=Oxidation;MT=Variable;TA=M	NT=Carbamidomethyl;TA=C;MT=fixed;AC=UNIMOD:4	AC=MS:1001309;NT=Lys-C	AC=MS:1001251;NT=Trypsin	AC=MS:1002038;NT=label free sample	7 ppm	20 ppm	1
PXD004352-Sample-360	Homo sapiens	Blood	Blood	T Helper Cells2	not available	not available	not available	normal	Th2_01 (steady-state)	adult	1	1	PXD004352	Th2_01 (steady-state).raw	T Helper Cells2_Steady state-1	ftp://ftp.pride.ebi.ac.uk/pride/data/archive/2017/03/PXD004352/Th2_01 (steady-state).raw	1	1	NT=Q Exactive;AC=MS:1001911	"NT=Deamidated;MT=Variable;TA=N,Q;AC=UNIMOD:7"	NT=Acetyl; MT=Variable; PP=Protein N-term; AC=UNIMOD:1	AC=UNIMOD:35;NT=Oxidation;MT=Variable;TA=M	NT=Carbamidomethyl;TA=C;MT=fixed;AC=UNIMOD:4	AC=MS:1001309;NT=Lys-C	AC=MS:1001251;NT=Trypsin	AC=MS:1002038;NT=label free sample	7 ppm	20 ppm	1
PXD004352-Sample-361	Homo sapiens	Blood	Blood	T Helper Cells2	not available	not available	not available	normal	Th2_02 (steady-state)	adult	2	2	PXD004352	Th2_02 (steady-state).raw	T Helper Cells2_Steady state-2	ftp://ftp.pride.ebi.ac.uk/pride/data/archive/2017/03/PXD004352/Th2_02 (steady-state).raw	1	1	NT=Q Exactive;AC=MS:1001911	"NT=Deamidated;MT=Variable;TA=N,Q;AC=UNIMOD:7"	NT=Acetyl; MT=Variable; PP=Protein N-term; AC=UNIMOD:1	AC=UNIMOD:35;NT=Oxidation;MT=Variable;TA=M	NT=Carbamidomethyl;TA=C;MT=fixed;AC=UNIMOD:4	AC=MS:1001309;NT=Lys-C	AC=MS:1001251;NT=Trypsin	AC=MS:1002038;NT=label free sample	7 ppm	20 ppm	1
PXD004352-Sample-362	Homo sapiens	Blood	Blood	T Helper Cells2	not available	not available	not available	normal	Th2_03 (steady-state)	adult	3	3	PXD004352	Th2_03 (steady-state).raw	T Helper Cells2_Steady state-3	ftp://ftp.pride.ebi.ac.uk/pride/data/archive/2017/03/PXD004352/Th2_03 (steady-state).raw	1	1	NT=Q Exactive;AC=MS:1001911	"NT=Deamidated;MT=Variable;TA=N,Q;AC=UNIMOD:7"	NT=Acetyl; MT=Variable; PP=Protein N-term; AC=UNIMOD:1	AC=UNIMOD:35;NT=Oxidation;MT=Variable;TA=M	NT=Carbamidomethyl;TA=C;MT=fixed;AC=UNIMOD:4	AC=MS:1001309;NT=Lys-C	AC=MS:1001251;NT=Trypsin	AC=MS:1002038;NT=label free sample	7 ppm	20 ppm	1
PXD004352-Sample-363	Homo sapiens	Blood	Blood	T Helper Cells2	not available	not available	not available	normal	Th2_04 (steady-state)	adult	4	4	PXD004352	Th2_04 (steady-state).raw	T Helper Cells2_Steady state-4	ftp://ftp.pride.ebi.ac.uk/pride/data/archive/2017/03/PXD004352/Th2_04 (steady-state).raw	1	1	NT=Q Exactive;AC=MS:1001911	"NT=Deamidated;MT=Variable;TA=N,Q;AC=UNIMOD:7"	NT=Acetyl; MT=Variable; PP=Protein N-term; AC=UNIMOD:1	AC=UNIMOD:35;NT=Oxidation;MT=Variable;TA=M	NT=Carbamidomethyl;TA=C;MT=fixed;AC=UNIMOD:4	AC=MS:1001309;NT=Lys-C	AC=MS:1001251;NT=Trypsin	AC=MS:1002038;NT=label free sample	7 ppm	20 ppm	1
PXD004352-Sample-364	Homo sapiens	Blood	Blood	T Regulatory Cells Memory	not available	not available	not available	normal	mTregs_01 (activated)	adult	1	1	PXD004352	mTregs_01 (activated).raw	T Regulatory Cells Memory_Activated-1	ftp://ftp.pride.ebi.ac.uk/pride/data/archive/2017/03/PXD004352/mTregs_01 (activated).raw	1	1	NT=Q Exactive;AC=MS:1001911	"NT=Deamidated;MT=Variable;TA=N,Q;AC=UNIMOD:7"	NT=Acetyl; MT=Variable; PP=Protein N-term; AC=UNIMOD:1	AC=UNIMOD:35;NT=Oxidation;MT=Variable;TA=M	NT=Carbamidomethyl;TA=C;MT=fixed;AC=UNIMOD:4	AC=MS:1001309;NT=Lys-C	AC=MS:1001251;NT=Trypsin	AC=MS:1002038;NT=label free sample	7 ppm	20 ppm	1
PXD004352-Sample-365	Homo sapiens	Blood	Blood	T Regulatory Cells Memory	not available	not available	not available	normal	mTregs_02 (activated)	adult	2	2	PXD004352	mTregs_02 (activated).raw	T Regulatory Cells Memory_Activated-2	ftp://ftp.pride.ebi.ac.uk/pride/data/archive/2017/03/PXD004352/mTregs_02 (activated).raw	1	1	NT=Q Exactive;AC=MS:1001911	"NT=Deamidated;MT=Variable;TA=N,Q;AC=UNIMOD:7"	NT=Acetyl; MT=Variable; PP=Protein N-term; AC=UNIMOD:1	AC=UNIMOD:35;NT=Oxidation;MT=Variable;TA=M	NT=Carbamidomethyl;TA=C;MT=fixed;AC=UNIMOD:4	AC=MS:1001309;NT=Lys-C	AC=MS:1001251;NT=Trypsin	AC=MS:1002038;NT=label free sample	7 ppm	20 ppm	1
PXD004352-Sample-366	Homo sapiens	Blood	Blood	T Regulatory Cells Memory	not available	not available	not available	normal	mTregs_03 (activated)	adult	3	3	PXD004352	mTregs_03 (activated).raw	T Regulatory Cells Memory_Activated-3	ftp://ftp.pride.ebi.ac.uk/pride/data/archive/2017/03/PXD004352/mTregs_03 (activated).raw	1	1	NT=Q Exactive;AC=MS:1001911	"NT=Deamidated;MT=Variable;TA=N,Q;AC=UNIMOD:7"	NT=Acetyl; MT=Variable; PP=Protein N-term; AC=UNIMOD:1	AC=UNIMOD:35;NT=Oxidation;MT=Variable;TA=M	NT=Carbamidomethyl;TA=C;MT=fixed;AC=UNIMOD:4	AC=MS:1001309;NT=Lys-C	AC=MS:1001251;NT=Trypsin	AC=MS:1002038;NT=label free sample	7 ppm	20 ppm	1
PXD004352-Sample-367	Homo sapiens	Blood	Blood	T Regulatory Cells Memory	not available	not available	not available	normal	20150112_EXQ00_JaRi_SA_Sups_mTregs_n_01	adult	1	1	PXD004352	20150112_EXQ00_JaRi_SA_Sups_mTregs_n_01.raw	T Regulatory Cells Memory_Negative-1	ftp://ftp.pride.ebi.ac.uk/pride/data/archive/2017/03/PXD004352/20150112_EXQ00_JaRi_SA_Sups_mTregs_n_01.raw	1	1	NT=Q Exactive;AC=MS:1001911	"NT=Deamidated;MT=Variable;TA=N,Q;AC=UNIMOD:7"	NT=Acetyl; MT=Variable; PP=Protein N-term; AC=UNIMOD:1	AC=UNIMOD:35;NT=Oxidation;MT=Variable;TA=M	NT=Carbamidomethyl;TA=C;MT=fixed;AC=UNIMOD:4	AC=MS:1001309;NT=Lys-C	AC=MS:1001251;NT=Trypsin	AC=MS:1002038;NT=label free sample	7 ppm	20 ppm	1
PXD004352-Sample-368	Homo sapiens	Blood	Blood	T Regulatory Cells Memory	not available	not available	not available	normal	20150112_EXQ00_JaRi_SA_Sups_mTregs_n_02	adult	2	2	PXD004352	20150112_EXQ00_JaRi_SA_Sups_mTregs_n_02.raw	T Regulatory Cells Memory_Negative-2	ftp://ftp.pride.ebi.ac.uk/pride/data/archive/2017/03/PXD004352/20150112_EXQ00_JaRi_SA_Sups_mTregs_n_02.raw	1	1	NT=Q Exactive;AC=MS:1001911	"NT=Deamidated;MT=Variable;TA=N,Q;AC=UNIMOD:7"	NT=Acetyl; MT=Variable; PP=Protein N-term; AC=UNIMOD:1	AC=UNIMOD:35;NT=Oxidation;MT=Variable;TA=M	NT=Carbamidomethyl;TA=C;MT=fixed;AC=UNIMOD:4	AC=MS:1001309;NT=Lys-C	AC=MS:1001251;NT=Trypsin	AC=MS:1002038;NT=label free sample	7 ppm	20 ppm	1
PXD004352-Sample-369	Homo sapiens	Blood	Blood	T Regulatory Cells Memory	not available	not available	not available	normal	20150112_EXQ00_JaRi_SA_Sups_mTregs_n_03	adult	3	3	PXD004352	20150112_EXQ00_JaRi_SA_Sups_mTregs_n_03.raw	T Regulatory Cells Memory_Negative-3	ftp://ftp.pride.ebi.ac.uk/pride/data/archive/2017/03/PXD004352/20150112_EXQ00_JaRi_SA_Sups_mTregs_n_03.raw	1	1	NT=Q Exactive;AC=MS:1001911	"NT=Deamidated;MT=Variable;TA=N,Q;AC=UNIMOD:7"	NT=Acetyl; MT=Variable; PP=Protein N-term; AC=UNIMOD:1	AC=UNIMOD:35;NT=Oxidation;MT=Variable;TA=M	NT=Carbamidomethyl;TA=C;MT=fixed;AC=UNIMOD:4	AC=MS:1001309;NT=Lys-C	AC=MS:1001251;NT=Trypsin	AC=MS:1002038;NT=label free sample	7 ppm	20 ppm	1
PXD004352-Sample-370	Homo sapiens	Blood	Blood	T Regulatory Cells Memory	not available	not available	not available	normal	20150112_EXQ00_JaRi_SA_Sups_mTregs_p_01	adult	1	1	PXD004352	20150112_EXQ00_JaRi_SA_Sups_mTregs_p_01.raw	T Regulatory Cells Memory_Positive-1	ftp://ftp.pride.ebi.ac.uk/pride/data/archive/2017/03/PXD004352/20150112_EXQ00_JaRi_SA_Sups_mTregs_p_01.raw	1	1	NT=Q Exactive;AC=MS:1001911	"NT=Deamidated;MT=Variable;TA=N,Q;AC=UNIMOD:7"	NT=Acetyl; MT=Variable; PP=Protein N-term; AC=UNIMOD:1	AC=UNIMOD:35;NT=Oxidation;MT=Variable;TA=M	NT=Carbamidomethyl;TA=C;MT=fixed;AC=UNIMOD:4	AC=MS:1001309;NT=Lys-C	AC=MS:1001251;NT=Trypsin	AC=MS:1002038;NT=label free sample	7 ppm	20 ppm	1
PXD004352-Sample-371	Homo sapiens	Blood	Blood	T Regulatory Cells Memory	not available	not available	not available	normal	20150112_EXQ00_JaRi_SA_Sups_mTregs_p_02	adult	2	2	PXD004352	20150112_EXQ00_JaRi_SA_Sups_mTregs_p_02.raw	T Regulatory Cells Memory_Positive-2	ftp://ftp.pride.ebi.ac.uk/pride/data/archive/2017/03/PXD004352/20150112_EXQ00_JaRi_SA_Sups_mTregs_p_02.raw	1	1	NT=Q Exactive;AC=MS:1001911	"NT=Deamidated;MT=Variable;TA=N,Q;AC=UNIMOD:7"	NT=Acetyl; MT=Variable; PP=Protein N-term; AC=UNIMOD:1	AC=UNIMOD:35;NT=Oxidation;MT=Variable;TA=M	NT=Carbamidomethyl;TA=C;MT=fixed;AC=UNIMOD:4	AC=MS:1001309;NT=Lys-C	AC=MS:1001251;NT=Trypsin	AC=MS:1002038;NT=label free sample	7 ppm	20 ppm	1
PXD004352-Sample-372	Homo sapiens	Blood	Blood	T Regulatory Cells Memory	not available	not available	not available	normal	20150112_EXQ00_JaRi_SA_Sups_mTregs_p_03	adult	3	3	PXD004352	20150112_EXQ00_JaRi_SA_Sups_mTregs_p_03.raw	T Regulatory Cells Memory_Positive-3	ftp://ftp.pride.ebi.ac.uk/pride/data/archive/2017/03/PXD004352/20150112_EXQ00_JaRi_SA_Sups_mTregs_p_03.raw	1	1	NT=Q Exactive;AC=MS:1001911	"NT=Deamidated;MT=Variable;TA=N,Q;AC=UNIMOD:7"	NT=Acetyl; MT=Variable; PP=Protein N-term; AC=UNIMOD:1	AC=UNIMOD:35;NT=Oxidation;MT=Variable;TA=M	NT=Carbamidomethyl;TA=C;MT=fixed;AC=UNIMOD:4	AC=MS:1001309;NT=Lys-C	AC=MS:1001251;NT=Trypsin	AC=MS:1002038;NT=label free sample	7 ppm	20 ppm	1
PXD004352-Sample-373	Homo sapiens	Blood	Blood	T Regulatory Cells Memory	not available	not available	not available	normal	mTregs_01 (steady-state)	adult	1	1	PXD004352	mTregs_01 (steady-state).raw	T Regulatory Cells Memory_Steady state-1	ftp://ftp.pride.ebi.ac.uk/pride/data/archive/2017/03/PXD004352/mTregs_01 (steady-state).raw	1	1	NT=Q Exactive;AC=MS:1001911	"NT=Deamidated;MT=Variable;TA=N,Q;AC=UNIMOD:7"	NT=Acetyl; MT=Variable; PP=Protein N-term; AC=UNIMOD:1	AC=UNIMOD:35;NT=Oxidation;MT=Variable;TA=M	NT=Carbamidomethyl;TA=C;MT=fixed;AC=UNIMOD:4	AC=MS:1001309;NT=Lys-C	AC=MS:1001251;NT=Trypsin	AC=MS:1002038;NT=label free sample	7 ppm	20 ppm	1
PXD004352-Sample-374	Homo sapiens	Blood	Blood	T Regulatory Cells Memory	not available	not available	not available	normal	mTregs_02 (steady-state)	adult	2	2	PXD004352	mTregs_02 (steady-state).raw	T Regulatory Cells Memory_Steady state-2	ftp://ftp.pride.ebi.ac.uk/pride/data/archive/2017/03/PXD004352/mTregs_02 (steady-state).raw	1	1	NT=Q Exactive;AC=MS:1001911	"NT=Deamidated;MT=Variable;TA=N,Q;AC=UNIMOD:7"	NT=Acetyl; MT=Variable; PP=Protein N-term; AC=UNIMOD:1	AC=UNIMOD:35;NT=Oxidation;MT=Variable;TA=M	NT=Carbamidomethyl;TA=C;MT=fixed;AC=UNIMOD:4	AC=MS:1001309;NT=Lys-C	AC=MS:1001251;NT=Trypsin	AC=MS:1002038;NT=label free sample	7 ppm	20 ppm	1
PXD004352-Sample-375	Homo sapiens	Blood	Blood	T Regulatory Cells Memory	not available	not available	not available	normal	mTregs_03 (steady-state)	adult	3	3	PXD004352	mTregs_03 (steady-state).raw	T Regulatory Cells Memory_Steady state-3	ftp://ftp.pride.ebi.ac.uk/pride/data/archive/2017/03/PXD004352/mTregs_03 (steady-state).raw	1	1	NT=Q Exactive;AC=MS:1001911	"NT=Deamidated;MT=Variable;TA=N,Q;AC=UNIMOD:7"	NT=Acetyl; MT=Variable; PP=Protein N-term; AC=UNIMOD:1	AC=UNIMOD:35;NT=Oxidation;MT=Variable;TA=M	NT=Carbamidomethyl;TA=C;MT=fixed;AC=UNIMOD:4	AC=MS:1001309;NT=Lys-C	AC=MS:1001251;NT=Trypsin	AC=MS:1002038;NT=label free sample	7 ppm	20 ppm	1
PXD004352-Sample-376	Homo sapiens	Blood	Blood	T Regulatory Cells Memory	not available	not available	not available	normal	mTregs_04 (steady-state)	adult	4	4	PXD004352	mTregs_04 (steady-state).raw	T Regulatory Cells Memory_Steady state-4	ftp://ftp.pride.ebi.ac.uk/pride/data/archive/2017/03/PXD004352/mTregs_04 (steady-state).raw	1	1	NT=Q Exactive;AC=MS:1001911	"NT=Deamidated;MT=Variable;TA=N,Q;AC=UNIMOD:7"	NT=Acetyl; MT=Variable; PP=Protein N-term; AC=UNIMOD:1	AC=UNIMOD:35;NT=Oxidation;MT=Variable;TA=M	NT=Carbamidomethyl;TA=C;MT=fixed;AC=UNIMOD:4	AC=MS:1001309;NT=Lys-C	AC=MS:1001251;NT=Trypsin	AC=MS:1002038;NT=label free sample	7 ppm	20 ppm	1
PXD004352-Sample-377	Homo sapiens	Blood	Blood	T Regulatory Cells Naive	not available	not available	not available	normal	nTregs_01 (activated)	adult	1	1	PXD004352	nTregs_01 (activated).raw	T Regulatory Cells Naive_Activated-1	ftp://ftp.pride.ebi.ac.uk/pride/data/archive/2017/03/PXD004352/nTregs_01 (activated).raw	1	1	NT=Q Exactive;AC=MS:1001911	"NT=Deamidated;MT=Variable;TA=N,Q;AC=UNIMOD:7"	NT=Acetyl; MT=Variable; PP=Protein N-term; AC=UNIMOD:1	AC=UNIMOD:35;NT=Oxidation;MT=Variable;TA=M	NT=Carbamidomethyl;TA=C;MT=fixed;AC=UNIMOD:4	AC=MS:1001309;NT=Lys-C	AC=MS:1001251;NT=Trypsin	AC=MS:1002038;NT=label free sample	7 ppm	20 ppm	1
PXD004352-Sample-378	Homo sapiens	Blood	Blood	T Regulatory Cells Naive	not available	not available	not available	normal	nTregs_02 (activated)	adult	2	2	PXD004352	nTregs_02 (activated).raw	T Regulatory Cells Naive_Activated-2	ftp://ftp.pride.ebi.ac.uk/pride/data/archive/2017/03/PXD004352/nTregs_02 (activated).raw	1	1	NT=Q Exactive;AC=MS:1001911	"NT=Deamidated;MT=Variable;TA=N,Q;AC=UNIMOD:7"	NT=Acetyl; MT=Variable; PP=Protein N-term; AC=UNIMOD:1	AC=UNIMOD:35;NT=Oxidation;MT=Variable;TA=M	NT=Carbamidomethyl;TA=C;MT=fixed;AC=UNIMOD:4	AC=MS:1001309;NT=Lys-C	AC=MS:1001251;NT=Trypsin	AC=MS:1002038;NT=label free sample	7 ppm	20 ppm	1
PXD004352-Sample-379	Homo sapiens	Blood	Blood	T Regulatory Cells Naive	not available	not available	not available	normal	nTregs_03 (activated)	adult	3	3	PXD004352	nTregs_03 (activated).raw	T Regulatory Cells Naive_Activated-3	ftp://ftp.pride.ebi.ac.uk/pride/data/archive/2017/03/PXD004352/nTregs_03 (activated).raw	1	1	NT=Q Exactive;AC=MS:1001911	"NT=Deamidated;MT=Variable;TA=N,Q;AC=UNIMOD:7"	NT=Acetyl; MT=Variable; PP=Protein N-term; AC=UNIMOD:1	AC=UNIMOD:35;NT=Oxidation;MT=Variable;TA=M	NT=Carbamidomethyl;TA=C;MT=fixed;AC=UNIMOD:4	AC=MS:1001309;NT=Lys-C	AC=MS:1001251;NT=Trypsin	AC=MS:1002038;NT=label free sample	7 ppm	20 ppm	1
PXD004352-Sample-380	Homo sapiens	Blood	Blood	T Regulatory Cells Naive	not available	not available	not available	normal	20150112_EXQ00_JaRi_SA_Sups_nTregs_n_01	adult	1	1	PXD004352	20150112_EXQ00_JaRi_SA_Sups_nTregs_n_01.raw	T Regulatory Cells Naive_Negative-1	ftp://ftp.pride.ebi.ac.uk/pride/data/archive/2017/03/PXD004352/20150112_EXQ00_JaRi_SA_Sups_nTregs_n_01.raw	1	1	NT=Q Exactive;AC=MS:1001911	"NT=Deamidated;MT=Variable;TA=N,Q;AC=UNIMOD:7"	NT=Acetyl; MT=Variable; PP=Protein N-term; AC=UNIMOD:1	AC=UNIMOD:35;NT=Oxidation;MT=Variable;TA=M	NT=Carbamidomethyl;TA=C;MT=fixed;AC=UNIMOD:4	AC=MS:1001309;NT=Lys-C	AC=MS:1001251;NT=Trypsin	AC=MS:1002038;NT=label free sample	7 ppm	20 ppm	1
PXD004352-Sample-381	Homo sapiens	Blood	Blood	T Regulatory Cells Naive	not available	not available	not available	normal	20150112_EXQ00_JaRi_SA_Sups_nTregs_n_02	adult	2	2	PXD004352	20150112_EXQ00_JaRi_SA_Sups_nTregs_n_02.raw	T Regulatory Cells Naive_Negative-2	ftp://ftp.pride.ebi.ac.uk/pride/data/archive/2017/03/PXD004352/20150112_EXQ00_JaRi_SA_Sups_nTregs_n_02.raw	1	1	NT=Q Exactive;AC=MS:1001911	"NT=Deamidated;MT=Variable;TA=N,Q;AC=UNIMOD:7"	NT=Acetyl; MT=Variable; PP=Protein N-term; AC=UNIMOD:1	AC=UNIMOD:35;NT=Oxidation;MT=Variable;TA=M	NT=Carbamidomethyl;TA=C;MT=fixed;AC=UNIMOD:4	AC=MS:1001309;NT=Lys-C	AC=MS:1001251;NT=Trypsin	AC=MS:1002038;NT=label free sample	7 ppm	20 ppm	1
PXD004352-Sample-382	Homo sapiens	Blood	Blood	T Regulatory Cells Naive	not available	not available	not available	normal	20150112_EXQ00_JaRi_SA_Sups_nTregs_n_03	adult	3	3	PXD004352	20150112_EXQ00_JaRi_SA_Sups_nTregs_n_03.raw	T Regulatory Cells Naive_Negative-3	ftp://ftp.pride.ebi.ac.uk/pride/data/archive/2017/03/PXD004352/20150112_EXQ00_JaRi_SA_Sups_nTregs_n_03.raw	1	1	NT=Q Exactive;AC=MS:1001911	"NT=Deamidated;MT=Variable;TA=N,Q;AC=UNIMOD:7"	NT=Acetyl; MT=Variable; PP=Protein N-term; AC=UNIMOD:1	AC=UNIMOD:35;NT=Oxidation;MT=Variable;TA=M	NT=Carbamidomethyl;TA=C;MT=fixed;AC=UNIMOD:4	AC=MS:1001309;NT=Lys-C	AC=MS:1001251;NT=Trypsin	AC=MS:1002038;NT=label free sample	7 ppm	20 ppm	1
PXD004352-Sample-383	Homo sapiens	Blood	Blood	T Regulatory Cells Naive	not available	not available	not available	normal	20150112_EXQ00_JaRi_SA_Sups_nTregs_p_01	adult	1	1	PXD004352	20150112_EXQ00_JaRi_SA_Sups_nTregs_p_01.raw	T Regulatory Cells Naive_Positive-1	ftp://ftp.pride.ebi.ac.uk/pride/data/archive/2017/03/PXD004352/20150112_EXQ00_JaRi_SA_Sups_nTregs_p_01.raw	1	1	NT=Q Exactive;AC=MS:1001911	"NT=Deamidated;MT=Variable;TA=N,Q;AC=UNIMOD:7"	NT=Acetyl; MT=Variable; PP=Protein N-term; AC=UNIMOD:1	AC=UNIMOD:35;NT=Oxidation;MT=Variable;TA=M	NT=Carbamidomethyl;TA=C;MT=fixed;AC=UNIMOD:4	AC=MS:1001309;NT=Lys-C	AC=MS:1001251;NT=Trypsin	AC=MS:1002038;NT=label free sample	7 ppm	20 ppm	1
PXD004352-Sample-384	Homo sapiens	Blood	Blood	T Regulatory Cells Naive	not available	not available	not available	normal	20150112_EXQ00_JaRi_SA_Sups_nTregs_p_02	adult	2	2	PXD004352	20150112_EXQ00_JaRi_SA_Sups_nTregs_p_02.raw	T Regulatory Cells Naive_Positive-2	ftp://ftp.pride.ebi.ac.uk/pride/data/archive/2017/03/PXD004352/20150112_EXQ00_JaRi_SA_Sups_nTregs_p_02.raw	1	1	NT=Q Exactive;AC=MS:1001911	"NT=Deamidated;MT=Variable;TA=N,Q;AC=UNIMOD:7"	NT=Acetyl; MT=Variable; PP=Protein N-term; AC=UNIMOD:1	AC=UNIMOD:35;NT=Oxidation;MT=Variable;TA=M	NT=Carbamidomethyl;TA=C;MT=fixed;AC=UNIMOD:4	AC=MS:1001309;NT=Lys-C	AC=MS:1001251;NT=Trypsin	AC=MS:1002038;NT=label free sample	7 ppm	20 ppm	1
PXD004352-Sample-385	Homo sapiens	Blood	Blood	T Regulatory Cells Naive	not available	not available	not available	normal	20150112_EXQ00_JaRi_SA_Sups_nTregs_p_03	adult	3	3	PXD004352	20150112_EXQ00_JaRi_SA_Sups_nTregs_p_03.raw	T Regulatory Cells Naive_Positive-3	ftp://ftp.pride.ebi.ac.uk/pride/data/archive/2017/03/PXD004352/20150112_EXQ00_JaRi_SA_Sups_nTregs_p_03.raw	1	1	NT=Q Exactive;AC=MS:1001911	"NT=Deamidated;MT=Variable;TA=N,Q;AC=UNIMOD:7"	NT=Acetyl; MT=Variable; PP=Protein N-term; AC=UNIMOD:1	AC=UNIMOD:35;NT=Oxidation;MT=Variable;TA=M	NT=Carbamidomethyl;TA=C;MT=fixed;AC=UNIMOD:4	AC=MS:1001309;NT=Lys-C	AC=MS:1001251;NT=Trypsin	AC=MS:1002038;NT=label free sample	7 ppm	20 ppm	1
PXD004352-Sample-386	Homo sapiens	Blood	Blood	T Regulatory Cells Naive	not available	not available	not available	normal	nTregs_01 (steady-state)	adult	1	1	PXD004352	nTregs_01 (steady-state).raw	T Regulatory Cells Naive_Steady state-1	ftp://ftp.pride.ebi.ac.uk/pride/data/archive/2017/03/PXD004352/nTregs_01 (steady-state).raw	1	1	NT=Q Exactive;AC=MS:1001911	"NT=Deamidated;MT=Variable;TA=N,Q;AC=UNIMOD:7"	NT=Acetyl; MT=Variable; PP=Protein N-term; AC=UNIMOD:1	AC=UNIMOD:35;NT=Oxidation;MT=Variable;TA=M	NT=Carbamidomethyl;TA=C;MT=fixed;AC=UNIMOD:4	AC=MS:1001309;NT=Lys-C	AC=MS:1001251;NT=Trypsin	AC=MS:1002038;NT=label free sample	7 ppm	20 ppm	1
PXD004352-Sample-387	Homo sapiens	Blood	Blood	T Regulatory Cells Naive	not available	not available	not available	normal	nTregs_02 (steady-state)	adult	2	2	PXD004352	nTregs_02 (steady-state).raw	T Regulatory Cells Naive_Steady state-2	ftp://ftp.pride.ebi.ac.uk/pride/data/archive/2017/03/PXD004352/nTregs_02 (steady-state).raw	1	1	NT=Q Exactive;AC=MS:1001911	"NT=Deamidated;MT=Variable;TA=N,Q;AC=UNIMOD:7"	NT=Acetyl; MT=Variable; PP=Protein N-term; AC=UNIMOD:1	AC=UNIMOD:35;NT=Oxidation;MT=Variable;TA=M	NT=Carbamidomethyl;TA=C;MT=fixed;AC=UNIMOD:4	AC=MS:1001309;NT=Lys-C	AC=MS:1001251;NT=Trypsin	AC=MS:1002038;NT=label free sample	7 ppm	20 ppm	1
PXD004352-Sample-388	Homo sapiens	Blood	Blood	T Regulatory Cells Naive	not available	not available	not available	normal	nTregs_03 (steady-state)	adult	3	3	PXD004352	nTregs_03 (steady-state).raw	T Regulatory Cells Naive_Steady state-3	ftp://ftp.pride.ebi.ac.uk/pride/data/archive/2017/03/PXD004352/nTregs_03 (steady-state).raw	1	1	NT=Q Exactive;AC=MS:1001911	"NT=Deamidated;MT=Variable;TA=N,Q;AC=UNIMOD:7"	NT=Acetyl; MT=Variable; PP=Protein N-term; AC=UNIMOD:1	AC=UNIMOD:35;NT=Oxidation;MT=Variable;TA=M	NT=Carbamidomethyl;TA=C;MT=fixed;AC=UNIMOD:4	AC=MS:1001309;NT=Lys-C	AC=MS:1001251;NT=Trypsin	AC=MS:1002038;NT=label free sample	7 ppm	20 ppm	1
PXD004352-Sample-389	Homo sapiens	Blood	Blood	T Regulatory Cells Naive	not available	not available	not available	normal	nTregs_04 (steady-state)	adult	4	4	PXD004352	nTregs_04 (steady-state).raw	T Regulatory Cells Naive_Steady state-4	ftp://ftp.pride.ebi.ac.uk/pride/data/archive/2017/03/PXD004352/nTregs_04 (steady-state).raw	1	1	NT=Q Exactive;AC=MS:1001911	"NT=Deamidated;MT=Variable;TA=N,Q;AC=UNIMOD:7"	NT=Acetyl; MT=Variable; PP=Protein N-term; AC=UNIMOD:1	AC=UNIMOD:35;NT=Oxidation;MT=Variable;TA=M	NT=Carbamidomethyl;TA=C;MT=fixed;AC=UNIMOD:4	AC=MS:1001309;NT=Lys-C	AC=MS:1001251;NT=Trypsin	AC=MS:1002038;NT=label free sample	7 ppm	20 ppm	1
PXD004352-Sample-390	Homo sapiens	Blood	Blood	T4 CM Cells	not available	not available	not available	normal	T4.CM_01 (activated)	adult	1	1	PXD004352	T4.CM_01 (activated).raw	T4 CM Cells_Activated-1	ftp://ftp.pride.ebi.ac.uk/pride/data/archive/2017/03/PXD004352/T4.CM_01 (activated).raw	1	1	NT=Q Exactive;AC=MS:1001911	"NT=Deamidated;MT=Variable;TA=N,Q;AC=UNIMOD:7"	NT=Acetyl; MT=Variable; PP=Protein N-term; AC=UNIMOD:1	AC=UNIMOD:35;NT=Oxidation;MT=Variable;TA=M	NT=Carbamidomethyl;TA=C;MT=fixed;AC=UNIMOD:4	AC=MS:1001309;NT=Lys-C	AC=MS:1001251;NT=Trypsin	AC=MS:1002038;NT=label free sample	7 ppm	20 ppm	1
PXD004352-Sample-391	Homo sapiens	Blood	Blood	T4 CM Cells	not available	not available	not available	normal	T4.CM_02 (activated)	adult	2	2	PXD004352	T4.CM_02 (activated).raw	T4 CM Cells_Activated-2	ftp://ftp.pride.ebi.ac.uk/pride/data/archive/2017/03/PXD004352/T4.CM_02 (activated).raw	1	1	NT=Q Exactive;AC=MS:1001911	"NT=Deamidated;MT=Variable;TA=N,Q;AC=UNIMOD:7"	NT=Acetyl; MT=Variable; PP=Protein N-term; AC=UNIMOD:1	AC=UNIMOD:35;NT=Oxidation;MT=Variable;TA=M	NT=Carbamidomethyl;TA=C;MT=fixed;AC=UNIMOD:4	AC=MS:1001309;NT=Lys-C	AC=MS:1001251;NT=Trypsin	AC=MS:1002038;NT=label free sample	7 ppm	20 ppm	1
PXD004352-Sample-392	Homo sapiens	Blood	Blood	T4 CM Cells	not available	not available	not available	normal	T4.CM_03 (activated)	adult	3	3	PXD004352	T4.CM_03 (activated).raw	T4 CM Cells_Activated-3	ftp://ftp.pride.ebi.ac.uk/pride/data/archive/2017/03/PXD004352/T4.CM_03 (activated).raw	1	1	NT=Q Exactive;AC=MS:1001911	"NT=Deamidated;MT=Variable;TA=N,Q;AC=UNIMOD:7"	NT=Acetyl; MT=Variable; PP=Protein N-term; AC=UNIMOD:1	AC=UNIMOD:35;NT=Oxidation;MT=Variable;TA=M	NT=Carbamidomethyl;TA=C;MT=fixed;AC=UNIMOD:4	AC=MS:1001309;NT=Lys-C	AC=MS:1001251;NT=Trypsin	AC=MS:1002038;NT=label free sample	7 ppm	20 ppm	1
PXD004352-Sample-393	Homo sapiens	Blood	Blood	T4 CM Cells	not available	not available	not available	normal	T4.CM_04 (activated)	adult	4	4	PXD004352	T4.CM_04 (activated).raw	T4 CM Cells_Activated-4	ftp://ftp.pride.ebi.ac.uk/pride/data/archive/2017/03/PXD004352/T4.CM_04 (activated).raw	1	1	NT=Q Exactive;AC=MS:1001911	"NT=Deamidated;MT=Variable;TA=N,Q;AC=UNIMOD:7"	NT=Acetyl; MT=Variable; PP=Protein N-term; AC=UNIMOD:1	AC=UNIMOD:35;NT=Oxidation;MT=Variable;TA=M	NT=Carbamidomethyl;TA=C;MT=fixed;AC=UNIMOD:4	AC=MS:1001309;NT=Lys-C	AC=MS:1001251;NT=Trypsin	AC=MS:1002038;NT=label free sample	7 ppm	20 ppm	1
PXD004352-Sample-394	Homo sapiens	Blood	Blood	T4 CM Cells	not available	not available	not available	normal	T4.CM_01 (steady-state)	adult	1	1	PXD004352	T4.CM_01 (steady-state).raw	T4 CM Cells_Steady state-1	ftp://ftp.pride.ebi.ac.uk/pride/data/archive/2017/03/PXD004352/T4.CM_01 (steady-state).raw	1	1	NT=Q Exactive;AC=MS:1001911	"NT=Deamidated;MT=Variable;TA=N,Q;AC=UNIMOD:7"	NT=Acetyl; MT=Variable; PP=Protein N-term; AC=UNIMOD:1	AC=UNIMOD:35;NT=Oxidation;MT=Variable;TA=M	NT=Carbamidomethyl;TA=C;MT=fixed;AC=UNIMOD:4	AC=MS:1001309;NT=Lys-C	AC=MS:1001251;NT=Trypsin	AC=MS:1002038;NT=label free sample	7 ppm	20 ppm	1
PXD004352-Sample-395	Homo sapiens	Blood	Blood	T4 CM Cells	not available	not available	not available	normal	T4.CM_02 (steady-state)	adult	2	2	PXD004352	T4.CM_02 (steady-state).raw	T4 CM Cells_Steady state-2	ftp://ftp.pride.ebi.ac.uk/pride/data/archive/2017/03/PXD004352/T4.CM_02 (steady-state).raw	1	1	NT=Q Exactive;AC=MS:1001911	"NT=Deamidated;MT=Variable;TA=N,Q;AC=UNIMOD:7"	NT=Acetyl; MT=Variable; PP=Protein N-term; AC=UNIMOD:1	AC=UNIMOD:35;NT=Oxidation;MT=Variable;TA=M	NT=Carbamidomethyl;TA=C;MT=fixed;AC=UNIMOD:4	AC=MS:1001309;NT=Lys-C	AC=MS:1001251;NT=Trypsin	AC=MS:1002038;NT=label free sample	7 ppm	20 ppm	1
PXD004352-Sample-396	Homo sapiens	Blood	Blood	T4 CM Cells	not available	not available	not available	normal	T4.CM_03 (steady-state)	adult	3	3	PXD004352	T4.CM_03 (steady-state).raw	T4 CM Cells_Steady state-3	ftp://ftp.pride.ebi.ac.uk/pride/data/archive/2017/03/PXD004352/T4.CM_03 (steady-state).raw	1	1	NT=Q Exactive;AC=MS:1001911	"NT=Deamidated;MT=Variable;TA=N,Q;AC=UNIMOD:7"	NT=Acetyl; MT=Variable; PP=Protein N-term; AC=UNIMOD:1	AC=UNIMOD:35;NT=Oxidation;MT=Variable;TA=M	NT=Carbamidomethyl;TA=C;MT=fixed;AC=UNIMOD:4	AC=MS:1001309;NT=Lys-C	AC=MS:1001251;NT=Trypsin	AC=MS:1002038;NT=label free sample	7 ppm	20 ppm	1
PXD004352-Sample-397	Homo sapiens	Blood	Blood	T4 CM Cells	not available	not available	not available	normal	T4.CM_04 (steady-state)	adult	4	4	PXD004352	T4.CM_04 (steady-state).raw	T4 CM Cells_Steady state-4	ftp://ftp.pride.ebi.ac.uk/pride/data/archive/2017/03/PXD004352/T4.CM_04 (steady-state).raw	1	1	NT=Q Exactive;AC=MS:1001911	"NT=Deamidated;MT=Variable;TA=N,Q;AC=UNIMOD:7"	NT=Acetyl; MT=Variable; PP=Protein N-term; AC=UNIMOD:1	AC=UNIMOD:35;NT=Oxidation;MT=Variable;TA=M	NT=Carbamidomethyl;TA=C;MT=fixed;AC=UNIMOD:4	AC=MS:1001309;NT=Lys-C	AC=MS:1001251;NT=Trypsin	AC=MS:1002038;NT=label free sample	7 ppm	20 ppm	1
PXD004352-Sample-398	Homo sapiens	Blood	Blood	T4 Effector Memory Cells RA	not available	not available	not available	normal	T4.EMRA_01 (activated)	adult	1	1	PXD004352	T4.EMRA_01 (activated).raw	T4 Effector Memory Cells RA_Activated-1	ftp://ftp.pride.ebi.ac.uk/pride/data/archive/2017/03/PXD004352/T4.EMRA_01 (activated).raw	1	1	NT=Q Exactive;AC=MS:1001911	"NT=Deamidated;MT=Variable;TA=N,Q;AC=UNIMOD:7"	NT=Acetyl; MT=Variable; PP=Protein N-term; AC=UNIMOD:1	AC=UNIMOD:35;NT=Oxidation;MT=Variable;TA=M	NT=Carbamidomethyl;TA=C;MT=fixed;AC=UNIMOD:4	AC=MS:1001309;NT=Lys-C	AC=MS:1001251;NT=Trypsin	AC=MS:1002038;NT=label free sample	7 ppm	20 ppm	1
PXD004352-Sample-399	Homo sapiens	Blood	Blood	T4 Effector Memory Cells RA	not available	not available	not available	normal	T4.EMRA_02 (activated)	adult	2	2	PXD004352	T4.EMRA_02 (activated).raw	T4 Effector Memory Cells RA_Activated-2	ftp://ftp.pride.ebi.ac.uk/pride/data/archive/2017/03/PXD004352/T4.EMRA_02 (activated).raw	1	1	NT=Q Exactive;AC=MS:1001911	"NT=Deamidated;MT=Variable;TA=N,Q;AC=UNIMOD:7"	NT=Acetyl; MT=Variable; PP=Protein N-term; AC=UNIMOD:1	AC=UNIMOD:35;NT=Oxidation;MT=Variable;TA=M	NT=Carbamidomethyl;TA=C;MT=fixed;AC=UNIMOD:4	AC=MS:1001309;NT=Lys-C	AC=MS:1001251;NT=Trypsin	AC=MS:1002038;NT=label free sample	7 ppm	20 ppm	1
PXD004352-Sample-400	Homo sapiens	Blood	Blood	T4 Effector Memory Cells RA	not available	not available	not available	normal	T4.EMRA_03 (activated)	adult	3	3	PXD004352	T4.EMRA_03 (activated).raw	T4 Effector Memory Cells RA_Activated-3	ftp://ftp.pride.ebi.ac.uk/pride/data/archive/2017/03/PXD004352/T4.EMRA_03 (activated).raw	1	1	NT=Q Exactive;AC=MS:1001911	"NT=Deamidated;MT=Variable;TA=N,Q;AC=UNIMOD:7"	NT=Acetyl; MT=Variable; PP=Protein N-term; AC=UNIMOD:1	AC=UNIMOD:35;NT=Oxidation;MT=Variable;TA=M	NT=Carbamidomethyl;TA=C;MT=fixed;AC=UNIMOD:4	AC=MS:1001309;NT=Lys-C	AC=MS:1001251;NT=Trypsin	AC=MS:1002038;NT=label free sample	7 ppm	20 ppm	1
PXD004352-Sample-401	Homo sapiens	Blood	Blood	T4 Effector Memory Cells RA	not available	not available	not available	normal	T4.EMRA_04 (activated)	adult	4	4	PXD004352	T4.EMRA_04 (activated).raw	T4 Effector Memory Cells RA_Activated-4	ftp://ftp.pride.ebi.ac.uk/pride/data/archive/2017/03/PXD004352/T4.EMRA_04 (activated).raw	1	1	NT=Q Exactive;AC=MS:1001911	"NT=Deamidated;MT=Variable;TA=N,Q;AC=UNIMOD:7"	NT=Acetyl; MT=Variable; PP=Protein N-term; AC=UNIMOD:1	AC=UNIMOD:35;NT=Oxidation;MT=Variable;TA=M	NT=Carbamidomethyl;TA=C;MT=fixed;AC=UNIMOD:4	AC=MS:1001309;NT=Lys-C	AC=MS:1001251;NT=Trypsin	AC=MS:1002038;NT=label free sample	7 ppm	20 ppm	1
PXD004352-Sample-402	Homo sapiens	Blood	Blood	T4 Effector Memory Cells RA	not available	not available	not available	normal	T4.EMRA_01 (steady-state)	adult	1	1	PXD004352	T4.EMRA_01 (steady-state).raw	T4 Effector Memory Cells RA_Steady state-1	ftp://ftp.pride.ebi.ac.uk/pride/data/archive/2017/03/PXD004352/T4.EMRA_01 (steady-state).raw	1	1	NT=Q Exactive;AC=MS:1001911	"NT=Deamidated;MT=Variable;TA=N,Q;AC=UNIMOD:7"	NT=Acetyl; MT=Variable; PP=Protein N-term; AC=UNIMOD:1	AC=UNIMOD:35;NT=Oxidation;MT=Variable;TA=M	NT=Carbamidomethyl;TA=C;MT=fixed;AC=UNIMOD:4	AC=MS:1001309;NT=Lys-C	AC=MS:1001251;NT=Trypsin	AC=MS:1002038;NT=label free sample	7 ppm	20 ppm	1
PXD004352-Sample-403	Homo sapiens	Blood	Blood	T4 Effector Memory Cells RA	not available	not available	not available	normal	T4.EMRA_02 (steady-state)	adult	2	2	PXD004352	T4.EMRA_02 (steady-state).raw	T4 Effector Memory Cells RA_Steady state-2	ftp://ftp.pride.ebi.ac.uk/pride/data/archive/2017/03/PXD004352/T4.EMRA_02 (steady-state).raw	1	1	NT=Q Exactive;AC=MS:1001911	"NT=Deamidated;MT=Variable;TA=N,Q;AC=UNIMOD:7"	NT=Acetyl; MT=Variable; PP=Protein N-term; AC=UNIMOD:1	AC=UNIMOD:35;NT=Oxidation;MT=Variable;TA=M	NT=Carbamidomethyl;TA=C;MT=fixed;AC=UNIMOD:4	AC=MS:1001309;NT=Lys-C	AC=MS:1001251;NT=Trypsin	AC=MS:1002038;NT=label free sample	7 ppm	20 ppm	1
PXD004352-Sample-404	Homo sapiens	Blood	Blood	T4 Effector Memory Cells RA	not available	not available	not available	normal	T4.EMRA_03 (steady-state)	adult	3	3	PXD004352	T4.EMRA_03 (steady-state).raw	T4 Effector Memory Cells RA_Steady state-3	ftp://ftp.pride.ebi.ac.uk/pride/data/archive/2017/03/PXD004352/T4.EMRA_03 (steady-state).raw	1	1	NT=Q Exactive;AC=MS:1001911	"NT=Deamidated;MT=Variable;TA=N,Q;AC=UNIMOD:7"	NT=Acetyl; MT=Variable; PP=Protein N-term; AC=UNIMOD:1	AC=UNIMOD:35;NT=Oxidation;MT=Variable;TA=M	NT=Carbamidomethyl;TA=C;MT=fixed;AC=UNIMOD:4	AC=MS:1001309;NT=Lys-C	AC=MS:1001251;NT=Trypsin	AC=MS:1002038;NT=label free sample	7 ppm	20 ppm	1
PXD004352-Sample-405	Homo sapiens	Blood	Blood	T4 Effector Memory Cells RA	not available	not available	not available	normal	T4.EMRA_04 (steady-state)	adult	4	4	PXD004352	T4.EMRA_04 (steady-state).raw	T4 Effector Memory Cells RA_Steady state-4	ftp://ftp.pride.ebi.ac.uk/pride/data/archive/2017/03/PXD004352/T4.EMRA_04 (steady-state).raw	1	1	NT=Q Exactive;AC=MS:1001911	"NT=Deamidated;MT=Variable;TA=N,Q;AC=UNIMOD:7"	NT=Acetyl; MT=Variable; PP=Protein N-term; AC=UNIMOD:1	AC=UNIMOD:35;NT=Oxidation;MT=Variable;TA=M	NT=Carbamidomethyl;TA=C;MT=fixed;AC=UNIMOD:4	AC=MS:1001309;NT=Lys-C	AC=MS:1001251;NT=Trypsin	AC=MS:1002038;NT=label free sample	7 ppm	20 ppm	1
PXD004352-Sample-406	Homo sapiens	Blood	Blood	T4 Effector Memory Cells	not available	not available	not available	normal	T4.EM_01 (activated)	adult	1	1	PXD004352	T4.EM_01 (activated).raw	T4 Effector Memory Cells_Activated-1	ftp://ftp.pride.ebi.ac.uk/pride/data/archive/2017/03/PXD004352/T4.EM_01 (activated).raw	1	1	NT=Q Exactive;AC=MS:1001911	"NT=Deamidated;MT=Variable;TA=N,Q;AC=UNIMOD:7"	NT=Acetyl; MT=Variable; PP=Protein N-term; AC=UNIMOD:1	AC=UNIMOD:35;NT=Oxidation;MT=Variable;TA=M	NT=Carbamidomethyl;TA=C;MT=fixed;AC=UNIMOD:4	AC=MS:1001309;NT=Lys-C	AC=MS:1001251;NT=Trypsin	AC=MS:1002038;NT=label free sample	7 ppm	20 ppm	1
PXD004352-Sample-407	Homo sapiens	Blood	Blood	T4 Effector Memory Cells	not available	not available	not available	normal	T4.EM_02 (activated)	adult	2	2	PXD004352	T4.EM_02 (activated).raw	T4 Effector Memory Cells_Activated-2	ftp://ftp.pride.ebi.ac.uk/pride/data/archive/2017/03/PXD004352/T4.EM_02 (activated).raw	1	1	NT=Q Exactive;AC=MS:1001911	"NT=Deamidated;MT=Variable;TA=N,Q;AC=UNIMOD:7"	NT=Acetyl; MT=Variable; PP=Protein N-term; AC=UNIMOD:1	AC=UNIMOD:35;NT=Oxidation;MT=Variable;TA=M	NT=Carbamidomethyl;TA=C;MT=fixed;AC=UNIMOD:4	AC=MS:1001309;NT=Lys-C	AC=MS:1001251;NT=Trypsin	AC=MS:1002038;NT=label free sample	7 ppm	20 ppm	1
PXD004352-Sample-408	Homo sapiens	Blood	Blood	T4 Effector Memory Cells	not available	not available	not available	normal	T4.EM_03 (activated)	adult	3	3	PXD004352	T4.EM_03 (activated).raw	T4 Effector Memory Cells_Activated-3	ftp://ftp.pride.ebi.ac.uk/pride/data/archive/2017/03/PXD004352/T4.EM_03 (activated).raw	1	1	NT=Q Exactive;AC=MS:1001911	"NT=Deamidated;MT=Variable;TA=N,Q;AC=UNIMOD:7"	NT=Acetyl; MT=Variable; PP=Protein N-term; AC=UNIMOD:1	AC=UNIMOD:35;NT=Oxidation;MT=Variable;TA=M	NT=Carbamidomethyl;TA=C;MT=fixed;AC=UNIMOD:4	AC=MS:1001309;NT=Lys-C	AC=MS:1001251;NT=Trypsin	AC=MS:1002038;NT=label free sample	7 ppm	20 ppm	1
PXD004352-Sample-409	Homo sapiens	Blood	Blood	T4 Effector Memory Cells	not available	not available	not available	normal	T4.EM_04 (activated)	adult	4	4	PXD004352	T4.EM_04 (activated).raw	T4 Effector Memory Cells_Activated-4	ftp://ftp.pride.ebi.ac.uk/pride/data/archive/2017/03/PXD004352/T4.EM_04 (activated).raw	1	1	NT=Q Exactive;AC=MS:1001911	"NT=Deamidated;MT=Variable;TA=N,Q;AC=UNIMOD:7"	NT=Acetyl; MT=Variable; PP=Protein N-term; AC=UNIMOD:1	AC=UNIMOD:35;NT=Oxidation;MT=Variable;TA=M	NT=Carbamidomethyl;TA=C;MT=fixed;AC=UNIMOD:4	AC=MS:1001309;NT=Lys-C	AC=MS:1001251;NT=Trypsin	AC=MS:1002038;NT=label free sample	7 ppm	20 ppm	1
PXD004352-Sample-410	Homo sapiens	Blood	Blood	T4 Effector Memory Cells	not available	not available	not available	normal	T4.EM_01 (steady-state)	adult	1	1	PXD004352	T4.EM_01 (steady-state).raw	T4 Effector Memory Cells_Steady state-1	ftp://ftp.pride.ebi.ac.uk/pride/data/archive/2017/03/PXD004352/T4.EM_01 (steady-state).raw	1	1	NT=Q Exactive;AC=MS:1001911	"NT=Deamidated;MT=Variable;TA=N,Q;AC=UNIMOD:7"	NT=Acetyl; MT=Variable; PP=Protein N-term; AC=UNIMOD:1	AC=UNIMOD:35;NT=Oxidation;MT=Variable;TA=M	NT=Carbamidomethyl;TA=C;MT=fixed;AC=UNIMOD:4	AC=MS:1001309;NT=Lys-C	AC=MS:1001251;NT=Trypsin	AC=MS:1002038;NT=label free sample	7 ppm	20 ppm	1
PXD004352-Sample-411	Homo sapiens	Blood	Blood	T4 Effector Memory Cells	not available	not available	not available	normal	T4.EM_02 (steady-state)	adult	2	2	PXD004352	T4.EM_02 (steady-state).raw	T4 Effector Memory Cells_Steady state-2	ftp://ftp.pride.ebi.ac.uk/pride/data/archive/2017/03/PXD004352/T4.EM_02 (steady-state).raw	1	1	NT=Q Exactive;AC=MS:1001911	"NT=Deamidated;MT=Variable;TA=N,Q;AC=UNIMOD:7"	NT=Acetyl; MT=Variable; PP=Protein N-term; AC=UNIMOD:1	AC=UNIMOD:35;NT=Oxidation;MT=Variable;TA=M	NT=Carbamidomethyl;TA=C;MT=fixed;AC=UNIMOD:4	AC=MS:1001309;NT=Lys-C	AC=MS:1001251;NT=Trypsin	AC=MS:1002038;NT=label free sample	7 ppm	20 ppm	1
PXD004352-Sample-412	Homo sapiens	Blood	Blood	T4 Effector Memory Cells	not available	not available	not available	normal	T4.EM_03 (steady-state)	adult	3	3	PXD004352	T4.EM_03 (steady-state).raw	T4 Effector Memory Cells_Steady state-3	ftp://ftp.pride.ebi.ac.uk/pride/data/archive/2017/03/PXD004352/T4.EM_03 (steady-state).raw	1	1	NT=Q Exactive;AC=MS:1001911	"NT=Deamidated;MT=Variable;TA=N,Q;AC=UNIMOD:7"	NT=Acetyl; MT=Variable; PP=Protein N-term; AC=UNIMOD:1	AC=UNIMOD:35;NT=Oxidation;MT=Variable;TA=M	NT=Carbamidomethyl;TA=C;MT=fixed;AC=UNIMOD:4	AC=MS:1001309;NT=Lys-C	AC=MS:1001251;NT=Trypsin	AC=MS:1002038;NT=label free sample	7 ppm	20 ppm	1
PXD004352-Sample-413	Homo sapiens	Blood	Blood	T4 Effector Memory Cells	not available	not available	not available	normal	T4.EM_04 (steady-state)	adult	4	4	PXD004352	T4.EM_04 (steady-state).raw	T4 Effector Memory Cells_Steady state-4	ftp://ftp.pride.ebi.ac.uk/pride/data/archive/2017/03/PXD004352/T4.EM_04 (steady-state).raw	1	1	NT=Q Exactive;AC=MS:1001911	"NT=Deamidated;MT=Variable;TA=N,Q;AC=UNIMOD:7"	NT=Acetyl; MT=Variable; PP=Protein N-term; AC=UNIMOD:1	AC=UNIMOD:35;NT=Oxidation;MT=Variable;TA=M	NT=Carbamidomethyl;TA=C;MT=fixed;AC=UNIMOD:4	AC=MS:1001309;NT=Lys-C	AC=MS:1001251;NT=Trypsin	AC=MS:1002038;NT=label free sample	7 ppm	20 ppm	1
PXD004352-Sample-414	Homo sapiens	Blood	Blood	T4 Naive Cells	not available	not available	not available	normal	T4.naive_01 (activated)	adult	1	1	PXD004352	T4.naive_01 (activated).raw	T4 Naive Cells_Activated-1	ftp://ftp.pride.ebi.ac.uk/pride/data/archive/2017/03/PXD004352/T4.naive_01 (activated).raw	1	1	NT=Q Exactive;AC=MS:1001911	"NT=Deamidated;MT=Variable;TA=N,Q;AC=UNIMOD:7"	NT=Acetyl; MT=Variable; PP=Protein N-term; AC=UNIMOD:1	AC=UNIMOD:35;NT=Oxidation;MT=Variable;TA=M	NT=Carbamidomethyl;TA=C;MT=fixed;AC=UNIMOD:4	AC=MS:1001309;NT=Lys-C	AC=MS:1001251;NT=Trypsin	AC=MS:1002038;NT=label free sample	7 ppm	20 ppm	1
PXD004352-Sample-415	Homo sapiens	Blood	Blood	T4 Naive Cells	not available	not available	not available	normal	T4.naive_02 (activated)	adult	2	2	PXD004352	T4.naive_02 (activated).raw	T4 Naive Cells_Activated-2	ftp://ftp.pride.ebi.ac.uk/pride/data/archive/2017/03/PXD004352/T4.naive_02 (activated).raw	1	1	NT=Q Exactive;AC=MS:1001911	"NT=Deamidated;MT=Variable;TA=N,Q;AC=UNIMOD:7"	NT=Acetyl; MT=Variable; PP=Protein N-term; AC=UNIMOD:1	AC=UNIMOD:35;NT=Oxidation;MT=Variable;TA=M	NT=Carbamidomethyl;TA=C;MT=fixed;AC=UNIMOD:4	AC=MS:1001309;NT=Lys-C	AC=MS:1001251;NT=Trypsin	AC=MS:1002038;NT=label free sample	7 ppm	20 ppm	1
PXD004352-Sample-416	Homo sapiens	Blood	Blood	T4 Naive Cells	not available	not available	not available	normal	T4.naive_03 (activated)	adult	3	3	PXD004352	T4.naive_03 (activated).raw	T4 Naive Cells_Activated-3	ftp://ftp.pride.ebi.ac.uk/pride/data/archive/2017/03/PXD004352/T4.naive_03 (activated).raw	1	1	NT=Q Exactive;AC=MS:1001911	"NT=Deamidated;MT=Variable;TA=N,Q;AC=UNIMOD:7"	NT=Acetyl; MT=Variable; PP=Protein N-term; AC=UNIMOD:1	AC=UNIMOD:35;NT=Oxidation;MT=Variable;TA=M	NT=Carbamidomethyl;TA=C;MT=fixed;AC=UNIMOD:4	AC=MS:1001309;NT=Lys-C	AC=MS:1001251;NT=Trypsin	AC=MS:1002038;NT=label free sample	7 ppm	20 ppm	1
PXD004352-Sample-417	Homo sapiens	Blood	Blood	T4 Naive Cells	not available	not available	not available	normal	T4.naive_04 (activated)	adult	4	4	PXD004352	T4.naive_04 (activated).raw	T4 Naive Cells_Activated-4	ftp://ftp.pride.ebi.ac.uk/pride/data/archive/2017/03/PXD004352/T4.naive_04 (activated).raw	1	1	NT=Q Exactive;AC=MS:1001911	"NT=Deamidated;MT=Variable;TA=N,Q;AC=UNIMOD:7"	NT=Acetyl; MT=Variable; PP=Protein N-term; AC=UNIMOD:1	AC=UNIMOD:35;NT=Oxidation;MT=Variable;TA=M	NT=Carbamidomethyl;TA=C;MT=fixed;AC=UNIMOD:4	AC=MS:1001309;NT=Lys-C	AC=MS:1001251;NT=Trypsin	AC=MS:1002038;NT=label free sample	7 ppm	20 ppm	1
PXD004352-Sample-418	Homo sapiens	Blood	Blood	T4 Naive Cells	not available	not available	not available	normal	T4.naive_01 (steady-state)	adult	1	1	PXD004352	T4.naive_01 (steady-state).raw	T4 Naive Cells_Steady state-1	ftp://ftp.pride.ebi.ac.uk/pride/data/archive/2017/03/PXD004352/T4.naive_01 (steady-state).raw	1	1	NT=Q Exactive;AC=MS:1001911	"NT=Deamidated;MT=Variable;TA=N,Q;AC=UNIMOD:7"	NT=Acetyl; MT=Variable; PP=Protein N-term; AC=UNIMOD:1	AC=UNIMOD:35;NT=Oxidation;MT=Variable;TA=M	NT=Carbamidomethyl;TA=C;MT=fixed;AC=UNIMOD:4	AC=MS:1001309;NT=Lys-C	AC=MS:1001251;NT=Trypsin	AC=MS:1002038;NT=label free sample	7 ppm	20 ppm	1
PXD004352-Sample-419	Homo sapiens	Blood	Blood	T4 Naive Cells	not available	not available	not available	normal	T4.naive_02 (steady-state)	adult	2	2	PXD004352	T4.naive_02 (steady-state).raw	T4 Naive Cells_Steady state-2	ftp://ftp.pride.ebi.ac.uk/pride/data/archive/2017/03/PXD004352/T4.naive_02 (steady-state).raw	1	1	NT=Q Exactive;AC=MS:1001911	"NT=Deamidated;MT=Variable;TA=N,Q;AC=UNIMOD:7"	NT=Acetyl; MT=Variable; PP=Protein N-term; AC=UNIMOD:1	AC=UNIMOD:35;NT=Oxidation;MT=Variable;TA=M	NT=Carbamidomethyl;TA=C;MT=fixed;AC=UNIMOD:4	AC=MS:1001309;NT=Lys-C	AC=MS:1001251;NT=Trypsin	AC=MS:1002038;NT=label free sample	7 ppm	20 ppm	1
PXD004352-Sample-420	Homo sapiens	Blood	Blood	T4 Naive Cells	not available	not available	not available	normal	T4.naive_03 (steady-state)	adult	3	3	PXD004352	T4.naive_03 (steady-state).raw	T4 Naive Cells_Steady state-3	ftp://ftp.pride.ebi.ac.uk/pride/data/archive/2017/03/PXD004352/T4.naive_03 (steady-state).raw	1	1	NT=Q Exactive;AC=MS:1001911	"NT=Deamidated;MT=Variable;TA=N,Q;AC=UNIMOD:7"	NT=Acetyl; MT=Variable; PP=Protein N-term; AC=UNIMOD:1	AC=UNIMOD:35;NT=Oxidation;MT=Variable;TA=M	NT=Carbamidomethyl;TA=C;MT=fixed;AC=UNIMOD:4	AC=MS:1001309;NT=Lys-C	AC=MS:1001251;NT=Trypsin	AC=MS:1002038;NT=label free sample	7 ppm	20 ppm	1
PXD004352-Sample-421	Homo sapiens	Blood	Blood	T4 Naive Cells	not available	not available	not available	normal	T4.naive_04 (steady-state)	adult	4	4	PXD004352	T4.naive_04 (steady-state).raw	T4 Naive Cells_Steady state-4	ftp://ftp.pride.ebi.ac.uk/pride/data/archive/2017/03/PXD004352/T4.naive_04 (steady-state).raw	1	1	NT=Q Exactive;AC=MS:1001911	"NT=Deamidated;MT=Variable;TA=N,Q;AC=UNIMOD:7"	NT=Acetyl; MT=Variable; PP=Protein N-term; AC=UNIMOD:1	AC=UNIMOD:35;NT=Oxidation;MT=Variable;TA=M	NT=Carbamidomethyl;TA=C;MT=fixed;AC=UNIMOD:4	AC=MS:1001309;NT=Lys-C	AC=MS:1001251;NT=Trypsin	AC=MS:1002038;NT=label free sample	7 ppm	20 ppm	1
PXD004352-Sample-422	Homo sapiens	Blood	Blood	T8 CM Cells	not available	not available	not available	normal	T8.CM_01 (activated)	adult	1	1	PXD004352	T8.CM_01 (activated).raw	T8 CM Cells_Activated-1	ftp://ftp.pride.ebi.ac.uk/pride/data/archive/2017/03/PXD004352/T8.CM_01 (activated).raw	1	1	NT=Q Exactive;AC=MS:1001911	"NT=Deamidated;MT=Variable;TA=N,Q;AC=UNIMOD:7"	NT=Acetyl; MT=Variable; PP=Protein N-term; AC=UNIMOD:1	AC=UNIMOD:35;NT=Oxidation;MT=Variable;TA=M	NT=Carbamidomethyl;TA=C;MT=fixed;AC=UNIMOD:4	AC=MS:1001309;NT=Lys-C	AC=MS:1001251;NT=Trypsin	AC=MS:1002038;NT=label free sample	7 ppm	20 ppm	1
PXD004352-Sample-423	Homo sapiens	Blood	Blood	T8 CM Cells	not available	not available	not available	normal	T8.CM_02 (activated)	adult	2	2	PXD004352	T8.CM_02 (activated).raw	T8 CM Cells_Activated-2	ftp://ftp.pride.ebi.ac.uk/pride/data/archive/2017/03/PXD004352/T8.CM_02 (activated).raw	1	1	NT=Q Exactive;AC=MS:1001911	"NT=Deamidated;MT=Variable;TA=N,Q;AC=UNIMOD:7"	NT=Acetyl; MT=Variable; PP=Protein N-term; AC=UNIMOD:1	AC=UNIMOD:35;NT=Oxidation;MT=Variable;TA=M	NT=Carbamidomethyl;TA=C;MT=fixed;AC=UNIMOD:4	AC=MS:1001309;NT=Lys-C	AC=MS:1001251;NT=Trypsin	AC=MS:1002038;NT=label free sample	7 ppm	20 ppm	1
PXD004352-Sample-424	Homo sapiens	Blood	Blood	T8 CM Cells	not available	not available	not available	normal	T8.CM_03 (activated)	adult	3	3	PXD004352	T8.CM_03 (activated).raw	T8 CM Cells_Activated-3	ftp://ftp.pride.ebi.ac.uk/pride/data/archive/2017/03/PXD004352/T8.CM_03 (activated).raw	1	1	NT=Q Exactive;AC=MS:1001911	"NT=Deamidated;MT=Variable;TA=N,Q;AC=UNIMOD:7"	NT=Acetyl; MT=Variable; PP=Protein N-term; AC=UNIMOD:1	AC=UNIMOD:35;NT=Oxidation;MT=Variable;TA=M	NT=Carbamidomethyl;TA=C;MT=fixed;AC=UNIMOD:4	AC=MS:1001309;NT=Lys-C	AC=MS:1001251;NT=Trypsin	AC=MS:1002038;NT=label free sample	7 ppm	20 ppm	1
PXD004352-Sample-425	Homo sapiens	Blood	Blood	T8 CM Cells	not available	not available	not available	normal	T8.CM_04 (activated)	adult	4	4	PXD004352	T8.CM_04 (activated).raw	T8 CM Cells_Activated-4	ftp://ftp.pride.ebi.ac.uk/pride/data/archive/2017/03/PXD004352/T8.CM_04 (activated).raw	1	1	NT=Q Exactive;AC=MS:1001911	"NT=Deamidated;MT=Variable;TA=N,Q;AC=UNIMOD:7"	NT=Acetyl; MT=Variable; PP=Protein N-term; AC=UNIMOD:1	AC=UNIMOD:35;NT=Oxidation;MT=Variable;TA=M	NT=Carbamidomethyl;TA=C;MT=fixed;AC=UNIMOD:4	AC=MS:1001309;NT=Lys-C	AC=MS:1001251;NT=Trypsin	AC=MS:1002038;NT=label free sample	7 ppm	20 ppm	1
PXD004352-Sample-426	Homo sapiens	Blood	Blood	T8 CM Cells	not available	not available	not available	normal	T8.CM_01 (steady-state)	adult	1	1	PXD004352	T8.CM_01 (steady-state).raw	T8 CM Cells_Steady state-1	ftp://ftp.pride.ebi.ac.uk/pride/data/archive/2017/03/PXD004352/T8.CM_01 (steady-state).raw	1	1	NT=Q Exactive;AC=MS:1001911	"NT=Deamidated;MT=Variable;TA=N,Q;AC=UNIMOD:7"	NT=Acetyl; MT=Variable; PP=Protein N-term; AC=UNIMOD:1	AC=UNIMOD:35;NT=Oxidation;MT=Variable;TA=M	NT=Carbamidomethyl;TA=C;MT=fixed;AC=UNIMOD:4	AC=MS:1001309;NT=Lys-C	AC=MS:1001251;NT=Trypsin	AC=MS:1002038;NT=label free sample	7 ppm	20 ppm	1
PXD004352-Sample-427	Homo sapiens	Blood	Blood	T8 CM Cells	not available	not available	not available	normal	T8.CM_02 (steady-state)	adult	2	2	PXD004352	T8.CM_02 (steady-state).raw	T8 CM Cells_Steady state-2	ftp://ftp.pride.ebi.ac.uk/pride/data/archive/2017/03/PXD004352/T8.CM_02 (steady-state).raw	1	1	NT=Q Exactive;AC=MS:1001911	"NT=Deamidated;MT=Variable;TA=N,Q;AC=UNIMOD:7"	NT=Acetyl; MT=Variable; PP=Protein N-term; AC=UNIMOD:1	AC=UNIMOD:35;NT=Oxidation;MT=Variable;TA=M	NT=Carbamidomethyl;TA=C;MT=fixed;AC=UNIMOD:4	AC=MS:1001309;NT=Lys-C	AC=MS:1001251;NT=Trypsin	AC=MS:1002038;NT=label free sample	7 ppm	20 ppm	1
PXD004352-Sample-428	Homo sapiens	Blood	Blood	T8 CM Cells	not available	not available	not available	normal	T8.CM_03 (steady-state)	adult	3	3	PXD004352	T8.CM_03 (steady-state).raw	T8 CM Cells_Steady state-3	ftp://ftp.pride.ebi.ac.uk/pride/data/archive/2017/03/PXD004352/T8.CM_03 (steady-state).raw	1	1	NT=Q Exactive;AC=MS:1001911	"NT=Deamidated;MT=Variable;TA=N,Q;AC=UNIMOD:7"	NT=Acetyl; MT=Variable; PP=Protein N-term; AC=UNIMOD:1	AC=UNIMOD:35;NT=Oxidation;MT=Variable;TA=M	NT=Carbamidomethyl;TA=C;MT=fixed;AC=UNIMOD:4	AC=MS:1001309;NT=Lys-C	AC=MS:1001251;NT=Trypsin	AC=MS:1002038;NT=label free sample	7 ppm	20 ppm	1
PXD004352-Sample-429	Homo sapiens	Blood	Blood	T8 CM Cells	not available	not available	not available	normal	T8.CM_04 (steady-state)	adult	4	4	PXD004352	T8.CM_04 (steady-state).raw	T8 CM Cells_Steady state-4	ftp://ftp.pride.ebi.ac.uk/pride/data/archive/2017/03/PXD004352/T8.CM_04 (steady-state).raw	1	1	NT=Q Exactive;AC=MS:1001911	"NT=Deamidated;MT=Variable;TA=N,Q;AC=UNIMOD:7"	NT=Acetyl; MT=Variable; PP=Protein N-term; AC=UNIMOD:1	AC=UNIMOD:35;NT=Oxidation;MT=Variable;TA=M	NT=Carbamidomethyl;TA=C;MT=fixed;AC=UNIMOD:4	AC=MS:1001309;NT=Lys-C	AC=MS:1001251;NT=Trypsin	AC=MS:1002038;NT=label free sample	7 ppm	20 ppm	1
PXD004352-Sample-430	Homo sapiens	Blood	Blood	T8 Effector Memory Cells RA	not available	not available	not available	normal	T8.EMRA_01 (activated)	adult	1	1	PXD004352	T8.EMRA_01 (activated).raw	T8 Effector Memory Cells RA_Activated-1	ftp://ftp.pride.ebi.ac.uk/pride/data/archive/2017/03/PXD004352/T8.EMRA_01 (activated).raw	1	1	NT=Q Exactive;AC=MS:1001911	"NT=Deamidated;MT=Variable;TA=N,Q;AC=UNIMOD:7"	NT=Acetyl; MT=Variable; PP=Protein N-term; AC=UNIMOD:1	AC=UNIMOD:35;NT=Oxidation;MT=Variable;TA=M	NT=Carbamidomethyl;TA=C;MT=fixed;AC=UNIMOD:4	AC=MS:1001309;NT=Lys-C	AC=MS:1001251;NT=Trypsin	AC=MS:1002038;NT=label free sample	7 ppm	20 ppm	1
PXD004352-Sample-431	Homo sapiens	Blood	Blood	T8 Effector Memory Cells RA	not available	not available	not available	normal	T8.EMRA_02 (activated)	adult	2	2	PXD004352	T8.EMRA_02 (activated).raw	T8 Effector Memory Cells RA_Activated-2	ftp://ftp.pride.ebi.ac.uk/pride/data/archive/2017/03/PXD004352/T8.EMRA_02 (activated).raw	1	1	NT=Q Exactive;AC=MS:1001911	"NT=Deamidated;MT=Variable;TA=N,Q;AC=UNIMOD:7"	NT=Acetyl; MT=Variable; PP=Protein N-term; AC=UNIMOD:1	AC=UNIMOD:35;NT=Oxidation;MT=Variable;TA=M	NT=Carbamidomethyl;TA=C;MT=fixed;AC=UNIMOD:4	AC=MS:1001309;NT=Lys-C	AC=MS:1001251;NT=Trypsin	AC=MS:1002038;NT=label free sample	7 ppm	20 ppm	1
PXD004352-Sample-432	Homo sapiens	Blood	Blood	T8 Effector Memory Cells RA	not available	not available	not available	normal	T8.EMRA_03 (activated)	adult	3	3	PXD004352	T8.EMRA_03 (activated).raw	T8 Effector Memory Cells RA_Activated-3	ftp://ftp.pride.ebi.ac.uk/pride/data/archive/2017/03/PXD004352/T8.EMRA_03 (activated).raw	1	1	NT=Q Exactive;AC=MS:1001911	"NT=Deamidated;MT=Variable;TA=N,Q;AC=UNIMOD:7"	NT=Acetyl; MT=Variable; PP=Protein N-term; AC=UNIMOD:1	AC=UNIMOD:35;NT=Oxidation;MT=Variable;TA=M	NT=Carbamidomethyl;TA=C;MT=fixed;AC=UNIMOD:4	AC=MS:1001309;NT=Lys-C	AC=MS:1001251;NT=Trypsin	AC=MS:1002038;NT=label free sample	7 ppm	20 ppm	1
PXD004352-Sample-433	Homo sapiens	Blood	Blood	T8 Effector Memory Cells RA	not available	not available	not available	normal	T8.EMRA_04 (activated)	adult	4	4	PXD004352	T8.EMRA_04 (activated).raw	T8 Effector Memory Cells RA_Activated-4	ftp://ftp.pride.ebi.ac.uk/pride/data/archive/2017/03/PXD004352/T8.EMRA_04 (activated).raw	1	1	NT=Q Exactive;AC=MS:1001911	"NT=Deamidated;MT=Variable;TA=N,Q;AC=UNIMOD:7"	NT=Acetyl; MT=Variable; PP=Protein N-term; AC=UNIMOD:1	AC=UNIMOD:35;NT=Oxidation;MT=Variable;TA=M	NT=Carbamidomethyl;TA=C;MT=fixed;AC=UNIMOD:4	AC=MS:1001309;NT=Lys-C	AC=MS:1001251;NT=Trypsin	AC=MS:1002038;NT=label free sample	7 ppm	20 ppm	1
PXD004352-Sample-434	Homo sapiens	Blood	Blood	T8 Effector Memory Cells RA	not available	not available	not available	normal	T8.EMRA_01 (steady-state)	adult	1	1	PXD004352	T8.EMRA_01 (steady-state).raw	T8 Effector Memory Cells RA_Steady state-1	ftp://ftp.pride.ebi.ac.uk/pride/data/archive/2017/03/PXD004352/T8.EMRA_01 (steady-state).raw	1	1	NT=Q Exactive;AC=MS:1001911	"NT=Deamidated;MT=Variable;TA=N,Q;AC=UNIMOD:7"	NT=Acetyl; MT=Variable; PP=Protein N-term; AC=UNIMOD:1	AC=UNIMOD:35;NT=Oxidation;MT=Variable;TA=M	NT=Carbamidomethyl;TA=C;MT=fixed;AC=UNIMOD:4	AC=MS:1001309;NT=Lys-C	AC=MS:1001251;NT=Trypsin	AC=MS:1002038;NT=label free sample	7 ppm	20 ppm	1
PXD004352-Sample-435	Homo sapiens	Blood	Blood	T8 Effector Memory Cells RA	not available	not available	not available	normal	T8.EMRA_02 (steady-state)	adult	2	2	PXD004352	T8.EMRA_02 (steady-state).raw	T8 Effector Memory Cells RA_Steady state-2	ftp://ftp.pride.ebi.ac.uk/pride/data/archive/2017/03/PXD004352/T8.EMRA_02 (steady-state).raw	1	1	NT=Q Exactive;AC=MS:1001911	"NT=Deamidated;MT=Variable;TA=N,Q;AC=UNIMOD:7"	NT=Acetyl; MT=Variable; PP=Protein N-term; AC=UNIMOD:1	AC=UNIMOD:35;NT=Oxidation;MT=Variable;TA=M	NT=Carbamidomethyl;TA=C;MT=fixed;AC=UNIMOD:4	AC=MS:1001309;NT=Lys-C	AC=MS:1001251;NT=Trypsin	AC=MS:1002038;NT=label free sample	7 ppm	20 ppm	1
PXD004352-Sample-436	Homo sapiens	Blood	Blood	T8 Effector Memory Cells RA	not available	not available	not available	normal	T8.EMRA_03 (steady-state)	adult	3	3	PXD004352	T8.EMRA_03 (steady-state).raw	T8 Effector Memory Cells RA_Steady state-3	ftp://ftp.pride.ebi.ac.uk/pride/data/archive/2017/03/PXD004352/T8.EMRA_03 (steady-state).raw	1	1	NT=Q Exactive;AC=MS:1001911	"NT=Deamidated;MT=Variable;TA=N,Q;AC=UNIMOD:7"	NT=Acetyl; MT=Variable; PP=Protein N-term; AC=UNIMOD:1	AC=UNIMOD:35;NT=Oxidation;MT=Variable;TA=M	NT=Carbamidomethyl;TA=C;MT=fixed;AC=UNIMOD:4	AC=MS:1001309;NT=Lys-C	AC=MS:1001251;NT=Trypsin	AC=MS:1002038;NT=label free sample	7 ppm	20 ppm	1
PXD004352-Sample-437	Homo sapiens	Blood	Blood	T8 Effector Memory Cells RA	not available	not available	not available	normal	T8.EMRA_04 (steady-state)	adult	4	4	PXD004352	T8.EMRA_04 (steady-state).raw	T8 Effector Memory Cells RA_Steady state-4	ftp://ftp.pride.ebi.ac.uk/pride/data/archive/2017/03/PXD004352/T8.EMRA_04 (steady-state).raw	1	1	NT=Q Exactive;AC=MS:1001911	"NT=Deamidated;MT=Variable;TA=N,Q;AC=UNIMOD:7"	NT=Acetyl; MT=Variable; PP=Protein N-term; AC=UNIMOD:1	AC=UNIMOD:35;NT=Oxidation;MT=Variable;TA=M	NT=Carbamidomethyl;TA=C;MT=fixed;AC=UNIMOD:4	AC=MS:1001309;NT=Lys-C	AC=MS:1001251;NT=Trypsin	AC=MS:1002038;NT=label free sample	7 ppm	20 ppm	1
PXD004352-Sample-438	Homo sapiens	Blood	Blood	T8 Effector Memory Cells	not available	not available	not available	normal	T8.EM_01 (activated)	adult	1	1	PXD004352	T8.EM_01 (activated).raw	T8 Effector Memory Cells_Activated-1	ftp://ftp.pride.ebi.ac.uk/pride/data/archive/2017/03/PXD004352/T8.EM_01 (activated).raw	1	1	NT=Q Exactive;AC=MS:1001911	"NT=Deamidated;MT=Variable;TA=N,Q;AC=UNIMOD:7"	NT=Acetyl; MT=Variable; PP=Protein N-term; AC=UNIMOD:1	AC=UNIMOD:35;NT=Oxidation;MT=Variable;TA=M	NT=Carbamidomethyl;TA=C;MT=fixed;AC=UNIMOD:4	AC=MS:1001309;NT=Lys-C	AC=MS:1001251;NT=Trypsin	AC=MS:1002038;NT=label free sample	7 ppm	20 ppm	1
PXD004352-Sample-439	Homo sapiens	Blood	Blood	T8 Effector Memory Cells	not available	not available	not available	normal	T8.EM_02 (activated)	adult	2	2	PXD004352	T8.EM_02 (activated).raw	T8 Effector Memory Cells_Activated-2	ftp://ftp.pride.ebi.ac.uk/pride/data/archive/2017/03/PXD004352/T8.EM_02 (activated).raw	1	1	NT=Q Exactive;AC=MS:1001911	"NT=Deamidated;MT=Variable;TA=N,Q;AC=UNIMOD:7"	NT=Acetyl; MT=Variable; PP=Protein N-term; AC=UNIMOD:1	AC=UNIMOD:35;NT=Oxidation;MT=Variable;TA=M	NT=Carbamidomethyl;TA=C;MT=fixed;AC=UNIMOD:4	AC=MS:1001309;NT=Lys-C	AC=MS:1001251;NT=Trypsin	AC=MS:1002038;NT=label free sample	7 ppm	20 ppm	1
PXD004352-Sample-440	Homo sapiens	Blood	Blood	T8 Effector Memory Cells	not available	not available	not available	normal	T8.EM_03 (activated)	adult	3	3	PXD004352	T8.EM_03 (activated).raw	T8 Effector Memory Cells_Activated-3	ftp://ftp.pride.ebi.ac.uk/pride/data/archive/2017/03/PXD004352/T8.EM_03 (activated).raw	1	1	NT=Q Exactive;AC=MS:1001911	"NT=Deamidated;MT=Variable;TA=N,Q;AC=UNIMOD:7"	NT=Acetyl; MT=Variable; PP=Protein N-term; AC=UNIMOD:1	AC=UNIMOD:35;NT=Oxidation;MT=Variable;TA=M	NT=Carbamidomethyl;TA=C;MT=fixed;AC=UNIMOD:4	AC=MS:1001309;NT=Lys-C	AC=MS:1001251;NT=Trypsin	AC=MS:1002038;NT=label free sample	7 ppm	20 ppm	1
PXD004352-Sample-441	Homo sapiens	Blood	Blood	T8 Effector Memory Cells	not available	not available	not available	normal	T8.EM_04 (activated)	adult	4	4	PXD004352	T8.EM_04 (activated).raw	T8 Effector Memory Cells_Activated-4	ftp://ftp.pride.ebi.ac.uk/pride/data/archive/2017/03/PXD004352/T8.EM_04 (activated).raw	1	1	NT=Q Exactive;AC=MS:1001911	"NT=Deamidated;MT=Variable;TA=N,Q;AC=UNIMOD:7"	NT=Acetyl; MT=Variable; PP=Protein N-term; AC=UNIMOD:1	AC=UNIMOD:35;NT=Oxidation;MT=Variable;TA=M	NT=Carbamidomethyl;TA=C;MT=fixed;AC=UNIMOD:4	AC=MS:1001309;NT=Lys-C	AC=MS:1001251;NT=Trypsin	AC=MS:1002038;NT=label free sample	7 ppm	20 ppm	1
PXD004352-Sample-442	Homo sapiens	Blood	Blood	T8 Effector Memory Cells	not available	not available	not available	normal	T8.EM_01 (steady-state)	adult	1	1	PXD004352	T8.EM_01 (steady-state).raw	T8 Effector Memory Cells_Steady state-1	ftp://ftp.pride.ebi.ac.uk/pride/data/archive/2017/03/PXD004352/T8.EM_01 (steady-state).raw	1	1	NT=Q Exactive;AC=MS:1001911	"NT=Deamidated;MT=Variable;TA=N,Q;AC=UNIMOD:7"	NT=Acetyl; MT=Variable; PP=Protein N-term; AC=UNIMOD:1	AC=UNIMOD:35;NT=Oxidation;MT=Variable;TA=M	NT=Carbamidomethyl;TA=C;MT=fixed;AC=UNIMOD:4	AC=MS:1001309;NT=Lys-C	AC=MS:1001251;NT=Trypsin	AC=MS:1002038;NT=label free sample	7 ppm	20 ppm	1
PXD004352-Sample-443	Homo sapiens	Blood	Blood	T8 Effector Memory Cells	not available	not available	not available	normal	T8.EM_02 (steady-state)	adult	2	2	PXD004352	T8.EM_02 (steady-state).raw	T8 Effector Memory Cells_Steady state-2	ftp://ftp.pride.ebi.ac.uk/pride/data/archive/2017/03/PXD004352/T8.EM_02 (steady-state).raw	1	1	NT=Q Exactive;AC=MS:1001911	"NT=Deamidated;MT=Variable;TA=N,Q;AC=UNIMOD:7"	NT=Acetyl; MT=Variable; PP=Protein N-term; AC=UNIMOD:1	AC=UNIMOD:35;NT=Oxidation;MT=Variable;TA=M	NT=Carbamidomethyl;TA=C;MT=fixed;AC=UNIMOD:4	AC=MS:1001309;NT=Lys-C	AC=MS:1001251;NT=Trypsin	AC=MS:1002038;NT=label free sample	7 ppm	20 ppm	1
PXD004352-Sample-444	Homo sapiens	Blood	Blood	T8 Effector Memory Cells	not available	not available	not available	normal	T8.EM_03 (steady-state)	adult	3	3	PXD004352	T8.EM_03 (steady-state).raw	T8 Effector Memory Cells_Steady state-3	ftp://ftp.pride.ebi.ac.uk/pride/data/archive/2017/03/PXD004352/T8.EM_03 (steady-state).raw	1	1	NT=Q Exactive;AC=MS:1001911	"NT=Deamidated;MT=Variable;TA=N,Q;AC=UNIMOD:7"	NT=Acetyl; MT=Variable; PP=Protein N-term; AC=UNIMOD:1	AC=UNIMOD:35;NT=Oxidation;MT=Variable;TA=M	NT=Carbamidomethyl;TA=C;MT=fixed;AC=UNIMOD:4	AC=MS:1001309;NT=Lys-C	AC=MS:1001251;NT=Trypsin	AC=MS:1002038;NT=label free sample	7 ppm	20 ppm	1
PXD004352-Sample-445	Homo sapiens	Blood	Blood	T8 Effector Memory Cells	not available	not available	not available	normal	T8.EM_04 (steady-state)	adult	4	4	PXD004352	T8.EM_04 (steady-state).raw	T8 Effector Memory Cells_Steady state-4	ftp://ftp.pride.ebi.ac.uk/pride/data/archive/2017/03/PXD004352/T8.EM_04 (steady-state).raw	1	1	NT=Q Exactive;AC=MS:1001911	"NT=Deamidated;MT=Variable;TA=N,Q;AC=UNIMOD:7"	NT=Acetyl; MT=Variable; PP=Protein N-term; AC=UNIMOD:1	AC=UNIMOD:35;NT=Oxidation;MT=Variable;TA=M	NT=Carbamidomethyl;TA=C;MT=fixed;AC=UNIMOD:4	AC=MS:1001309;NT=Lys-C	AC=MS:1001251;NT=Trypsin	AC=MS:1002038;NT=label free sample	7 ppm	20 ppm	1
PXD004352-Sample-446	Homo sapiens	Blood	Blood	T8 Naive Cells	not available	not available	not available	normal	T8.naive_01 (activated)	adult	1	1	PXD004352	T8.naive_01 (activated).raw	T8 Naive Cells_Activated-1	ftp://ftp.pride.ebi.ac.uk/pride/data/archive/2017/03/PXD004352/T8.naive_01 (activated).raw	1	1	NT=Q Exactive;AC=MS:1001911	"NT=Deamidated;MT=Variable;TA=N,Q;AC=UNIMOD:7"	NT=Acetyl; MT=Variable; PP=Protein N-term; AC=UNIMOD:1	AC=UNIMOD:35;NT=Oxidation;MT=Variable;TA=M	NT=Carbamidomethyl;TA=C;MT=fixed;AC=UNIMOD:4	AC=MS:1001309;NT=Lys-C	AC=MS:1001251;NT=Trypsin	AC=MS:1002038;NT=label free sample	7 ppm	20 ppm	1
PXD004352-Sample-447	Homo sapiens	Blood	Blood	T8 Naive Cells	not available	not available	not available	normal	T8.naive_02 (activated)	adult	2	2	PXD004352	T8.naive_02 (activated).raw	T8 Naive Cells_Activated-2	ftp://ftp.pride.ebi.ac.uk/pride/data/archive/2017/03/PXD004352/T8.naive_02 (activated).raw	1	1	NT=Q Exactive;AC=MS:1001911	"NT=Deamidated;MT=Variable;TA=N,Q;AC=UNIMOD:7"	NT=Acetyl; MT=Variable; PP=Protein N-term; AC=UNIMOD:1	AC=UNIMOD:35;NT=Oxidation;MT=Variable;TA=M	NT=Carbamidomethyl;TA=C;MT=fixed;AC=UNIMOD:4	AC=MS:1001309;NT=Lys-C	AC=MS:1001251;NT=Trypsin	AC=MS:1002038;NT=label free sample	7 ppm	20 ppm	1
PXD004352-Sample-448	Homo sapiens	Blood	Blood	T8 Naive Cells	not available	not available	not available	normal	T8.naive_03 (activated)	adult	3	3	PXD004352	T8.naive_03 (activated).raw	T8 Naive Cells_Activated-3	ftp://ftp.pride.ebi.ac.uk/pride/data/archive/2017/03/PXD004352/T8.naive_03 (activated).raw	1	1	NT=Q Exactive;AC=MS:1001911	"NT=Deamidated;MT=Variable;TA=N,Q;AC=UNIMOD:7"	NT=Acetyl; MT=Variable; PP=Protein N-term; AC=UNIMOD:1	AC=UNIMOD:35;NT=Oxidation;MT=Variable;TA=M	NT=Carbamidomethyl;TA=C;MT=fixed;AC=UNIMOD:4	AC=MS:1001309;NT=Lys-C	AC=MS:1001251;NT=Trypsin	AC=MS:1002038;NT=label free sample	7 ppm	20 ppm	1
PXD004352-Sample-449	Homo sapiens	Blood	Blood	T8 Naive Cells	not available	not available	not available	normal	T8.naive_04 (activated)	adult	4	4	PXD004352	T8.naive_04 (activated).raw	T8 Naive Cells_Activated-4	ftp://ftp.pride.ebi.ac.uk/pride/data/archive/2017/03/PXD004352/T8.naive_04 (activated).raw	1	1	NT=Q Exactive;AC=MS:1001911	"NT=Deamidated;MT=Variable;TA=N,Q;AC=UNIMOD:7"	NT=Acetyl; MT=Variable; PP=Protein N-term; AC=UNIMOD:1	AC=UNIMOD:35;NT=Oxidation;MT=Variable;TA=M	NT=Carbamidomethyl;TA=C;MT=fixed;AC=UNIMOD:4	AC=MS:1001309;NT=Lys-C	AC=MS:1001251;NT=Trypsin	AC=MS:1002038;NT=label free sample	7 ppm	20 ppm	1
PXD004352-Sample-450	Homo sapiens	Blood	Blood	T8 Naive Cells	not available	not available	not available	normal	T8.naive_01 (steady-state)	adult	1	1	PXD004352	T8.naive_01 (steady-state).raw	T8 Naive Cells_Steady state-1	ftp://ftp.pride.ebi.ac.uk/pride/data/archive/2017/03/PXD004352/T8.naive_01 (steady-state).raw	1	1	NT=Q Exactive;AC=MS:1001911	"NT=Deamidated;MT=Variable;TA=N,Q;AC=UNIMOD:7"	NT=Acetyl; MT=Variable; PP=Protein N-term; AC=UNIMOD:1	AC=UNIMOD:35;NT=Oxidation;MT=Variable;TA=M	NT=Carbamidomethyl;TA=C;MT=fixed;AC=UNIMOD:4	AC=MS:1001309;NT=Lys-C	AC=MS:1001251;NT=Trypsin	AC=MS:1002038;NT=label free sample	7 ppm	20 ppm	1
PXD004352-Sample-451	Homo sapiens	Blood	Blood	T8 Naive Cells	not available	not available	not available	normal	T8.naive_02 (steady-state)	adult	2	2	PXD004352	T8.naive_02 (steady-state).raw	T8 Naive Cells_Steady state-2	ftp://ftp.pride.ebi.ac.uk/pride/data/archive/2017/03/PXD004352/T8.naive_02 (steady-state).raw	1	1	NT=Q Exactive;AC=MS:1001911	"NT=Deamidated;MT=Variable;TA=N,Q;AC=UNIMOD:7"	NT=Acetyl; MT=Variable; PP=Protein N-term; AC=UNIMOD:1	AC=UNIMOD:35;NT=Oxidation;MT=Variable;TA=M	NT=Carbamidomethyl;TA=C;MT=fixed;AC=UNIMOD:4	AC=MS:1001309;NT=Lys-C	AC=MS:1001251;NT=Trypsin	AC=MS:1002038;NT=label free sample	7 ppm	20 ppm	1
PXD004352-Sample-452	Homo sapiens	Blood	Blood	T8 Naive Cells	not available	not available	not available	normal	T8.naive_03 (steady-state)	adult	3	3	PXD004352	T8.naive_03 (steady-state).raw	T8 Naive Cells_Steady state-3	ftp://ftp.pride.ebi.ac.uk/pride/data/archive/2017/03/PXD004352/T8.naive_03 (steady-state).raw	1	1	NT=Q Exactive;AC=MS:1001911	"NT=Deamidated;MT=Variable;TA=N,Q;AC=UNIMOD:7"	NT=Acetyl; MT=Variable; PP=Protein N-term; AC=UNIMOD:1	AC=UNIMOD:35;NT=Oxidation;MT=Variable;TA=M	NT=Carbamidomethyl;TA=C;MT=fixed;AC=UNIMOD:4	AC=MS:1001309;NT=Lys-C	AC=MS:1001251;NT=Trypsin	AC=MS:1002038;NT=label free sample	7 ppm	20 ppm	1
PXD004352-Sample-453	Homo sapiens	Blood	Blood	T8 Naive Cells	not available	not available	not available	normal	T8.naive_04 (steady-state)	adult	4	4	PXD004352	T8.naive_04 (steady-state).raw	T8 Naive Cells_Steady state-4	ftp://ftp.pride.ebi.ac.uk/pride/data/archive/2017/03/PXD004352/T8.naive_04 (steady-state).raw	1	1	NT=Q Exactive;AC=MS:1001911	"NT=Deamidated;MT=Variable;TA=N,Q;AC=UNIMOD:7"	NT=Acetyl; MT=Variable; PP=Protein N-term; AC=UNIMOD:1	AC=UNIMOD:35;NT=Oxidation;MT=Variable;TA=M	NT=Carbamidomethyl;TA=C;MT=fixed;AC=UNIMOD:4	AC=MS:1001309;NT=Lys-C	AC=MS:1001251;NT=Trypsin	AC=MS:1002038;NT=label free sample	7 ppm	20 ppm	1
PXD004352-Sample-454	Homo sapiens	Blood	Blood	Thrombocyte	not available	not available	not available	normal	Thrombocyte_01 (steady-state)	adult	1	1	PXD004352	Thrombocyte_01 (steady-state).raw	Thrombocyte_Steady state-1	ftp://ftp.pride.ebi.ac.uk/pride/data/archive/2017/03/PXD004352/Thrombocyte_01 (steady-state).raw	1	1	NT=Q Exactive;AC=MS:1001911	"NT=Deamidated;MT=Variable;TA=N,Q;AC=UNIMOD:7"	NT=Acetyl; MT=Variable; PP=Protein N-term; AC=UNIMOD:1	AC=UNIMOD:35;NT=Oxidation;MT=Variable;TA=M	NT=Carbamidomethyl;TA=C;MT=fixed;AC=UNIMOD:4	AC=MS:1001309;NT=Lys-C	AC=MS:1001251;NT=Trypsin	AC=MS:1002038;NT=label free sample	7 ppm	20 ppm	1
PXD004352-Sample-455	Homo sapiens	Blood	Blood	Thrombocyte	not available	not available	not available	normal	Thrombocyte_02 (steady-state)	adult	2	2	PXD004352	Thrombocyte_02 (steady-state).raw	Thrombocyte_Steady state-2	ftp://ftp.pride.ebi.ac.uk/pride/data/archive/2017/03/PXD004352/Thrombocyte_02 (steady-state).raw	1	1	NT=Q Exactive;AC=MS:1001911	"NT=Deamidated;MT=Variable;TA=N,Q;AC=UNIMOD:7"	NT=Acetyl; MT=Variable; PP=Protein N-term; AC=UNIMOD:1	AC=UNIMOD:35;NT=Oxidation;MT=Variable;TA=M	NT=Carbamidomethyl;TA=C;MT=fixed;AC=UNIMOD:4	AC=MS:1001309;NT=Lys-C	AC=MS:1001251;NT=Trypsin	AC=MS:1002038;NT=label free sample	7 ppm	20 ppm	1
PXD004352-Sample-456	Homo sapiens	Blood	Blood	Thrombocyte	not available	not available	not available	normal	Thrombocyte_03 (steady-state)	adult	3	3	PXD004352	Thrombocyte_03 (steady-state).raw	Thrombocyte_Steady state-3	ftp://ftp.pride.ebi.ac.uk/pride/data/archive/2017/03/PXD004352/Thrombocyte_03 (steady-state).raw	1	1	NT=Q Exactive;AC=MS:1001911	"NT=Deamidated;MT=Variable;TA=N,Q;AC=UNIMOD:7"	NT=Acetyl; MT=Variable; PP=Protein N-term; AC=UNIMOD:1	AC=UNIMOD:35;NT=Oxidation;MT=Variable;TA=M	NT=Carbamidomethyl;TA=C;MT=fixed;AC=UNIMOD:4	AC=MS:1001309;NT=Lys-C	AC=MS:1001251;NT=Trypsin	AC=MS:1002038;NT=label free sample	7 ppm	20 ppm	1
PXD004352-Sample-457	Homo sapiens	Blood	Blood	Thrombocyte	not available	not available	not available	normal	Thrombocyte_04 (steady-state)	adult	4	4	PXD004352	Thrombocyte_04 (steady-state).raw	Thrombocyte_Steady state-4	ftp://ftp.pride.ebi.ac.uk/pride/data/archive/2017/03/PXD004352/Thrombocyte_04 (steady-state).raw	1	1	NT=Q Exactive;AC=MS:1001911	"NT=Deamidated;MT=Variable;TA=N,Q;AC=UNIMOD:7"	NT=Acetyl; MT=Variable; PP=Protein N-term; AC=UNIMOD:1	AC=UNIMOD:35;NT=Oxidation;MT=Variable;TA=M	NT=Carbamidomethyl;TA=C;MT=fixed;AC=UNIMOD:4	AC=MS:1001309;NT=Lys-C	AC=MS:1001251;NT=Trypsin	AC=MS:1002038;NT=label free sample	7 ppm	20 ppm	1