source name	characteristics[organism]	characteristics[organism part]	characteristics[organism part]	characteristics[cell type]	characteristics[disease]	characteristics[diagnosis]	characteristics[sample type]	characteristics[ancestry category]	characteristics[age]	characteristics[sex]	characteristics[developmental stage]	characteristics[patient ID]	characteristics[biological replicate]	assay name	comment[technical replicate]	comment[fraction identiier]	technology type	comment[proteomics data acquisition method]	comment[label]	comment[instrument]	comment[cleavage agent details]	comment[data file]	comment[uri]	comment[database]	factor value[organism part]
PXD047742-Sample-1	Homo sapiens	blood	B cell	B cell	normal	normal	normal	not available	not available	not available	adult	not available	1	B cell-1	1	1	proteomic profiling by mass spectrometry	data-independent acquisition	AC=MS:1002038;NT=label free sample	Orbitrap Exploris 240	AC=MS:1001251;NT=Trypsin	B_1.raw	ftp://massive-ftp.ucsd.edu/v06/MSV000093644/raw/B_1.raw	MASSIVE	B cell
PXD047742-Sample-2	Homo sapiens	blood	B cell	B cell	normal	normal	normal	not available	not available	not available	adult	not available	2	B cell-2	1	1	proteomic profiling by mass spectrometry	data-independent acquisition	AC=MS:1002038;NT=label free sample	Orbitrap Exploris 240	AC=MS:1001251;NT=Trypsin	B_2.raw	ftp://massive-ftp.ucsd.edu/v06/MSV000093644/raw/B_2.raw	MASSIVE	B cell
PXD047742-Sample-3	Homo sapiens	blood	B cell	B cell	normal	normal	normal	not available	not available	not available	adult	not available	3	B cell-3	1	1	proteomic profiling by mass spectrometry	data-independent acquisition	AC=MS:1002038;NT=label free sample	Orbitrap Exploris 240	AC=MS:1001251;NT=Trypsin	B_3.raw	ftp://massive-ftp.ucsd.edu/v06/MSV000093644/raw/B_3.raw	MASSIVE	B cell
PXD047742-Sample-4	Homo sapiens	blood	B cell	B cell	normal	normal	normal	not available	not available	not available	adult	not available	4	B cell-4	1	1	proteomic profiling by mass spectrometry	data-independent acquisition	AC=MS:1002038;NT=label free sample	Orbitrap Exploris 240	AC=MS:1001251;NT=Trypsin	B_4.raw	ftp://massive-ftp.ucsd.edu/v06/MSV000093644/raw/B_4.raw	MASSIVE	B cell
PXD047742-Sample-5	Homo sapiens	blood	B cell	B cell	normal	normal	normal	not available	not available	not available	adult	not available	5	B cell-5	1	1	proteomic profiling by mass spectrometry	data-independent acquisition	AC=MS:1002038;NT=label free sample	Orbitrap Exploris 240	AC=MS:1001251;NT=Trypsin	B_5.raw	ftp://massive-ftp.ucsd.edu/v06/MSV000093644/raw/B_5.raw	MASSIVE	B cell
PXD047742-Sample-6	Homo sapiens	blood	B cell	B cell	normal	normal	normal	not available	not available	not available	adult	not available	6	B cell-6	1	1	proteomic profiling by mass spectrometry	data-independent acquisition	AC=MS:1002038;NT=label free sample	Orbitrap Exploris 240	AC=MS:1001251;NT=Trypsin	B_6.raw	ftp://massive-ftp.ucsd.edu/v06/MSV000093644/raw/B_6.raw	MASSIVE	B cell
PXD047742-Sample-7	Homo sapiens	blood	B cell	B cell	normal	normal	normal	not available	not available	not available	adult	not available	7	B cell-7	1	1	proteomic profiling by mass spectrometry	data-independent acquisition	AC=MS:1002038;NT=label free sample	Orbitrap Exploris 240	AC=MS:1001251;NT=Trypsin	B_7.raw	ftp://massive-ftp.ucsd.edu/v06/MSV000093644/raw/B_7.raw	MASSIVE	B cell
PXD047742-Sample-8	Homo sapiens	blood	B cell	B cell	normal	normal	normal	not available	not available	not available	adult	not available	8	B cell-8	1	1	proteomic profiling by mass spectrometry	data-independent acquisition	AC=MS:1002038;NT=label free sample	Orbitrap Exploris 240	AC=MS:1001251;NT=Trypsin	B_8.raw	ftp://massive-ftp.ucsd.edu/v06/MSV000093644/raw/B_8.raw	MASSIVE	B cell
PXD047742-Sample-9	Homo sapiens	blood	B cell	B cell	normal	normal	normal	not available	not available	not available	adult	not available	9	B cell-9	1	1	proteomic profiling by mass spectrometry	data-independent acquisition	AC=MS:1002038;NT=label free sample	Orbitrap Exploris 240	AC=MS:1001251;NT=Trypsin	B_9.raw	ftp://massive-ftp.ucsd.edu/v06/MSV000093644/raw/B_9.raw	MASSIVE	B cell
PXD047742-Sample-10	Homo sapiens	blood	B cell	B cell	normal	normal	normal	not available	not available	not available	adult	not available	10	B cell-10	1	1	proteomic profiling by mass spectrometry	data-independent acquisition	AC=MS:1002038;NT=label free sample	Orbitrap Exploris 240	AC=MS:1001251;NT=Trypsin	B_10.raw	ftp://massive-ftp.ucsd.edu/v06/MSV000093644/raw/B_10.raw	MASSIVE	B cell
PXD047742-Sample-11	Homo sapiens	blood	B cell	B cell	normal	normal	normal	not available	not available	not available	adult	not available	11	B cell-11	1	1	proteomic profiling by mass spectrometry	data-independent acquisition	AC=MS:1002038;NT=label free sample	Orbitrap Exploris 240	AC=MS:1001251;NT=Trypsin	B_11.raw	ftp://massive-ftp.ucsd.edu/v06/MSV000093644/raw/B_11.raw	MASSIVE	B cell
PXD047742-Sample-12	Homo sapiens	blood	B cell	B cell	normal	normal	normal	not available	not available	not available	adult	not available	12	B cell-12	1	1	proteomic profiling by mass spectrometry	data-independent acquisition	AC=MS:1002038;NT=label free sample	Orbitrap Exploris 240	AC=MS:1001251;NT=Trypsin	B_12.raw	ftp://massive-ftp.ucsd.edu/v06/MSV000093644/raw/B_12.raw	MASSIVE	B cell
PXD047742-Sample-13	Homo sapiens	blood	B cell	B cell	normal	normal	normal	not available	not available	not available	adult	not available	13	B cell-13	1	1	proteomic profiling by mass spectrometry	data-independent acquisition	AC=MS:1002038;NT=label free sample	Orbitrap Exploris 240	AC=MS:1001251;NT=Trypsin	B_13.raw	ftp://massive-ftp.ucsd.edu/v06/MSV000093644/raw/B_13.raw	MASSIVE	B cell
PXD047742-Sample-14	Homo sapiens	blood	B cell	B cell	normal	normal	normal	not available	not available	not available	adult	not available	14	B cell-14	1	1	proteomic profiling by mass spectrometry	data-independent acquisition	AC=MS:1002038;NT=label free sample	Orbitrap Exploris 240	AC=MS:1001251;NT=Trypsin	B_14.raw	ftp://massive-ftp.ucsd.edu/v06/MSV000093644/raw/B_14.raw	MASSIVE	B cell
PXD047742-Sample-15	Homo sapiens	blood	B cell	B cell	normal	normal	normal	not available	not available	not available	adult	not available	15	B cell-15	1	1	proteomic profiling by mass spectrometry	data-independent acquisition	AC=MS:1002038;NT=label free sample	Orbitrap Exploris 240	AC=MS:1001251;NT=Trypsin	B_15.raw	ftp://massive-ftp.ucsd.edu/v06/MSV000093644/raw/B_15.raw	MASSIVE	B cell
PXD047742-Sample-16	Homo sapiens	blood	CD4 T cell	CD4 T cell	normal	normal	normal	not available	not available	not available	adult	not available	16	CD4 T cell-16	1	1	proteomic profiling by mass spectrometry	data-independent acquisition	AC=MS:1002038;NT=label free sample	Orbitrap Exploris 240	AC=MS:1001251;NT=Trypsin	CD4_1.raw	ftp://massive-ftp.ucsd.edu/v06/MSV000093644/raw/CD4_1.raw	MASSIVE	CD4 T cell
PXD047742-Sample-17	Homo sapiens	blood	CD4 T cell	CD4 T cell	normal	normal	normal	not available	not available	not available	adult	not available	17	CD4 T cell-17	1	1	proteomic profiling by mass spectrometry	data-independent acquisition	AC=MS:1002038;NT=label free sample	Orbitrap Exploris 240	AC=MS:1001251;NT=Trypsin	CD4_2.raw	ftp://massive-ftp.ucsd.edu/v06/MSV000093644/raw/CD4_2.raw	MASSIVE	CD4 T cell
PXD047742-Sample-18	Homo sapiens	blood	CD4 T cell	CD4 T cell	normal	normal	normal	not available	not available	not available	adult	not available	18	CD4 T cell-18	1	1	proteomic profiling by mass spectrometry	data-independent acquisition	AC=MS:1002038;NT=label free sample	Orbitrap Exploris 240	AC=MS:1001251;NT=Trypsin	CD4_3.raw	ftp://massive-ftp.ucsd.edu/v06/MSV000093644/raw/CD4_3.raw	MASSIVE	CD4 T cell
PXD047742-Sample-19	Homo sapiens	blood	CD4 T cell	CD4 T cell	normal	normal	normal	not available	not available	not available	adult	not available	19	CD4 T cell-19	1	1	proteomic profiling by mass spectrometry	data-independent acquisition	AC=MS:1002038;NT=label free sample	Orbitrap Exploris 240	AC=MS:1001251;NT=Trypsin	CD4_4.raw	ftp://massive-ftp.ucsd.edu/v06/MSV000093644/raw/CD4_4.raw	MASSIVE	CD4 T cell
PXD047742-Sample-20	Homo sapiens	blood	CD4 T cell	CD4 T cell	normal	normal	normal	not available	not available	not available	adult	not available	20	CD4 T cell-20	1	1	proteomic profiling by mass spectrometry	data-independent acquisition	AC=MS:1002038;NT=label free sample	Orbitrap Exploris 240	AC=MS:1001251;NT=Trypsin	CD4_5.raw	ftp://massive-ftp.ucsd.edu/v06/MSV000093644/raw/CD4_5.raw	MASSIVE	CD4 T cell
PXD047742-Sample-21	Homo sapiens	blood	CD4 T cell	CD4 T cell	normal	normal	normal	not available	not available	not available	adult	not available	21	CD4 T cell-21	1	1	proteomic profiling by mass spectrometry	data-independent acquisition	AC=MS:1002038;NT=label free sample	Orbitrap Exploris 240	AC=MS:1001251;NT=Trypsin	CD4_6.raw	ftp://massive-ftp.ucsd.edu/v06/MSV000093644/raw/CD4_6.raw	MASSIVE	CD4 T cell
PXD047742-Sample-22	Homo sapiens	blood	CD4 T cell	CD4 T cell	normal	normal	normal	not available	not available	not available	adult	not available	22	CD4 T cell-22	1	1	proteomic profiling by mass spectrometry	data-independent acquisition	AC=MS:1002038;NT=label free sample	Orbitrap Exploris 240	AC=MS:1001251;NT=Trypsin	CD4_7.raw	ftp://massive-ftp.ucsd.edu/v06/MSV000093644/raw/CD4_7.raw	MASSIVE	CD4 T cell
PXD047742-Sample-23	Homo sapiens	blood	CD4 T cell	CD4 T cell	normal	normal	normal	not available	not available	not available	adult	not available	23	CD4 T cell-23	1	1	proteomic profiling by mass spectrometry	data-independent acquisition	AC=MS:1002038;NT=label free sample	Orbitrap Exploris 240	AC=MS:1001251;NT=Trypsin	CD4_8.raw	ftp://massive-ftp.ucsd.edu/v06/MSV000093644/raw/CD4_8.raw	MASSIVE	CD4 T cell
PXD047742-Sample-24	Homo sapiens	blood	CD4 T cell	CD4 T cell	normal	normal	normal	not available	not available	not available	adult	not available	24	CD4 T cell-24	1	1	proteomic profiling by mass spectrometry	data-independent acquisition	AC=MS:1002038;NT=label free sample	Orbitrap Exploris 240	AC=MS:1001251;NT=Trypsin	CD4_9.raw	ftp://massive-ftp.ucsd.edu/v06/MSV000093644/raw/CD4_9.raw	MASSIVE	CD4 T cell
PXD047742-Sample-25	Homo sapiens	blood	CD4 T cell	CD4 T cell	normal	normal	normal	not available	not available	not available	adult	not available	25	CD4 T cell-25	1	1	proteomic profiling by mass spectrometry	data-independent acquisition	AC=MS:1002038;NT=label free sample	Orbitrap Exploris 240	AC=MS:1001251;NT=Trypsin	CD4_10.raw	ftp://massive-ftp.ucsd.edu/v06/MSV000093644/raw/CD4_10.raw	MASSIVE	CD4 T cell
PXD047742-Sample-26	Homo sapiens	blood	CD4 T cell	CD4 T cell	normal	normal	normal	not available	not available	not available	adult	not available	26	CD4 T cell-26	1	1	proteomic profiling by mass spectrometry	data-independent acquisition	AC=MS:1002038;NT=label free sample	Orbitrap Exploris 240	AC=MS:1001251;NT=Trypsin	CD4_11.raw	ftp://massive-ftp.ucsd.edu/v06/MSV000093644/raw/CD4_11.raw	MASSIVE	CD4 T cell
PXD047742-Sample-27	Homo sapiens	blood	CD4 T cell	CD4 T cell	normal	normal	normal	not available	not available	not available	adult	not available	27	CD4 T cell-27	1	1	proteomic profiling by mass spectrometry	data-independent acquisition	AC=MS:1002038;NT=label free sample	Orbitrap Exploris 240	AC=MS:1001251;NT=Trypsin	CD4_12.raw	ftp://massive-ftp.ucsd.edu/v06/MSV000093644/raw/CD4_12.raw	MASSIVE	CD4 T cell
PXD047742-Sample-28	Homo sapiens	blood	CD4 T cell	CD4 T cell	normal	normal	normal	not available	not available	not available	adult	not available	28	CD4 T cell-28	1	1	proteomic profiling by mass spectrometry	data-independent acquisition	AC=MS:1002038;NT=label free sample	Orbitrap Exploris 240	AC=MS:1001251;NT=Trypsin	CD4_13.raw	ftp://massive-ftp.ucsd.edu/v06/MSV000093644/raw/CD4_13.raw	MASSIVE	CD4 T cell
PXD047742-Sample-29	Homo sapiens	blood	CD4 T cell	CD4 T cell	normal	normal	normal	not available	not available	not available	adult	not available	29	CD4 T cell-29	1	1	proteomic profiling by mass spectrometry	data-independent acquisition	AC=MS:1002038;NT=label free sample	Orbitrap Exploris 240	AC=MS:1001251;NT=Trypsin	CD4_14.raw	ftp://massive-ftp.ucsd.edu/v06/MSV000093644/raw/CD4_14.raw	MASSIVE	CD4 T cell
PXD047742-Sample-30	Homo sapiens	blood	CD4 T cell	CD4 T cell	normal	normal	normal	not available	not available	not available	adult	not available	30	CD4 T cell-30	1	1	proteomic profiling by mass spectrometry	data-independent acquisition	AC=MS:1002038;NT=label free sample	Orbitrap Exploris 240	AC=MS:1001251;NT=Trypsin	CD4_15.raw	ftp://massive-ftp.ucsd.edu/v06/MSV000093644/raw/CD4_15.raw	MASSIVE	CD4 T cell
PXD047742-Sample-31	Homo sapiens	blood	CD8 T cell	CD8 T cell	normal	normal	normal	not available	not available	not available	adult	not available	31	CD8 T cell-31	1	1	proteomic profiling by mass spectrometry	data-independent acquisition	AC=MS:1002038;NT=label free sample	Orbitrap Exploris 240	AC=MS:1001251;NT=Trypsin	CD8_1.raw	ftp://massive-ftp.ucsd.edu/v06/MSV000093644/raw/CD8_1.raw	MASSIVE	CD8 T cell
PXD047742-Sample-32	Homo sapiens	blood	CD8 T cell	CD8 T cell	normal	normal	normal	not available	not available	not available	adult	not available	32	CD8 T cell-32	1	1	proteomic profiling by mass spectrometry	data-independent acquisition	AC=MS:1002038;NT=label free sample	Orbitrap Exploris 240	AC=MS:1001251;NT=Trypsin	CD8_2.raw	ftp://massive-ftp.ucsd.edu/v06/MSV000093644/raw/CD8_2.raw	MASSIVE	CD8 T cell
PXD047742-Sample-33	Homo sapiens	blood	CD8 T cell	CD8 T cell	normal	normal	normal	not available	not available	not available	adult	not available	33	CD8 T cell-33	1	1	proteomic profiling by mass spectrometry	data-independent acquisition	AC=MS:1002038;NT=label free sample	Orbitrap Exploris 240	AC=MS:1001251;NT=Trypsin	CD8_3.raw	ftp://massive-ftp.ucsd.edu/v06/MSV000093644/raw/CD8_3.raw	MASSIVE	CD8 T cell
PXD047742-Sample-34	Homo sapiens	blood	CD8 T cell	CD8 T cell	normal	normal	normal	not available	not available	not available	adult	not available	34	CD8 T cell-34	1	1	proteomic profiling by mass spectrometry	data-independent acquisition	AC=MS:1002038;NT=label free sample	Orbitrap Exploris 240	AC=MS:1001251;NT=Trypsin	CD8_4.raw	ftp://massive-ftp.ucsd.edu/v06/MSV000093644/raw/CD8_4.raw	MASSIVE	CD8 T cell
PXD047742-Sample-35	Homo sapiens	blood	CD8 T cell	CD8 T cell	normal	normal	normal	not available	not available	not available	adult	not available	35	CD8 T cell-35	1	1	proteomic profiling by mass spectrometry	data-independent acquisition	AC=MS:1002038;NT=label free sample	Orbitrap Exploris 240	AC=MS:1001251;NT=Trypsin	CD8_5.raw	ftp://massive-ftp.ucsd.edu/v06/MSV000093644/raw/CD8_5.raw	MASSIVE	CD8 T cell
PXD047742-Sample-36	Homo sapiens	blood	CD8 T cell	CD8 T cell	normal	normal	normal	not available	not available	not available	adult	not available	36	CD8 T cell-36	1	1	proteomic profiling by mass spectrometry	data-independent acquisition	AC=MS:1002038;NT=label free sample	Orbitrap Exploris 240	AC=MS:1001251;NT=Trypsin	CD8_6.raw	ftp://massive-ftp.ucsd.edu/v06/MSV000093644/raw/CD8_6.raw	MASSIVE	CD8 T cell
PXD047742-Sample-37	Homo sapiens	blood	CD8 T cell	CD8 T cell	normal	normal	normal	not available	not available	not available	adult	not available	37	CD8 T cell-37	1	1	proteomic profiling by mass spectrometry	data-independent acquisition	AC=MS:1002038;NT=label free sample	Orbitrap Exploris 240	AC=MS:1001251;NT=Trypsin	CD8_7.raw	ftp://massive-ftp.ucsd.edu/v06/MSV000093644/raw/CD8_7.raw	MASSIVE	CD8 T cell
PXD047742-Sample-38	Homo sapiens	blood	CD8 T cell	CD8 T cell	normal	normal	normal	not available	not available	not available	adult	not available	38	CD8 T cell-38	1	1	proteomic profiling by mass spectrometry	data-independent acquisition	AC=MS:1002038;NT=label free sample	Orbitrap Exploris 240	AC=MS:1001251;NT=Trypsin	CD8_8.raw	ftp://massive-ftp.ucsd.edu/v06/MSV000093644/raw/CD8_8.raw	MASSIVE	CD8 T cell
PXD047742-Sample-39	Homo sapiens	blood	CD8 T cell	CD8 T cell	normal	normal	normal	not available	not available	not available	adult	not available	39	CD8 T cell-39	1	1	proteomic profiling by mass spectrometry	data-independent acquisition	AC=MS:1002038;NT=label free sample	Orbitrap Exploris 240	AC=MS:1001251;NT=Trypsin	CD8_9.raw	ftp://massive-ftp.ucsd.edu/v06/MSV000093644/raw/CD8_9.raw	MASSIVE	CD8 T cell
PXD047742-Sample-40	Homo sapiens	blood	CD8 T cell	CD8 T cell	normal	normal	normal	not available	not available	not available	adult	not available	40	CD8 T cell-40	1	1	proteomic profiling by mass spectrometry	data-independent acquisition	AC=MS:1002038;NT=label free sample	Orbitrap Exploris 240	AC=MS:1001251;NT=Trypsin	CD8_10.raw	ftp://massive-ftp.ucsd.edu/v06/MSV000093644/raw/CD8_10.raw	MASSIVE	CD8 T cell
PXD047742-Sample-41	Homo sapiens	blood	CD8 T cell	CD8 T cell	normal	normal	normal	not available	not available	not available	adult	not available	41	CD8 T cell-41	1	1	proteomic profiling by mass spectrometry	data-independent acquisition	AC=MS:1002038;NT=label free sample	Orbitrap Exploris 240	AC=MS:1001251;NT=Trypsin	CD8_11.raw	ftp://massive-ftp.ucsd.edu/v06/MSV000093644/raw/CD8_11.raw	MASSIVE	CD8 T cell
PXD047742-Sample-42	Homo sapiens	blood	CD8 T cell	CD8 T cell	normal	normal	normal	not available	not available	not available	adult	not available	42	CD8 T cell-42	1	1	proteomic profiling by mass spectrometry	data-independent acquisition	AC=MS:1002038;NT=label free sample	Orbitrap Exploris 240	AC=MS:1001251;NT=Trypsin	CD8_12.raw	ftp://massive-ftp.ucsd.edu/v06/MSV000093644/raw/CD8_12.raw	MASSIVE	CD8 T cell
PXD047742-Sample-43	Homo sapiens	blood	CD8 T cell	CD8 T cell	normal	normal	normal	not available	not available	not available	adult	not available	43	CD8 T cell-43	1	1	proteomic profiling by mass spectrometry	data-independent acquisition	AC=MS:1002038;NT=label free sample	Orbitrap Exploris 240	AC=MS:1001251;NT=Trypsin	CD8_13.raw	ftp://massive-ftp.ucsd.edu/v06/MSV000093644/raw/CD8_13.raw	MASSIVE	CD8 T cell
PXD047742-Sample-44	Homo sapiens	blood	CD8 T cell	CD8 T cell	normal	normal	normal	not available	not available	not available	adult	not available	44	CD8 T cell-44	1	1	proteomic profiling by mass spectrometry	data-independent acquisition	AC=MS:1002038;NT=label free sample	Orbitrap Exploris 240	AC=MS:1001251;NT=Trypsin	CD8_14.raw	ftp://massive-ftp.ucsd.edu/v06/MSV000093644/raw/CD8_14.raw	MASSIVE	CD8 T cell
PXD047742-Sample-45	Homo sapiens	blood	CD8 T cell	CD8 T cell	normal	normal	normal	not available	not available	not available	adult	not available	45	CD8 T cell-45	1	1	proteomic profiling by mass spectrometry	data-independent acquisition	AC=MS:1002038;NT=label free sample	Orbitrap Exploris 240	AC=MS:1001251;NT=Trypsin	CD8_15.raw	ftp://massive-ftp.ucsd.edu/v06/MSV000093644/raw/CD8_15.raw	MASSIVE	CD8 T cell
PXD047742-Sample-46	Homo sapiens	blood	NK cell	NK cell	normal	normal	normal	not available	not available	not available	adult	not available	46	NK cell-46	1	1	proteomic profiling by mass spectrometry	data-independent acquisition	AC=MS:1002038;NT=label free sample	Orbitrap Exploris 240	AC=MS:1001251;NT=Trypsin	NK_1.raw	ftp://massive-ftp.ucsd.edu/v06/MSV000093644/raw/NK_1.raw	MASSIVE	NK cell
PXD047742-Sample-47	Homo sapiens	blood	NK cell	NK cell	normal	normal	normal	not available	not available	not available	adult	not available	47	NK cell-47	1	1	proteomic profiling by mass spectrometry	data-independent acquisition	AC=MS:1002038;NT=label free sample	Orbitrap Exploris 240	AC=MS:1001251;NT=Trypsin	NK_2.raw	ftp://massive-ftp.ucsd.edu/v06/MSV000093644/raw/NK_2.raw	MASSIVE	NK cell
PXD047742-Sample-48	Homo sapiens	blood	NK cell	NK cell	normal	normal	normal	not available	not available	not available	adult	not available	48	NK cell-48	1	1	proteomic profiling by mass spectrometry	data-independent acquisition	AC=MS:1002038;NT=label free sample	Orbitrap Exploris 240	AC=MS:1001251;NT=Trypsin	NK_3.raw	ftp://massive-ftp.ucsd.edu/v06/MSV000093644/raw/NK_3.raw	MASSIVE	NK cell
PXD047742-Sample-49	Homo sapiens	blood	NK cell	NK cell	normal	normal	normal	not available	not available	not available	adult	not available	49	NK cell-49	1	1	proteomic profiling by mass spectrometry	data-independent acquisition	AC=MS:1002038;NT=label free sample	Orbitrap Exploris 240	AC=MS:1001251;NT=Trypsin	NK_4.raw	ftp://massive-ftp.ucsd.edu/v06/MSV000093644/raw/NK_4.raw	MASSIVE	NK cell
PXD047742-Sample-50	Homo sapiens	blood	NK cell	NK cell	normal	normal	normal	not available	not available	not available	adult	not available	50	NK cell-50	1	1	proteomic profiling by mass spectrometry	data-independent acquisition	AC=MS:1002038;NT=label free sample	Orbitrap Exploris 240	AC=MS:1001251;NT=Trypsin	NK_5.raw	ftp://massive-ftp.ucsd.edu/v06/MSV000093644/raw/NK_5.raw	MASSIVE	NK cell
PXD047742-Sample-51	Homo sapiens	blood	NK cell	NK cell	normal	normal	normal	not available	not available	not available	adult	not available	51	NK cell-51	1	1	proteomic profiling by mass spectrometry	data-independent acquisition	AC=MS:1002038;NT=label free sample	Orbitrap Exploris 240	AC=MS:1001251;NT=Trypsin	NK_6.raw	ftp://massive-ftp.ucsd.edu/v06/MSV000093644/raw/NK_6.raw	MASSIVE	NK cell
PXD047742-Sample-52	Homo sapiens	blood	NK cell	NK cell	normal	normal	normal	not available	not available	not available	adult	not available	52	NK cell-52	1	1	proteomic profiling by mass spectrometry	data-independent acquisition	AC=MS:1002038;NT=label free sample	Orbitrap Exploris 240	AC=MS:1001251;NT=Trypsin	NK_7.raw	ftp://massive-ftp.ucsd.edu/v06/MSV000093644/raw/NK_7.raw	MASSIVE	NK cell
PXD047742-Sample-53	Homo sapiens	blood	NK cell	NK cell	normal	normal	normal	not available	not available	not available	adult	not available	53	NK cell-53	1	1	proteomic profiling by mass spectrometry	data-independent acquisition	AC=MS:1002038;NT=label free sample	Orbitrap Exploris 240	AC=MS:1001251;NT=Trypsin	NK_8.raw	ftp://massive-ftp.ucsd.edu/v06/MSV000093644/raw/NK_8.raw	MASSIVE	NK cell
PXD047742-Sample-54	Homo sapiens	blood	NK cell	NK cell	normal	normal	normal	not available	not available	not available	adult	not available	54	NK cell-54	1	1	proteomic profiling by mass spectrometry	data-independent acquisition	AC=MS:1002038;NT=label free sample	Orbitrap Exploris 240	AC=MS:1001251;NT=Trypsin	NK_9.raw	ftp://massive-ftp.ucsd.edu/v06/MSV000093644/raw/NK_9.raw	MASSIVE	NK cell
PXD047742-Sample-55	Homo sapiens	blood	NK cell	NK cell	normal	normal	normal	not available	not available	not available	adult	not available	55	NK cell-55	1	1	proteomic profiling by mass spectrometry	data-independent acquisition	AC=MS:1002038;NT=label free sample	Orbitrap Exploris 240	AC=MS:1001251;NT=Trypsin	NK_10.raw	ftp://massive-ftp.ucsd.edu/v06/MSV000093644/raw/NK_10.raw	MASSIVE	NK cell
PXD047742-Sample-56	Homo sapiens	blood	NK cell	NK cell	normal	normal	normal	not available	not available	not available	adult	not available	56	NK cell-56	1	1	proteomic profiling by mass spectrometry	data-independent acquisition	AC=MS:1002038;NT=label free sample	Orbitrap Exploris 240	AC=MS:1001251;NT=Trypsin	NK_11.raw	ftp://massive-ftp.ucsd.edu/v06/MSV000093644/raw/NK_11.raw	MASSIVE	NK cell
PXD047742-Sample-57	Homo sapiens	blood	NK cell	NK cell	normal	normal	normal	not available	not available	not available	adult	not available	57	NK cell-57	1	1	proteomic profiling by mass spectrometry	data-independent acquisition	AC=MS:1002038;NT=label free sample	Orbitrap Exploris 240	AC=MS:1001251;NT=Trypsin	NK_12.raw	ftp://massive-ftp.ucsd.edu/v06/MSV000093644/raw/NK_12.raw	MASSIVE	NK cell
PXD047742-Sample-58	Homo sapiens	blood	NK cell	NK cell	normal	normal	normal	not available	not available	not available	adult	not available	58	NK cell-58	1	1	proteomic profiling by mass spectrometry	data-independent acquisition	AC=MS:1002038;NT=label free sample	Orbitrap Exploris 240	AC=MS:1001251;NT=Trypsin	NK_13.raw	ftp://massive-ftp.ucsd.edu/v06/MSV000093644/raw/NK_13.raw	MASSIVE	NK cell
PXD047742-Sample-59	Homo sapiens	blood	NK cell	NK cell	normal	normal	normal	not available	not available	not available	adult	not available	59	NK cell-59	1	1	proteomic profiling by mass spectrometry	data-independent acquisition	AC=MS:1002038;NT=label free sample	Orbitrap Exploris 240	AC=MS:1001251;NT=Trypsin	NK_14.raw	ftp://massive-ftp.ucsd.edu/v06/MSV000093644/raw/NK_14.raw	MASSIVE	NK cell
PXD047742-Sample-60	Homo sapiens	blood	NK cell	NK cell	normal	normal	normal	not available	not available	not available	adult	not available	60	NK cell-60	1	1	proteomic profiling by mass spectrometry	data-independent acquisition	AC=MS:1002038;NT=label free sample	Orbitrap Exploris 240	AC=MS:1001251;NT=Trypsin	NK_15.raw	ftp://massive-ftp.ucsd.edu/v06/MSV000093644/raw/NK_15.raw	MASSIVE	NK cell
PXD047742-Sample-61	Homo sapiens	blood	B cell	B cell	normal	normal	normal	not available	not available	not available	adult	not available	61	B cell-DDAlibrary-61	1	1	proteomic profiling by mass spectrometry	data-dependent acquisition	AC=MS:1002038;NT=label free sample	Orbitrap Exploris 240	AC=MS:1001251;NT=Trypsin	B_F1.raw	ftp://massive-ftp.ucsd.edu/v06/MSV000093644/raw/B_F1.raw	MASSIVE	B cell
PXD047742-Sample-61	Homo sapiens	blood	B cell	B cell	normal	normal	normal	not available	not available	not available	adult	not available	61	B cell-DDAlibrary-61	1	2	proteomic profiling by mass spectrometry	data-dependent acquisition	AC=MS:1002038;NT=label free sample	Orbitrap Exploris 240	AC=MS:1001251;NT=Trypsin	B_F2.raw	ftp://massive-ftp.ucsd.edu/v06/MSV000093644/raw/B_F2.raw	MASSIVE	B cell
PXD047742-Sample-61	Homo sapiens	blood	B cell	B cell	normal	normal	normal	not available	not available	not available	adult	not available	61	B cell-DDAlibrary-61	1	3	proteomic profiling by mass spectrometry	data-dependent acquisition	AC=MS:1002038;NT=label free sample	Orbitrap Exploris 240	AC=MS:1001251;NT=Trypsin	B_F3.raw	ftp://massive-ftp.ucsd.edu/v06/MSV000093644/raw/B_F3.raw	MASSIVE	B cell
PXD047742-Sample-61	Homo sapiens	blood	B cell	B cell	normal	normal	normal	not available	not available	not available	adult	not available	61	B cell-DDAlibrary-61	1	4	proteomic profiling by mass spectrometry	data-dependent acquisition	AC=MS:1002038;NT=label free sample	Orbitrap Exploris 240	AC=MS:1001251;NT=Trypsin	B_F4.raw	ftp://massive-ftp.ucsd.edu/v06/MSV000093644/raw/B_F4.raw	MASSIVE	B cell
PXD047742-Sample-61	Homo sapiens	blood	B cell	B cell	normal	normal	normal	not available	not available	not available	adult	not available	61	B cell-DDAlibrary-61	1	5	proteomic profiling by mass spectrometry	data-dependent acquisition	AC=MS:1002038;NT=label free sample	Orbitrap Exploris 240	AC=MS:1001251;NT=Trypsin	B_F5.raw	ftp://massive-ftp.ucsd.edu/v06/MSV000093644/raw/B_F5.raw	MASSIVE	B cell
PXD047742-Sample-61	Homo sapiens	blood	B cell	B cell	normal	normal	normal	not available	not available	not available	adult	not available	61	B cell-DDAlibrary-61	1	6	proteomic profiling by mass spectrometry	data-dependent acquisition	AC=MS:1002038;NT=label free sample	Orbitrap Exploris 240	AC=MS:1001251;NT=Trypsin	B_F6.raw	ftp://massive-ftp.ucsd.edu/v06/MSV000093644/raw/B_F6.raw	MASSIVE	B cell
PXD047742-Sample-61	Homo sapiens	blood	B cell	B cell	normal	normal	normal	not available	not available	not available	adult	not available	61	B cell-DDAlibrary-61	1	7	proteomic profiling by mass spectrometry	data-dependent acquisition	AC=MS:1002038;NT=label free sample	Orbitrap Exploris 240	AC=MS:1001251;NT=Trypsin	B_F7.raw	ftp://massive-ftp.ucsd.edu/v06/MSV000093644/raw/B_F7.raw	MASSIVE	B cell
PXD047742-Sample-61	Homo sapiens	blood	B cell	B cell	normal	normal	normal	not available	not available	not available	adult	not available	61	B cell-DDAlibrary-61	1	8	proteomic profiling by mass spectrometry	data-dependent acquisition	AC=MS:1002038;NT=label free sample	Orbitrap Exploris 240	AC=MS:1001251;NT=Trypsin	B_F8.raw	ftp://massive-ftp.ucsd.edu/v06/MSV000093644/raw/B_F8.raw	MASSIVE	B cell
PXD047742-Sample-61	Homo sapiens	blood	B cell	B cell	normal	normal	normal	not available	not available	not available	adult	not available	61	B cell-DDAlibrary-61	1	9	proteomic profiling by mass spectrometry	data-dependent acquisition	AC=MS:1002038;NT=label free sample	Orbitrap Exploris 240	AC=MS:1001251;NT=Trypsin	B_F9.raw	ftp://massive-ftp.ucsd.edu/v06/MSV000093644/raw/B_F9.raw	MASSIVE	B cell
PXD047742-Sample-61	Homo sapiens	blood	B cell	B cell	normal	normal	normal	not available	not available	not available	adult	not available	61	B cell-DDAlibrary-61	1	10	proteomic profiling by mass spectrometry	data-dependent acquisition	AC=MS:1002038;NT=label free sample	Orbitrap Exploris 240	AC=MS:1001251;NT=Trypsin	B_F10.raw	ftp://massive-ftp.ucsd.edu/v06/MSV000093644/raw/B_F10.raw	MASSIVE	B cell
PXD047742-Sample-61	Homo sapiens	blood	B cell	B cell	normal	normal	normal	not available	not available	not available	adult	not available	61	B cell-DDAlibrary-61	1	11	proteomic profiling by mass spectrometry	data-dependent acquisition	AC=MS:1002038;NT=label free sample	Orbitrap Exploris 240	AC=MS:1001251;NT=Trypsin	B_F11.raw	ftp://massive-ftp.ucsd.edu/v06/MSV000093644/raw/B_F11.raw	MASSIVE	B cell
PXD047742-Sample-61	Homo sapiens	blood	B cell	B cell	normal	normal	normal	not available	not available	not available	adult	not available	61	B cell-DDAlibrary-61	1	12	proteomic profiling by mass spectrometry	data-dependent acquisition	AC=MS:1002038;NT=label free sample	Orbitrap Exploris 240	AC=MS:1001251;NT=Trypsin	B_F12.raw	ftp://massive-ftp.ucsd.edu/v06/MSV000093644/raw/B_F12.raw	MASSIVE	B cell
PXD047742-Sample-61	Homo sapiens	blood	B cell	B cell	normal	normal	normal	not available	not available	not available	adult	not available	61	B cell-DDAlibrary-61	1	13	proteomic profiling by mass spectrometry	data-dependent acquisition	AC=MS:1002038;NT=label free sample	Orbitrap Exploris 240	AC=MS:1001251;NT=Trypsin	B_F13.raw	ftp://massive-ftp.ucsd.edu/v06/MSV000093644/raw/B_F13.raw	MASSIVE	B cell
PXD047742-Sample-61	Homo sapiens	blood	B cell	B cell	normal	normal	normal	not available	not available	not available	adult	not available	61	B cell-DDAlibrary-61	1	14	proteomic profiling by mass spectrometry	data-dependent acquisition	AC=MS:1002038;NT=label free sample	Orbitrap Exploris 240	AC=MS:1001251;NT=Trypsin	B_F14.raw	ftp://massive-ftp.ucsd.edu/v06/MSV000093644/raw/B_F14.raw	MASSIVE	B cell
PXD047742-Sample-61	Homo sapiens	blood	B cell	B cell	normal	normal	normal	not available	not available	not available	adult	not available	61	B cell-DDAlibrary-61	1	15	proteomic profiling by mass spectrometry	data-dependent acquisition	AC=MS:1002038;NT=label free sample	Orbitrap Exploris 240	AC=MS:1001251;NT=Trypsin	B_F15.raw	ftp://massive-ftp.ucsd.edu/v06/MSV000093644/raw/B_F15.raw	MASSIVE	B cell
PXD047742-Sample-61	Homo sapiens	blood	B cell	B cell	normal	normal	normal	not available	not available	not available	adult	not available	61	B cell-DDAlibrary-61	1	16	proteomic profiling by mass spectrometry	data-dependent acquisition	AC=MS:1002038;NT=label free sample	Orbitrap Exploris 240	AC=MS:1001251;NT=Trypsin	B_F16.raw	ftp://massive-ftp.ucsd.edu/v06/MSV000093644/raw/B_F16.raw	MASSIVE	B cell
PXD047742-Sample-61	Homo sapiens	blood	B cell	B cell	normal	normal	normal	not available	not available	not available	adult	not available	61	B cell-DDAlibrary-61	1	17	proteomic profiling by mass spectrometry	data-dependent acquisition	AC=MS:1002038;NT=label free sample	Orbitrap Exploris 240	AC=MS:1001251;NT=Trypsin	B_F17.raw	ftp://massive-ftp.ucsd.edu/v06/MSV000093644/raw/B_F17.raw	MASSIVE	B cell
PXD047742-Sample-61	Homo sapiens	blood	B cell	B cell	normal	normal	normal	not available	not available	not available	adult	not available	61	B cell-DDAlibrary-61	1	18	proteomic profiling by mass spectrometry	data-dependent acquisition	AC=MS:1002038;NT=label free sample	Orbitrap Exploris 240	AC=MS:1001251;NT=Trypsin	B_F18.raw	ftp://massive-ftp.ucsd.edu/v06/MSV000093644/raw/B_F18.raw	MASSIVE	B cell
PXD047742-Sample-61	Homo sapiens	blood	B cell	B cell	normal	normal	normal	not available	not available	not available	adult	not available	61	B cell-DDAlibrary-61	1	19	proteomic profiling by mass spectrometry	data-dependent acquisition	AC=MS:1002038;NT=label free sample	Orbitrap Exploris 240	AC=MS:1001251;NT=Trypsin	B_F19.raw	ftp://massive-ftp.ucsd.edu/v06/MSV000093644/raw/B_F19.raw	MASSIVE	B cell
PXD047742-Sample-61	Homo sapiens	blood	B cell	B cell	normal	normal	normal	not available	not available	not available	adult	not available	61	B cell-DDAlibrary-61	1	20	proteomic profiling by mass spectrometry	data-dependent acquisition	AC=MS:1002038;NT=label free sample	Orbitrap Exploris 240	AC=MS:1001251;NT=Trypsin	B_F20.raw	ftp://massive-ftp.ucsd.edu/v06/MSV000093644/raw/B_F20.raw	MASSIVE	B cell
PXD047742-Sample-61	Homo sapiens	blood	B cell	B cell	normal	normal	normal	not available	not available	not available	adult	not available	61	B cell-DDAlibrary-61	1	21	proteomic profiling by mass spectrometry	data-dependent acquisition	AC=MS:1002038;NT=label free sample	Orbitrap Exploris 240	AC=MS:1001251;NT=Trypsin	B_F21.raw	ftp://massive-ftp.ucsd.edu/v06/MSV000093644/raw/B_F21.raw	MASSIVE	B cell
PXD047742-Sample-61	Homo sapiens	blood	B cell	B cell	normal	normal	normal	not available	not available	not available	adult	not available	61	B cell-DDAlibrary-61	1	22	proteomic profiling by mass spectrometry	data-dependent acquisition	AC=MS:1002038;NT=label free sample	Orbitrap Exploris 240	AC=MS:1001251;NT=Trypsin	B_F22.raw	ftp://massive-ftp.ucsd.edu/v06/MSV000093644/raw/B_F22.raw	MASSIVE	B cell
PXD047742-Sample-61	Homo sapiens	blood	B cell	B cell	normal	normal	normal	not available	not available	not available	adult	not available	61	B cell-DDAlibrary-61	1	23	proteomic profiling by mass spectrometry	data-dependent acquisition	AC=MS:1002038;NT=label free sample	Orbitrap Exploris 240	AC=MS:1001251;NT=Trypsin	B_F23.raw	ftp://massive-ftp.ucsd.edu/v06/MSV000093644/raw/B_F23.raw	MASSIVE	B cell
PXD047742-Sample-61	Homo sapiens	blood	B cell	B cell	normal	normal	normal	not available	not available	not available	adult	not available	61	B cell-DDAlibrary-61	1	24	proteomic profiling by mass spectrometry	data-dependent acquisition	AC=MS:1002038;NT=label free sample	Orbitrap Exploris 240	AC=MS:1001251;NT=Trypsin	B_F24.raw	ftp://massive-ftp.ucsd.edu/v06/MSV000093644/raw/B_F24.raw	MASSIVE	B cell
PXD047742-Sample-61	Homo sapiens	blood	B cell	B cell	normal	normal	DDA library	not available	not available	not available	adult	not available	61	B cell-DDAlibrary-61	2	1	proteomic profiling by mass spectrometry	data-dependent acquisition	AC=MS:1002038;NT=label free sample	Orbitrap Exploris 240	AC=MS:1001251;NT=Trypsin	B_F1.raw	ftp://massive-ftp.ucsd.edu/v06/MSV000093644/library/Human_Immune_Cell_DDA/B%20cell/B_F1.raw	MASSIVE	B cell
PXD047742-Sample-61	Homo sapiens	blood	B cell	B cell	normal	normal	DDA library	not available	not available	not available	adult	not available	61	B cell-DDAlibrary-61	2	2	proteomic profiling by mass spectrometry	data-dependent acquisition	AC=MS:1002038;NT=label free sample	Orbitrap Exploris 240	AC=MS:1001251;NT=Trypsin	B_F2.raw	ftp://massive-ftp.ucsd.edu/v06/MSV000093644/library/Human_Immune_Cell_DDA/B%20cell/B_F2.raw	MASSIVE	B cell
PXD047742-Sample-61	Homo sapiens	blood	B cell	B cell	normal	normal	DDA library	not available	not available	not available	adult	not available	61	B cell-DDAlibrary-61	2	3	proteomic profiling by mass spectrometry	data-dependent acquisition	AC=MS:1002038;NT=label free sample	Orbitrap Exploris 240	AC=MS:1001251;NT=Trypsin	B_F3.raw	ftp://massive-ftp.ucsd.edu/v06/MSV000093644/library/Human_Immune_Cell_DDA/B%20cell/B_F3.raw	MASSIVE	B cell
PXD047742-Sample-61	Homo sapiens	blood	B cell	B cell	normal	normal	DDA library	not available	not available	not available	adult	not available	61	B cell-DDAlibrary-61	2	4	proteomic profiling by mass spectrometry	data-dependent acquisition	AC=MS:1002038;NT=label free sample	Orbitrap Exploris 240	AC=MS:1001251;NT=Trypsin	B_F4.raw	ftp://massive-ftp.ucsd.edu/v06/MSV000093644/library/Human_Immune_Cell_DDA/B%20cell/B_F4.raw	MASSIVE	B cell
PXD047742-Sample-61	Homo sapiens	blood	B cell	B cell	normal	normal	DDA library	not available	not available	not available	adult	not available	61	B cell-DDAlibrary-61	2	5	proteomic profiling by mass spectrometry	data-dependent acquisition	AC=MS:1002038;NT=label free sample	Orbitrap Exploris 240	AC=MS:1001251;NT=Trypsin	B_F5.raw	ftp://massive-ftp.ucsd.edu/v06/MSV000093644/library/Human_Immune_Cell_DDA/B%20cell/B_F5.raw	MASSIVE	B cell
PXD047742-Sample-61	Homo sapiens	blood	B cell	B cell	normal	normal	DDA library	not available	not available	not available	adult	not available	61	B cell-DDAlibrary-61	2	6	proteomic profiling by mass spectrometry	data-dependent acquisition	AC=MS:1002038;NT=label free sample	Orbitrap Exploris 240	AC=MS:1001251;NT=Trypsin	B_F6.raw	ftp://massive-ftp.ucsd.edu/v06/MSV000093644/library/Human_Immune_Cell_DDA/B%20cell/B_F6.raw	MASSIVE	B cell
PXD047742-Sample-61	Homo sapiens	blood	B cell	B cell	normal	normal	DDA library	not available	not available	not available	adult	not available	61	B cell-DDAlibrary-61	2	7	proteomic profiling by mass spectrometry	data-dependent acquisition	AC=MS:1002038;NT=label free sample	Orbitrap Exploris 240	AC=MS:1001251;NT=Trypsin	B_F7.raw	ftp://massive-ftp.ucsd.edu/v06/MSV000093644/library/Human_Immune_Cell_DDA/B%20cell/B_F7.raw	MASSIVE	B cell
PXD047742-Sample-61	Homo sapiens	blood	B cell	B cell	normal	normal	DDA library	not available	not available	not available	adult	not available	61	B cell-DDAlibrary-61	2	8	proteomic profiling by mass spectrometry	data-dependent acquisition	AC=MS:1002038;NT=label free sample	Orbitrap Exploris 240	AC=MS:1001251;NT=Trypsin	B_F8.raw	ftp://massive-ftp.ucsd.edu/v06/MSV000093644/library/Human_Immune_Cell_DDA/B%20cell/B_F8.raw	MASSIVE	B cell
PXD047742-Sample-61	Homo sapiens	blood	B cell	B cell	normal	normal	DDA library	not available	not available	not available	adult	not available	61	B cell-DDAlibrary-61	2	9	proteomic profiling by mass spectrometry	data-dependent acquisition	AC=MS:1002038;NT=label free sample	Orbitrap Exploris 240	AC=MS:1001251;NT=Trypsin	B_F9.raw	ftp://massive-ftp.ucsd.edu/v06/MSV000093644/library/Human_Immune_Cell_DDA/B%20cell/B_F9.raw	MASSIVE	B cell
PXD047742-Sample-61	Homo sapiens	blood	B cell	B cell	normal	normal	DDA library	not available	not available	not available	adult	not available	61	B cell-DDAlibrary-61	2	10	proteomic profiling by mass spectrometry	data-dependent acquisition	AC=MS:1002038;NT=label free sample	Orbitrap Exploris 240	AC=MS:1001251;NT=Trypsin	B_F10.raw	ftp://massive-ftp.ucsd.edu/v06/MSV000093644/library/Human_Immune_Cell_DDA/B%20cell/B_F10.raw	MASSIVE	B cell
PXD047742-Sample-61	Homo sapiens	blood	B cell	B cell	normal	normal	DDA library	not available	not available	not available	adult	not available	61	B cell-DDAlibrary-61	2	11	proteomic profiling by mass spectrometry	data-dependent acquisition	AC=MS:1002038;NT=label free sample	Orbitrap Exploris 240	AC=MS:1001251;NT=Trypsin	B_F11.raw	ftp://massive-ftp.ucsd.edu/v06/MSV000093644/library/Human_Immune_Cell_DDA/B%20cell/B_F11.raw	MASSIVE	B cell
PXD047742-Sample-61	Homo sapiens	blood	B cell	B cell	normal	normal	DDA library	not available	not available	not available	adult	not available	61	B cell-DDAlibrary-61	2	12	proteomic profiling by mass spectrometry	data-dependent acquisition	AC=MS:1002038;NT=label free sample	Orbitrap Exploris 240	AC=MS:1001251;NT=Trypsin	B_F12.raw	ftp://massive-ftp.ucsd.edu/v06/MSV000093644/library/Human_Immune_Cell_DDA/B%20cell/B_F12.raw	MASSIVE	B cell
PXD047742-Sample-61	Homo sapiens	blood	B cell	B cell	normal	normal	DDA library	not available	not available	not available	adult	not available	61	B cell-DDAlibrary-61	2	13	proteomic profiling by mass spectrometry	data-dependent acquisition	AC=MS:1002038;NT=label free sample	Orbitrap Exploris 240	AC=MS:1001251;NT=Trypsin	B_F13.raw	ftp://massive-ftp.ucsd.edu/v06/MSV000093644/library/Human_Immune_Cell_DDA/B%20cell/B_F13.raw	MASSIVE	B cell
PXD047742-Sample-61	Homo sapiens	blood	B cell	B cell	normal	normal	DDA library	not available	not available	not available	adult	not available	61	B cell-DDAlibrary-61	2	14	proteomic profiling by mass spectrometry	data-dependent acquisition	AC=MS:1002038;NT=label free sample	Orbitrap Exploris 240	AC=MS:1001251;NT=Trypsin	B_F14.raw	ftp://massive-ftp.ucsd.edu/v06/MSV000093644/library/Human_Immune_Cell_DDA/B%20cell/B_F14.raw	MASSIVE	B cell
PXD047742-Sample-61	Homo sapiens	blood	B cell	B cell	normal	normal	DDA library	not available	not available	not available	adult	not available	61	B cell-DDAlibrary-61	2	15	proteomic profiling by mass spectrometry	data-dependent acquisition	AC=MS:1002038;NT=label free sample	Orbitrap Exploris 240	AC=MS:1001251;NT=Trypsin	B_F15.raw	ftp://massive-ftp.ucsd.edu/v06/MSV000093644/library/Human_Immune_Cell_DDA/B%20cell/B_F15.raw	MASSIVE	B cell
PXD047742-Sample-61	Homo sapiens	blood	B cell	B cell	normal	normal	DDA library	not available	not available	not available	adult	not available	61	B cell-DDAlibrary-61	2	16	proteomic profiling by mass spectrometry	data-dependent acquisition	AC=MS:1002038;NT=label free sample	Orbitrap Exploris 240	AC=MS:1001251;NT=Trypsin	B_F16.raw	ftp://massive-ftp.ucsd.edu/v06/MSV000093644/library/Human_Immune_Cell_DDA/B%20cell/B_F16.raw	MASSIVE	B cell
PXD047742-Sample-61	Homo sapiens	blood	B cell	B cell	normal	normal	DDA library	not available	not available	not available	adult	not available	61	B cell-DDAlibrary-61	2	17	proteomic profiling by mass spectrometry	data-dependent acquisition	AC=MS:1002038;NT=label free sample	Orbitrap Exploris 240	AC=MS:1001251;NT=Trypsin	B_F17.raw	ftp://massive-ftp.ucsd.edu/v06/MSV000093644/library/Human_Immune_Cell_DDA/B%20cell/B_F17.raw	MASSIVE	B cell
PXD047742-Sample-61	Homo sapiens	blood	B cell	B cell	normal	normal	DDA library	not available	not available	not available	adult	not available	61	B cell-DDAlibrary-61	2	18	proteomic profiling by mass spectrometry	data-dependent acquisition	AC=MS:1002038;NT=label free sample	Orbitrap Exploris 240	AC=MS:1001251;NT=Trypsin	B_F18.raw	ftp://massive-ftp.ucsd.edu/v06/MSV000093644/library/Human_Immune_Cell_DDA/B%20cell/B_F18.raw	MASSIVE	B cell
PXD047742-Sample-61	Homo sapiens	blood	B cell	B cell	normal	normal	DDA library	not available	not available	not available	adult	not available	61	B cell-DDAlibrary-61	2	19	proteomic profiling by mass spectrometry	data-dependent acquisition	AC=MS:1002038;NT=label free sample	Orbitrap Exploris 240	AC=MS:1001251;NT=Trypsin	B_F19.raw	ftp://massive-ftp.ucsd.edu/v06/MSV000093644/library/Human_Immune_Cell_DDA/B%20cell/B_F19.raw	MASSIVE	B cell
PXD047742-Sample-61	Homo sapiens	blood	B cell	B cell	normal	normal	DDA library	not available	not available	not available	adult	not available	61	B cell-DDAlibrary-61	2	20	proteomic profiling by mass spectrometry	data-dependent acquisition	AC=MS:1002038;NT=label free sample	Orbitrap Exploris 240	AC=MS:1001251;NT=Trypsin	B_F20.raw	ftp://massive-ftp.ucsd.edu/v06/MSV000093644/library/Human_Immune_Cell_DDA/B%20cell/B_F20.raw	MASSIVE	B cell
PXD047742-Sample-61	Homo sapiens	blood	B cell	B cell	normal	normal	DDA library	not available	not available	not available	adult	not available	61	B cell-DDAlibrary-61	2	21	proteomic profiling by mass spectrometry	data-dependent acquisition	AC=MS:1002038;NT=label free sample	Orbitrap Exploris 240	AC=MS:1001251;NT=Trypsin	B_F21.raw	ftp://massive-ftp.ucsd.edu/v06/MSV000093644/library/Human_Immune_Cell_DDA/B%20cell/B_F21.raw	MASSIVE	B cell
PXD047742-Sample-61	Homo sapiens	blood	B cell	B cell	normal	normal	DDA library	not available	not available	not available	adult	not available	61	B cell-DDAlibrary-61	2	22	proteomic profiling by mass spectrometry	data-dependent acquisition	AC=MS:1002038;NT=label free sample	Orbitrap Exploris 240	AC=MS:1001251;NT=Trypsin	B_F22.raw	ftp://massive-ftp.ucsd.edu/v06/MSV000093644/library/Human_Immune_Cell_DDA/B%20cell/B_F22.raw	MASSIVE	B cell
PXD047742-Sample-61	Homo sapiens	blood	B cell	B cell	normal	normal	DDA library	not available	not available	not available	adult	not available	61	B cell-DDAlibrary-61	2	23	proteomic profiling by mass spectrometry	data-dependent acquisition	AC=MS:1002038;NT=label free sample	Orbitrap Exploris 240	AC=MS:1001251;NT=Trypsin	B_F23.raw	ftp://massive-ftp.ucsd.edu/v06/MSV000093644/library/Human_Immune_Cell_DDA/B%20cell/B_F23.raw	MASSIVE	B cell
PXD047742-Sample-61	Homo sapiens	blood	B cell	B cell	normal	normal	DDA library	not available	not available	not available	adult	not available	61	B cell-DDAlibrary-61	2	24	proteomic profiling by mass spectrometry	data-dependent acquisition	AC=MS:1002038;NT=label free sample	Orbitrap Exploris 240	AC=MS:1001251;NT=Trypsin	B_F24.raw	ftp://massive-ftp.ucsd.edu/v06/MSV000093644/library/Human_Immune_Cell_DDA/B%20cell/B_F24.raw	MASSIVE	B cell
PXD047742-Sample-62	Homo sapiens	blood	CD4 T cell	CD4 T cell	normal	normal	normal	not available	not available	not available	adult	not available	62	CD4 T cell-DDAlibrary-62	1	1	proteomic profiling by mass spectrometry	data-dependent acquisition	AC=MS:1002038;NT=label free sample	Orbitrap Exploris 240	AC=MS:1001251;NT=Trypsin	CD4_F1.raw	ftp://massive-ftp.ucsd.edu/v06/MSV000093644/raw/CD4_F1.raw	MASSIVE	CD4 T cell
PXD047742-Sample-62	Homo sapiens	blood	CD4 T cell	CD4 T cell	normal	normal	normal	not available	not available	not available	adult	not available	62	CD4 T cell-DDAlibrary-62	1	2	proteomic profiling by mass spectrometry	data-dependent acquisition	AC=MS:1002038;NT=label free sample	Orbitrap Exploris 240	AC=MS:1001251;NT=Trypsin	CD4_F2.raw	ftp://massive-ftp.ucsd.edu/v06/MSV000093644/raw/CD4_F2.raw	MASSIVE	CD4 T cell
PXD047742-Sample-62	Homo sapiens	blood	CD4 T cell	CD4 T cell	normal	normal	normal	not available	not available	not available	adult	not available	62	CD4 T cell-DDAlibrary-62	1	3	proteomic profiling by mass spectrometry	data-dependent acquisition	AC=MS:1002038;NT=label free sample	Orbitrap Exploris 240	AC=MS:1001251;NT=Trypsin	CD4_F3.raw	ftp://massive-ftp.ucsd.edu/v06/MSV000093644/raw/CD4_F3.raw	MASSIVE	CD4 T cell
PXD047742-Sample-62	Homo sapiens	blood	CD4 T cell	CD4 T cell	normal	normal	normal	not available	not available	not available	adult	not available	62	CD4 T cell-DDAlibrary-62	1	4	proteomic profiling by mass spectrometry	data-dependent acquisition	AC=MS:1002038;NT=label free sample	Orbitrap Exploris 240	AC=MS:1001251;NT=Trypsin	CD4_F4.raw	ftp://massive-ftp.ucsd.edu/v06/MSV000093644/raw/CD4_F4.raw	MASSIVE	CD4 T cell
PXD047742-Sample-62	Homo sapiens	blood	CD4 T cell	CD4 T cell	normal	normal	normal	not available	not available	not available	adult	not available	62	CD4 T cell-DDAlibrary-62	1	5	proteomic profiling by mass spectrometry	data-dependent acquisition	AC=MS:1002038;NT=label free sample	Orbitrap Exploris 240	AC=MS:1001251;NT=Trypsin	CD4_F5.raw	ftp://massive-ftp.ucsd.edu/v06/MSV000093644/raw/CD4_F5.raw	MASSIVE	CD4 T cell
PXD047742-Sample-62	Homo sapiens	blood	CD4 T cell	CD4 T cell	normal	normal	normal	not available	not available	not available	adult	not available	62	CD4 T cell-DDAlibrary-62	1	6	proteomic profiling by mass spectrometry	data-dependent acquisition	AC=MS:1002038;NT=label free sample	Orbitrap Exploris 240	AC=MS:1001251;NT=Trypsin	CD4_F6.raw	ftp://massive-ftp.ucsd.edu/v06/MSV000093644/raw/CD4_F6.raw	MASSIVE	CD4 T cell
PXD047742-Sample-62	Homo sapiens	blood	CD4 T cell	CD4 T cell	normal	normal	normal	not available	not available	not available	adult	not available	62	CD4 T cell-DDAlibrary-62	1	7	proteomic profiling by mass spectrometry	data-dependent acquisition	AC=MS:1002038;NT=label free sample	Orbitrap Exploris 240	AC=MS:1001251;NT=Trypsin	CD4_F7.raw	ftp://massive-ftp.ucsd.edu/v06/MSV000093644/raw/CD4_F7.raw	MASSIVE	CD4 T cell
PXD047742-Sample-62	Homo sapiens	blood	CD4 T cell	CD4 T cell	normal	normal	normal	not available	not available	not available	adult	not available	62	CD4 T cell-DDAlibrary-62	1	8	proteomic profiling by mass spectrometry	data-dependent acquisition	AC=MS:1002038;NT=label free sample	Orbitrap Exploris 240	AC=MS:1001251;NT=Trypsin	CD4_F8.raw	ftp://massive-ftp.ucsd.edu/v06/MSV000093644/raw/CD4_F8.raw	MASSIVE	CD4 T cell
PXD047742-Sample-62	Homo sapiens	blood	CD4 T cell	CD4 T cell	normal	normal	normal	not available	not available	not available	adult	not available	62	CD4 T cell-DDAlibrary-62	1	9	proteomic profiling by mass spectrometry	data-dependent acquisition	AC=MS:1002038;NT=label free sample	Orbitrap Exploris 240	AC=MS:1001251;NT=Trypsin	CD4_F9.raw	ftp://massive-ftp.ucsd.edu/v06/MSV000093644/raw/CD4_F9.raw	MASSIVE	CD4 T cell
PXD047742-Sample-62	Homo sapiens	blood	CD4 T cell	CD4 T cell	normal	normal	normal	not available	not available	not available	adult	not available	62	CD4 T cell-DDAlibrary-62	1	10	proteomic profiling by mass spectrometry	data-dependent acquisition	AC=MS:1002038;NT=label free sample	Orbitrap Exploris 240	AC=MS:1001251;NT=Trypsin	CD4_F10.raw	ftp://massive-ftp.ucsd.edu/v06/MSV000093644/raw/CD4_F10.raw	MASSIVE	CD4 T cell
PXD047742-Sample-62	Homo sapiens	blood	CD4 T cell	CD4 T cell	normal	normal	normal	not available	not available	not available	adult	not available	62	CD4 T cell-DDAlibrary-62	1	11	proteomic profiling by mass spectrometry	data-dependent acquisition	AC=MS:1002038;NT=label free sample	Orbitrap Exploris 240	AC=MS:1001251;NT=Trypsin	CD4_F11.raw	ftp://massive-ftp.ucsd.edu/v06/MSV000093644/raw/CD4_F11.raw	MASSIVE	CD4 T cell
PXD047742-Sample-62	Homo sapiens	blood	CD4 T cell	CD4 T cell	normal	normal	normal	not available	not available	not available	adult	not available	62	CD4 T cell-DDAlibrary-62	1	12	proteomic profiling by mass spectrometry	data-dependent acquisition	AC=MS:1002038;NT=label free sample	Orbitrap Exploris 240	AC=MS:1001251;NT=Trypsin	CD4_F12.raw	ftp://massive-ftp.ucsd.edu/v06/MSV000093644/raw/CD4_F12.raw	MASSIVE	CD4 T cell
PXD047742-Sample-62	Homo sapiens	blood	CD4 T cell	CD4 T cell	normal	normal	normal	not available	not available	not available	adult	not available	62	CD4 T cell-DDAlibrary-62	1	13	proteomic profiling by mass spectrometry	data-dependent acquisition	AC=MS:1002038;NT=label free sample	Orbitrap Exploris 240	AC=MS:1001251;NT=Trypsin	CD4_F13.raw	ftp://massive-ftp.ucsd.edu/v06/MSV000093644/raw/CD4_F13.raw	MASSIVE	CD4 T cell
PXD047742-Sample-62	Homo sapiens	blood	CD4 T cell	CD4 T cell	normal	normal	normal	not available	not available	not available	adult	not available	62	CD4 T cell-DDAlibrary-62	1	14	proteomic profiling by mass spectrometry	data-dependent acquisition	AC=MS:1002038;NT=label free sample	Orbitrap Exploris 240	AC=MS:1001251;NT=Trypsin	CD4_F14.raw	ftp://massive-ftp.ucsd.edu/v06/MSV000093644/raw/CD4_F14.raw	MASSIVE	CD4 T cell
PXD047742-Sample-62	Homo sapiens	blood	CD4 T cell	CD4 T cell	normal	normal	normal	not available	not available	not available	adult	not available	62	CD4 T cell-DDAlibrary-62	1	15	proteomic profiling by mass spectrometry	data-dependent acquisition	AC=MS:1002038;NT=label free sample	Orbitrap Exploris 240	AC=MS:1001251;NT=Trypsin	CD4_F15.raw	ftp://massive-ftp.ucsd.edu/v06/MSV000093644/raw/CD4_F15.raw	MASSIVE	CD4 T cell
PXD047742-Sample-62	Homo sapiens	blood	CD4 T cell	CD4 T cell	normal	normal	normal	not available	not available	not available	adult	not available	62	CD4 T cell-DDAlibrary-62	1	16	proteomic profiling by mass spectrometry	data-dependent acquisition	AC=MS:1002038;NT=label free sample	Orbitrap Exploris 240	AC=MS:1001251;NT=Trypsin	CD4_F16.raw	ftp://massive-ftp.ucsd.edu/v06/MSV000093644/raw/CD4_F16.raw	MASSIVE	CD4 T cell
PXD047742-Sample-62	Homo sapiens	blood	CD4 T cell	CD4 T cell	normal	normal	normal	not available	not available	not available	adult	not available	62	CD4 T cell-DDAlibrary-62	1	17	proteomic profiling by mass spectrometry	data-dependent acquisition	AC=MS:1002038;NT=label free sample	Orbitrap Exploris 240	AC=MS:1001251;NT=Trypsin	CD4_F17.raw	ftp://massive-ftp.ucsd.edu/v06/MSV000093644/raw/CD4_F17.raw	MASSIVE	CD4 T cell
PXD047742-Sample-62	Homo sapiens	blood	CD4 T cell	CD4 T cell	normal	normal	normal	not available	not available	not available	adult	not available	62	CD4 T cell-DDAlibrary-62	1	18	proteomic profiling by mass spectrometry	data-dependent acquisition	AC=MS:1002038;NT=label free sample	Orbitrap Exploris 240	AC=MS:1001251;NT=Trypsin	CD4_F18.raw	ftp://massive-ftp.ucsd.edu/v06/MSV000093644/raw/CD4_F18.raw	MASSIVE	CD4 T cell
PXD047742-Sample-62	Homo sapiens	blood	CD4 T cell	CD4 T cell	normal	normal	normal	not available	not available	not available	adult	not available	62	CD4 T cell-DDAlibrary-62	1	19	proteomic profiling by mass spectrometry	data-dependent acquisition	AC=MS:1002038;NT=label free sample	Orbitrap Exploris 240	AC=MS:1001251;NT=Trypsin	CD4_F19.raw	ftp://massive-ftp.ucsd.edu/v06/MSV000093644/raw/CD4_F19.raw	MASSIVE	CD4 T cell
PXD047742-Sample-62	Homo sapiens	blood	CD4 T cell	CD4 T cell	normal	normal	normal	not available	not available	not available	adult	not available	62	CD4 T cell-DDAlibrary-62	1	20	proteomic profiling by mass spectrometry	data-dependent acquisition	AC=MS:1002038;NT=label free sample	Orbitrap Exploris 240	AC=MS:1001251;NT=Trypsin	CD4_F20.raw	ftp://massive-ftp.ucsd.edu/v06/MSV000093644/raw/CD4_F20.raw	MASSIVE	CD4 T cell
PXD047742-Sample-62	Homo sapiens	blood	CD4 T cell	CD4 T cell	normal	normal	normal	not available	not available	not available	adult	not available	62	CD4 T cell-DDAlibrary-62	1	21	proteomic profiling by mass spectrometry	data-dependent acquisition	AC=MS:1002038;NT=label free sample	Orbitrap Exploris 240	AC=MS:1001251;NT=Trypsin	CD4_F21.raw	ftp://massive-ftp.ucsd.edu/v06/MSV000093644/raw/CD4_F21.raw	MASSIVE	CD4 T cell
PXD047742-Sample-62	Homo sapiens	blood	CD4 T cell	CD4 T cell	normal	normal	normal	not available	not available	not available	adult	not available	62	CD4 T cell-DDAlibrary-62	1	22	proteomic profiling by mass spectrometry	data-dependent acquisition	AC=MS:1002038;NT=label free sample	Orbitrap Exploris 240	AC=MS:1001251;NT=Trypsin	CD4_F22.raw	ftp://massive-ftp.ucsd.edu/v06/MSV000093644/raw/CD4_F22.raw	MASSIVE	CD4 T cell
PXD047742-Sample-62	Homo sapiens	blood	CD4 T cell	CD4 T cell	normal	normal	normal	not available	not available	not available	adult	not available	62	CD4 T cell-DDAlibrary-62	1	23	proteomic profiling by mass spectrometry	data-dependent acquisition	AC=MS:1002038;NT=label free sample	Orbitrap Exploris 240	AC=MS:1001251;NT=Trypsin	CD4_F23.raw	ftp://massive-ftp.ucsd.edu/v06/MSV000093644/raw/CD4_F23.raw	MASSIVE	CD4 T cell
PXD047742-Sample-62	Homo sapiens	blood	CD4 T cell	CD4 T cell	normal	normal	normal	not available	not available	not available	adult	not available	62	CD4 T cell-DDAlibrary-62	1	24	proteomic profiling by mass spectrometry	data-dependent acquisition	AC=MS:1002038;NT=label free sample	Orbitrap Exploris 240	AC=MS:1001251;NT=Trypsin	CD4_F24.raw	ftp://massive-ftp.ucsd.edu/v06/MSV000093644/raw/CD4_F24.raw	MASSIVE	CD4 T cell
PXD047742-Sample-62	Homo sapiens	blood	CD4 T cell	CD4 T cell	normal	normal	DDA library	not available	not available	not available	adult	not available	62	CD4 T cell-DDAlibrary-62	2	1	proteomic profiling by mass spectrometry	data-dependent acquisition	AC=MS:1002038;NT=label free sample	Orbitrap Exploris 240	AC=MS:1001251;NT=Trypsin	CD4_F1.raw	ftp://massive-ftp.ucsd.edu/v06/MSV000093644/library/Human_Immune_Cell_DDA/CD4%20T%20cell/CD4_F1.raw	MASSIVE	CD4 T cell
PXD047742-Sample-62	Homo sapiens	blood	CD4 T cell	CD4 T cell	normal	normal	DDA library	not available	not available	not available	adult	not available	62	CD4 T cell-DDAlibrary-62	2	2	proteomic profiling by mass spectrometry	data-dependent acquisition	AC=MS:1002038;NT=label free sample	Orbitrap Exploris 240	AC=MS:1001251;NT=Trypsin	CD4_F2.raw	ftp://massive-ftp.ucsd.edu/v06/MSV000093644/library/Human_Immune_Cell_DDA/CD4%20T%20cell/CD4_F2.raw	MASSIVE	CD4 T cell
PXD047742-Sample-62	Homo sapiens	blood	CD4 T cell	CD4 T cell	normal	normal	DDA library	not available	not available	not available	adult	not available	62	CD4 T cell-DDAlibrary-62	2	3	proteomic profiling by mass spectrometry	data-dependent acquisition	AC=MS:1002038;NT=label free sample	Orbitrap Exploris 240	AC=MS:1001251;NT=Trypsin	CD4_F3.raw	ftp://massive-ftp.ucsd.edu/v06/MSV000093644/library/Human_Immune_Cell_DDA/CD4%20T%20cell/CD4_F3.raw	MASSIVE	CD4 T cell
PXD047742-Sample-62	Homo sapiens	blood	CD4 T cell	CD4 T cell	normal	normal	DDA library	not available	not available	not available	adult	not available	62	CD4 T cell-DDAlibrary-62	2	4	proteomic profiling by mass spectrometry	data-dependent acquisition	AC=MS:1002038;NT=label free sample	Orbitrap Exploris 240	AC=MS:1001251;NT=Trypsin	CD4_F4.raw	ftp://massive-ftp.ucsd.edu/v06/MSV000093644/library/Human_Immune_Cell_DDA/CD4%20T%20cell/CD4_F4.raw	MASSIVE	CD4 T cell
PXD047742-Sample-62	Homo sapiens	blood	CD4 T cell	CD4 T cell	normal	normal	DDA library	not available	not available	not available	adult	not available	62	CD4 T cell-DDAlibrary-62	2	5	proteomic profiling by mass spectrometry	data-dependent acquisition	AC=MS:1002038;NT=label free sample	Orbitrap Exploris 240	AC=MS:1001251;NT=Trypsin	CD4_F5.raw	ftp://massive-ftp.ucsd.edu/v06/MSV000093644/library/Human_Immune_Cell_DDA/CD4%20T%20cell/CD4_F5.raw	MASSIVE	CD4 T cell
PXD047742-Sample-62	Homo sapiens	blood	CD4 T cell	CD4 T cell	normal	normal	DDA library	not available	not available	not available	adult	not available	62	CD4 T cell-DDAlibrary-62	2	6	proteomic profiling by mass spectrometry	data-dependent acquisition	AC=MS:1002038;NT=label free sample	Orbitrap Exploris 240	AC=MS:1001251;NT=Trypsin	CD4_F6.raw	ftp://massive-ftp.ucsd.edu/v06/MSV000093644/library/Human_Immune_Cell_DDA/CD4%20T%20cell/CD4_F6.raw	MASSIVE	CD4 T cell
PXD047742-Sample-62	Homo sapiens	blood	CD4 T cell	CD4 T cell	normal	normal	DDA library	not available	not available	not available	adult	not available	62	CD4 T cell-DDAlibrary-62	2	7	proteomic profiling by mass spectrometry	data-dependent acquisition	AC=MS:1002038;NT=label free sample	Orbitrap Exploris 240	AC=MS:1001251;NT=Trypsin	CD4_F7.raw	ftp://massive-ftp.ucsd.edu/v06/MSV000093644/library/Human_Immune_Cell_DDA/CD4%20T%20cell/CD4_F7.raw	MASSIVE	CD4 T cell
PXD047742-Sample-62	Homo sapiens	blood	CD4 T cell	CD4 T cell	normal	normal	DDA library	not available	not available	not available	adult	not available	62	CD4 T cell-DDAlibrary-62	2	8	proteomic profiling by mass spectrometry	data-dependent acquisition	AC=MS:1002038;NT=label free sample	Orbitrap Exploris 240	AC=MS:1001251;NT=Trypsin	CD4_F8.raw	ftp://massive-ftp.ucsd.edu/v06/MSV000093644/library/Human_Immune_Cell_DDA/CD4%20T%20cell/CD4_F8.raw	MASSIVE	CD4 T cell
PXD047742-Sample-62	Homo sapiens	blood	CD4 T cell	CD4 T cell	normal	normal	DDA library	not available	not available	not available	adult	not available	62	CD4 T cell-DDAlibrary-62	2	9	proteomic profiling by mass spectrometry	data-dependent acquisition	AC=MS:1002038;NT=label free sample	Orbitrap Exploris 240	AC=MS:1001251;NT=Trypsin	CD4_F9.raw	ftp://massive-ftp.ucsd.edu/v06/MSV000093644/library/Human_Immune_Cell_DDA/CD4%20T%20cell/CD4_F9.raw	MASSIVE	CD4 T cell
PXD047742-Sample-62	Homo sapiens	blood	CD4 T cell	CD4 T cell	normal	normal	DDA library	not available	not available	not available	adult	not available	62	CD4 T cell-DDAlibrary-62	2	10	proteomic profiling by mass spectrometry	data-dependent acquisition	AC=MS:1002038;NT=label free sample	Orbitrap Exploris 240	AC=MS:1001251;NT=Trypsin	CD4_F10.raw	ftp://massive-ftp.ucsd.edu/v06/MSV000093644/library/Human_Immune_Cell_DDA/CD4%20T%20cell/CD4_F10.raw	MASSIVE	CD4 T cell
PXD047742-Sample-62	Homo sapiens	blood	CD4 T cell	CD4 T cell	normal	normal	DDA library	not available	not available	not available	adult	not available	62	CD4 T cell-DDAlibrary-62	2	11	proteomic profiling by mass spectrometry	data-dependent acquisition	AC=MS:1002038;NT=label free sample	Orbitrap Exploris 240	AC=MS:1001251;NT=Trypsin	CD4_F11.raw	ftp://massive-ftp.ucsd.edu/v06/MSV000093644/library/Human_Immune_Cell_DDA/CD4%20T%20cell/CD4_F11.raw	MASSIVE	CD4 T cell
PXD047742-Sample-62	Homo sapiens	blood	CD4 T cell	CD4 T cell	normal	normal	DDA library	not available	not available	not available	adult	not available	62	CD4 T cell-DDAlibrary-62	2	12	proteomic profiling by mass spectrometry	data-dependent acquisition	AC=MS:1002038;NT=label free sample	Orbitrap Exploris 240	AC=MS:1001251;NT=Trypsin	CD4_F12.raw	ftp://massive-ftp.ucsd.edu/v06/MSV000093644/library/Human_Immune_Cell_DDA/CD4%20T%20cell/CD4_F12.raw	MASSIVE	CD4 T cell
PXD047742-Sample-62	Homo sapiens	blood	CD4 T cell	CD4 T cell	normal	normal	DDA library	not available	not available	not available	adult	not available	62	CD4 T cell-DDAlibrary-62	2	13	proteomic profiling by mass spectrometry	data-dependent acquisition	AC=MS:1002038;NT=label free sample	Orbitrap Exploris 240	AC=MS:1001251;NT=Trypsin	CD4_F13.raw	ftp://massive-ftp.ucsd.edu/v06/MSV000093644/library/Human_Immune_Cell_DDA/CD4%20T%20cell/CD4_F13.raw	MASSIVE	CD4 T cell
PXD047742-Sample-62	Homo sapiens	blood	CD4 T cell	CD4 T cell	normal	normal	DDA library	not available	not available	not available	adult	not available	62	CD4 T cell-DDAlibrary-62	2	14	proteomic profiling by mass spectrometry	data-dependent acquisition	AC=MS:1002038;NT=label free sample	Orbitrap Exploris 240	AC=MS:1001251;NT=Trypsin	CD4_F14.raw	ftp://massive-ftp.ucsd.edu/v06/MSV000093644/library/Human_Immune_Cell_DDA/CD4%20T%20cell/CD4_F14.raw	MASSIVE	CD4 T cell
PXD047742-Sample-62	Homo sapiens	blood	CD4 T cell	CD4 T cell	normal	normal	DDA library	not available	not available	not available	adult	not available	62	CD4 T cell-DDAlibrary-62	2	15	proteomic profiling by mass spectrometry	data-dependent acquisition	AC=MS:1002038;NT=label free sample	Orbitrap Exploris 240	AC=MS:1001251;NT=Trypsin	CD4_F15.raw	ftp://massive-ftp.ucsd.edu/v06/MSV000093644/library/Human_Immune_Cell_DDA/CD4%20T%20cell/CD4_F15.raw	MASSIVE	CD4 T cell
PXD047742-Sample-62	Homo sapiens	blood	CD4 T cell	CD4 T cell	normal	normal	DDA library	not available	not available	not available	adult	not available	62	CD4 T cell-DDAlibrary-62	2	16	proteomic profiling by mass spectrometry	data-dependent acquisition	AC=MS:1002038;NT=label free sample	Orbitrap Exploris 240	AC=MS:1001251;NT=Trypsin	CD4_F16.raw	ftp://massive-ftp.ucsd.edu/v06/MSV000093644/library/Human_Immune_Cell_DDA/CD4%20T%20cell/CD4_F16.raw	MASSIVE	CD4 T cell
PXD047742-Sample-62	Homo sapiens	blood	CD4 T cell	CD4 T cell	normal	normal	DDA library	not available	not available	not available	adult	not available	62	CD4 T cell-DDAlibrary-62	2	17	proteomic profiling by mass spectrometry	data-dependent acquisition	AC=MS:1002038;NT=label free sample	Orbitrap Exploris 240	AC=MS:1001251;NT=Trypsin	CD4_F17.raw	ftp://massive-ftp.ucsd.edu/v06/MSV000093644/library/Human_Immune_Cell_DDA/CD4%20T%20cell/CD4_F17.raw	MASSIVE	CD4 T cell
PXD047742-Sample-62	Homo sapiens	blood	CD4 T cell	CD4 T cell	normal	normal	DDA library	not available	not available	not available	adult	not available	62	CD4 T cell-DDAlibrary-62	2	18	proteomic profiling by mass spectrometry	data-dependent acquisition	AC=MS:1002038;NT=label free sample	Orbitrap Exploris 240	AC=MS:1001251;NT=Trypsin	CD4_F18.raw	ftp://massive-ftp.ucsd.edu/v06/MSV000093644/library/Human_Immune_Cell_DDA/CD4%20T%20cell/CD4_F18.raw	MASSIVE	CD4 T cell
PXD047742-Sample-62	Homo sapiens	blood	CD4 T cell	CD4 T cell	normal	normal	DDA library	not available	not available	not available	adult	not available	62	CD4 T cell-DDAlibrary-62	2	19	proteomic profiling by mass spectrometry	data-dependent acquisition	AC=MS:1002038;NT=label free sample	Orbitrap Exploris 240	AC=MS:1001251;NT=Trypsin	CD4_F19.raw	ftp://massive-ftp.ucsd.edu/v06/MSV000093644/library/Human_Immune_Cell_DDA/CD4%20T%20cell/CD4_F19.raw	MASSIVE	CD4 T cell
PXD047742-Sample-62	Homo sapiens	blood	CD4 T cell	CD4 T cell	normal	normal	DDA library	not available	not available	not available	adult	not available	62	CD4 T cell-DDAlibrary-62	2	20	proteomic profiling by mass spectrometry	data-dependent acquisition	AC=MS:1002038;NT=label free sample	Orbitrap Exploris 240	AC=MS:1001251;NT=Trypsin	CD4_F20.raw	ftp://massive-ftp.ucsd.edu/v06/MSV000093644/library/Human_Immune_Cell_DDA/CD4%20T%20cell/CD4_F20.raw	MASSIVE	CD4 T cell
PXD047742-Sample-62	Homo sapiens	blood	CD4 T cell	CD4 T cell	normal	normal	DDA library	not available	not available	not available	adult	not available	62	CD4 T cell-DDAlibrary-62	2	21	proteomic profiling by mass spectrometry	data-dependent acquisition	AC=MS:1002038;NT=label free sample	Orbitrap Exploris 240	AC=MS:1001251;NT=Trypsin	CD4_F21.raw	ftp://massive-ftp.ucsd.edu/v06/MSV000093644/library/Human_Immune_Cell_DDA/CD4%20T%20cell/CD4_F21.raw	MASSIVE	CD4 T cell
PXD047742-Sample-62	Homo sapiens	blood	CD4 T cell	CD4 T cell	normal	normal	DDA library	not available	not available	not available	adult	not available	62	CD4 T cell-DDAlibrary-62	2	22	proteomic profiling by mass spectrometry	data-dependent acquisition	AC=MS:1002038;NT=label free sample	Orbitrap Exploris 240	AC=MS:1001251;NT=Trypsin	CD4_F22.raw	ftp://massive-ftp.ucsd.edu/v06/MSV000093644/library/Human_Immune_Cell_DDA/CD4%20T%20cell/CD4_F22.raw	MASSIVE	CD4 T cell
PXD047742-Sample-62	Homo sapiens	blood	CD4 T cell	CD4 T cell	normal	normal	DDA library	not available	not available	not available	adult	not available	62	CD4 T cell-DDAlibrary-62	2	23	proteomic profiling by mass spectrometry	data-dependent acquisition	AC=MS:1002038;NT=label free sample	Orbitrap Exploris 240	AC=MS:1001251;NT=Trypsin	CD4_F23.raw	ftp://massive-ftp.ucsd.edu/v06/MSV000093644/library/Human_Immune_Cell_DDA/CD4%20T%20cell/CD4_F23.raw	MASSIVE	CD4 T cell
PXD047742-Sample-62	Homo sapiens	blood	CD4 T cell	CD4 T cell	normal	normal	DDA library	not available	not available	not available	adult	not available	62	CD4 T cell-DDAlibrary-62	2	24	proteomic profiling by mass spectrometry	data-dependent acquisition	AC=MS:1002038;NT=label free sample	Orbitrap Exploris 240	AC=MS:1001251;NT=Trypsin	CD4_F24.raw	ftp://massive-ftp.ucsd.edu/v06/MSV000093644/library/Human_Immune_Cell_DDA/CD4%20T%20cell/CD4_F24.raw	MASSIVE	CD4 T cell
PXD047742-Sample-63	Homo sapiens	blood	CD8 T cell	CD8 T cell	normal	normal	normal	not available	not available	not available	adult	not available	63	CD8 T cell-DDAlibrary-63	1	1	proteomic profiling by mass spectrometry	data-dependent acquisition	AC=MS:1002038;NT=label free sample	Orbitrap Exploris 240	AC=MS:1001251;NT=Trypsin	CD8_F1.raw	ftp://massive-ftp.ucsd.edu/v06/MSV000093644/raw/CD8_F1.raw	MASSIVE	CD8 T cell
PXD047742-Sample-63	Homo sapiens	blood	CD8 T cell	CD8 T cell	normal	normal	normal	not available	not available	not available	adult	not available	63	CD8 T cell-DDAlibrary-63	1	2	proteomic profiling by mass spectrometry	data-dependent acquisition	AC=MS:1002038;NT=label free sample	Orbitrap Exploris 240	AC=MS:1001251;NT=Trypsin	CD8_F2.raw	ftp://massive-ftp.ucsd.edu/v06/MSV000093644/raw/CD8_F2.raw	MASSIVE	CD8 T cell
PXD047742-Sample-63	Homo sapiens	blood	CD8 T cell	CD8 T cell	normal	normal	normal	not available	not available	not available	adult	not available	63	CD8 T cell-DDAlibrary-63	1	3	proteomic profiling by mass spectrometry	data-dependent acquisition	AC=MS:1002038;NT=label free sample	Orbitrap Exploris 240	AC=MS:1001251;NT=Trypsin	CD8_F3.raw	ftp://massive-ftp.ucsd.edu/v06/MSV000093644/raw/CD8_F3.raw	MASSIVE	CD8 T cell
PXD047742-Sample-63	Homo sapiens	blood	CD8 T cell	CD8 T cell	normal	normal	normal	not available	not available	not available	adult	not available	63	CD8 T cell-DDAlibrary-63	1	4	proteomic profiling by mass spectrometry	data-dependent acquisition	AC=MS:1002038;NT=label free sample	Orbitrap Exploris 240	AC=MS:1001251;NT=Trypsin	CD8_F4.raw	ftp://massive-ftp.ucsd.edu/v06/MSV000093644/raw/CD8_F4.raw	MASSIVE	CD8 T cell
PXD047742-Sample-63	Homo sapiens	blood	CD8 T cell	CD8 T cell	normal	normal	normal	not available	not available	not available	adult	not available	63	CD8 T cell-DDAlibrary-63	1	5	proteomic profiling by mass spectrometry	data-dependent acquisition	AC=MS:1002038;NT=label free sample	Orbitrap Exploris 240	AC=MS:1001251;NT=Trypsin	CD8_F5.raw	ftp://massive-ftp.ucsd.edu/v06/MSV000093644/raw/CD8_F5.raw	MASSIVE	CD8 T cell
PXD047742-Sample-63	Homo sapiens	blood	CD8 T cell	CD8 T cell	normal	normal	normal	not available	not available	not available	adult	not available	63	CD8 T cell-DDAlibrary-63	1	6	proteomic profiling by mass spectrometry	data-dependent acquisition	AC=MS:1002038;NT=label free sample	Orbitrap Exploris 240	AC=MS:1001251;NT=Trypsin	CD8_F6.raw	ftp://massive-ftp.ucsd.edu/v06/MSV000093644/raw/CD8_F6.raw	MASSIVE	CD8 T cell
PXD047742-Sample-63	Homo sapiens	blood	CD8 T cell	CD8 T cell	normal	normal	normal	not available	not available	not available	adult	not available	63	CD8 T cell-DDAlibrary-63	1	7	proteomic profiling by mass spectrometry	data-dependent acquisition	AC=MS:1002038;NT=label free sample	Orbitrap Exploris 240	AC=MS:1001251;NT=Trypsin	CD8_F7.raw	ftp://massive-ftp.ucsd.edu/v06/MSV000093644/raw/CD8_F7.raw	MASSIVE	CD8 T cell
PXD047742-Sample-63	Homo sapiens	blood	CD8 T cell	CD8 T cell	normal	normal	normal	not available	not available	not available	adult	not available	63	CD8 T cell-DDAlibrary-63	1	8	proteomic profiling by mass spectrometry	data-dependent acquisition	AC=MS:1002038;NT=label free sample	Orbitrap Exploris 240	AC=MS:1001251;NT=Trypsin	CD8_F8.raw	ftp://massive-ftp.ucsd.edu/v06/MSV000093644/raw/CD8_F8.raw	MASSIVE	CD8 T cell
PXD047742-Sample-63	Homo sapiens	blood	CD8 T cell	CD8 T cell	normal	normal	normal	not available	not available	not available	adult	not available	63	CD8 T cell-DDAlibrary-63	1	9	proteomic profiling by mass spectrometry	data-dependent acquisition	AC=MS:1002038;NT=label free sample	Orbitrap Exploris 240	AC=MS:1001251;NT=Trypsin	CD8_F9.raw	ftp://massive-ftp.ucsd.edu/v06/MSV000093644/raw/CD8_F9.raw	MASSIVE	CD8 T cell
PXD047742-Sample-63	Homo sapiens	blood	CD8 T cell	CD8 T cell	normal	normal	normal	not available	not available	not available	adult	not available	63	CD8 T cell-DDAlibrary-63	1	10	proteomic profiling by mass spectrometry	data-dependent acquisition	AC=MS:1002038;NT=label free sample	Orbitrap Exploris 240	AC=MS:1001251;NT=Trypsin	CD8_F10.raw	ftp://massive-ftp.ucsd.edu/v06/MSV000093644/raw/CD8_F10.raw	MASSIVE	CD8 T cell
PXD047742-Sample-63	Homo sapiens	blood	CD8 T cell	CD8 T cell	normal	normal	normal	not available	not available	not available	adult	not available	63	CD8 T cell-DDAlibrary-63	1	11	proteomic profiling by mass spectrometry	data-dependent acquisition	AC=MS:1002038;NT=label free sample	Orbitrap Exploris 240	AC=MS:1001251;NT=Trypsin	CD8_F11.raw	ftp://massive-ftp.ucsd.edu/v06/MSV000093644/raw/CD8_F11.raw	MASSIVE	CD8 T cell
PXD047742-Sample-63	Homo sapiens	blood	CD8 T cell	CD8 T cell	normal	normal	normal	not available	not available	not available	adult	not available	63	CD8 T cell-DDAlibrary-63	1	12	proteomic profiling by mass spectrometry	data-dependent acquisition	AC=MS:1002038;NT=label free sample	Orbitrap Exploris 240	AC=MS:1001251;NT=Trypsin	CD8_F12.raw	ftp://massive-ftp.ucsd.edu/v06/MSV000093644/raw/CD8_F12.raw	MASSIVE	CD8 T cell
PXD047742-Sample-63	Homo sapiens	blood	CD8 T cell	CD8 T cell	normal	normal	normal	not available	not available	not available	adult	not available	63	CD8 T cell-DDAlibrary-63	1	13	proteomic profiling by mass spectrometry	data-dependent acquisition	AC=MS:1002038;NT=label free sample	Orbitrap Exploris 240	AC=MS:1001251;NT=Trypsin	CD8_F13.raw	ftp://massive-ftp.ucsd.edu/v06/MSV000093644/raw/CD8_F13.raw	MASSIVE	CD8 T cell
PXD047742-Sample-63	Homo sapiens	blood	CD8 T cell	CD8 T cell	normal	normal	normal	not available	not available	not available	adult	not available	63	CD8 T cell-DDAlibrary-63	1	14	proteomic profiling by mass spectrometry	data-dependent acquisition	AC=MS:1002038;NT=label free sample	Orbitrap Exploris 240	AC=MS:1001251;NT=Trypsin	CD8_F14.raw	ftp://massive-ftp.ucsd.edu/v06/MSV000093644/raw/CD8_F14.raw	MASSIVE	CD8 T cell
PXD047742-Sample-63	Homo sapiens	blood	CD8 T cell	CD8 T cell	normal	normal	normal	not available	not available	not available	adult	not available	63	CD8 T cell-DDAlibrary-63	1	15	proteomic profiling by mass spectrometry	data-dependent acquisition	AC=MS:1002038;NT=label free sample	Orbitrap Exploris 240	AC=MS:1001251;NT=Trypsin	CD8_F15.raw	ftp://massive-ftp.ucsd.edu/v06/MSV000093644/raw/CD8_F15.raw	MASSIVE	CD8 T cell
PXD047742-Sample-63	Homo sapiens	blood	CD8 T cell	CD8 T cell	normal	normal	normal	not available	not available	not available	adult	not available	63	CD8 T cell-DDAlibrary-63	1	16	proteomic profiling by mass spectrometry	data-dependent acquisition	AC=MS:1002038;NT=label free sample	Orbitrap Exploris 240	AC=MS:1001251;NT=Trypsin	CD8_F16.raw	ftp://massive-ftp.ucsd.edu/v06/MSV000093644/raw/CD8_F16.raw	MASSIVE	CD8 T cell
PXD047742-Sample-63	Homo sapiens	blood	CD8 T cell	CD8 T cell	normal	normal	normal	not available	not available	not available	adult	not available	63	CD8 T cell-DDAlibrary-63	1	17	proteomic profiling by mass spectrometry	data-dependent acquisition	AC=MS:1002038;NT=label free sample	Orbitrap Exploris 240	AC=MS:1001251;NT=Trypsin	CD8_F17.raw	ftp://massive-ftp.ucsd.edu/v06/MSV000093644/raw/CD8_F17.raw	MASSIVE	CD8 T cell
PXD047742-Sample-63	Homo sapiens	blood	CD8 T cell	CD8 T cell	normal	normal	normal	not available	not available	not available	adult	not available	63	CD8 T cell-DDAlibrary-63	1	18	proteomic profiling by mass spectrometry	data-dependent acquisition	AC=MS:1002038;NT=label free sample	Orbitrap Exploris 240	AC=MS:1001251;NT=Trypsin	CD8_F18.raw	ftp://massive-ftp.ucsd.edu/v06/MSV000093644/raw/CD8_F18.raw	MASSIVE	CD8 T cell
PXD047742-Sample-63	Homo sapiens	blood	CD8 T cell	CD8 T cell	normal	normal	normal	not available	not available	not available	adult	not available	63	CD8 T cell-DDAlibrary-63	1	19	proteomic profiling by mass spectrometry	data-dependent acquisition	AC=MS:1002038;NT=label free sample	Orbitrap Exploris 240	AC=MS:1001251;NT=Trypsin	CD8_F19.raw	ftp://massive-ftp.ucsd.edu/v06/MSV000093644/raw/CD8_F19.raw	MASSIVE	CD8 T cell
PXD047742-Sample-63	Homo sapiens	blood	CD8 T cell	CD8 T cell	normal	normal	normal	not available	not available	not available	adult	not available	63	CD8 T cell-DDAlibrary-63	1	20	proteomic profiling by mass spectrometry	data-dependent acquisition	AC=MS:1002038;NT=label free sample	Orbitrap Exploris 240	AC=MS:1001251;NT=Trypsin	CD8_F20.raw	ftp://massive-ftp.ucsd.edu/v06/MSV000093644/raw/CD8_F20.raw	MASSIVE	CD8 T cell
PXD047742-Sample-63	Homo sapiens	blood	CD8 T cell	CD8 T cell	normal	normal	normal	not available	not available	not available	adult	not available	63	CD8 T cell-DDAlibrary-63	1	21	proteomic profiling by mass spectrometry	data-dependent acquisition	AC=MS:1002038;NT=label free sample	Orbitrap Exploris 240	AC=MS:1001251;NT=Trypsin	CD8_F21.raw	ftp://massive-ftp.ucsd.edu/v06/MSV000093644/raw/CD8_F21.raw	MASSIVE	CD8 T cell
PXD047742-Sample-63	Homo sapiens	blood	CD8 T cell	CD8 T cell	normal	normal	normal	not available	not available	not available	adult	not available	63	CD8 T cell-DDAlibrary-63	1	22	proteomic profiling by mass spectrometry	data-dependent acquisition	AC=MS:1002038;NT=label free sample	Orbitrap Exploris 240	AC=MS:1001251;NT=Trypsin	CD8_F22.raw	ftp://massive-ftp.ucsd.edu/v06/MSV000093644/raw/CD8_F22.raw	MASSIVE	CD8 T cell
PXD047742-Sample-63	Homo sapiens	blood	CD8 T cell	CD8 T cell	normal	normal	normal	not available	not available	not available	adult	not available	63	CD8 T cell-DDAlibrary-63	1	23	proteomic profiling by mass spectrometry	data-dependent acquisition	AC=MS:1002038;NT=label free sample	Orbitrap Exploris 240	AC=MS:1001251;NT=Trypsin	CD8_F23.raw	ftp://massive-ftp.ucsd.edu/v06/MSV000093644/raw/CD8_F23.raw	MASSIVE	CD8 T cell
PXD047742-Sample-63	Homo sapiens	blood	CD8 T cell	CD8 T cell	normal	normal	normal	not available	not available	not available	adult	not available	63	CD8 T cell-DDAlibrary-63	1	24	proteomic profiling by mass spectrometry	data-dependent acquisition	AC=MS:1002038;NT=label free sample	Orbitrap Exploris 240	AC=MS:1001251;NT=Trypsin	CD8_F24.raw	ftp://massive-ftp.ucsd.edu/v06/MSV000093644/raw/CD8_F24.raw	MASSIVE	CD8 T cell
PXD047742-Sample-63	Homo sapiens	blood	CD8 T cell	CD8 T cell	normal	normal	DDA library	not available	not available	not available	adult	not available	63	CD8 T cell-DDAlibrary-63	2	1	proteomic profiling by mass spectrometry	data-dependent acquisition	AC=MS:1002038;NT=label free sample	Orbitrap Exploris 240	AC=MS:1001251;NT=Trypsin	CD8_F1.raw	ftp://massive-ftp.ucsd.edu/v06/MSV000093644/library/Human_Immune_Cell_DDA/CD8%20T%20cell/CD8_F1.raw	MASSIVE	CD8 T cell
PXD047742-Sample-63	Homo sapiens	blood	CD8 T cell	CD8 T cell	normal	normal	DDA library	not available	not available	not available	adult	not available	63	CD8 T cell-DDAlibrary-63	2	2	proteomic profiling by mass spectrometry	data-dependent acquisition	AC=MS:1002038;NT=label free sample	Orbitrap Exploris 240	AC=MS:1001251;NT=Trypsin	CD8_F2.raw	ftp://massive-ftp.ucsd.edu/v06/MSV000093644/library/Human_Immune_Cell_DDA/CD8%20T%20cell/CD8_F2.raw	MASSIVE	CD8 T cell
PXD047742-Sample-63	Homo sapiens	blood	CD8 T cell	CD8 T cell	normal	normal	DDA library	not available	not available	not available	adult	not available	63	CD8 T cell-DDAlibrary-63	2	3	proteomic profiling by mass spectrometry	data-dependent acquisition	AC=MS:1002038;NT=label free sample	Orbitrap Exploris 240	AC=MS:1001251;NT=Trypsin	CD8_F3.raw	ftp://massive-ftp.ucsd.edu/v06/MSV000093644/library/Human_Immune_Cell_DDA/CD8%20T%20cell/CD8_F3.raw	MASSIVE	CD8 T cell
PXD047742-Sample-63	Homo sapiens	blood	CD8 T cell	CD8 T cell	normal	normal	DDA library	not available	not available	not available	adult	not available	63	CD8 T cell-DDAlibrary-63	2	4	proteomic profiling by mass spectrometry	data-dependent acquisition	AC=MS:1002038;NT=label free sample	Orbitrap Exploris 240	AC=MS:1001251;NT=Trypsin	CD8_F4.raw	ftp://massive-ftp.ucsd.edu/v06/MSV000093644/library/Human_Immune_Cell_DDA/CD8%20T%20cell/CD8_F4.raw	MASSIVE	CD8 T cell
PXD047742-Sample-63	Homo sapiens	blood	CD8 T cell	CD8 T cell	normal	normal	DDA library	not available	not available	not available	adult	not available	63	CD8 T cell-DDAlibrary-63	2	5	proteomic profiling by mass spectrometry	data-dependent acquisition	AC=MS:1002038;NT=label free sample	Orbitrap Exploris 240	AC=MS:1001251;NT=Trypsin	CD8_F5.raw	ftp://massive-ftp.ucsd.edu/v06/MSV000093644/library/Human_Immune_Cell_DDA/CD8%20T%20cell/CD8_F5.raw	MASSIVE	CD8 T cell
PXD047742-Sample-63	Homo sapiens	blood	CD8 T cell	CD8 T cell	normal	normal	DDA library	not available	not available	not available	adult	not available	63	CD8 T cell-DDAlibrary-63	2	6	proteomic profiling by mass spectrometry	data-dependent acquisition	AC=MS:1002038;NT=label free sample	Orbitrap Exploris 240	AC=MS:1001251;NT=Trypsin	CD8_F6.raw	ftp://massive-ftp.ucsd.edu/v06/MSV000093644/library/Human_Immune_Cell_DDA/CD8%20T%20cell/CD8_F6.raw	MASSIVE	CD8 T cell
PXD047742-Sample-63	Homo sapiens	blood	CD8 T cell	CD8 T cell	normal	normal	DDA library	not available	not available	not available	adult	not available	63	CD8 T cell-DDAlibrary-63	2	7	proteomic profiling by mass spectrometry	data-dependent acquisition	AC=MS:1002038;NT=label free sample	Orbitrap Exploris 240	AC=MS:1001251;NT=Trypsin	CD8_F7.raw	ftp://massive-ftp.ucsd.edu/v06/MSV000093644/library/Human_Immune_Cell_DDA/CD8%20T%20cell/CD8_F7.raw	MASSIVE	CD8 T cell
PXD047742-Sample-63	Homo sapiens	blood	CD8 T cell	CD8 T cell	normal	normal	DDA library	not available	not available	not available	adult	not available	63	CD8 T cell-DDAlibrary-63	2	8	proteomic profiling by mass spectrometry	data-dependent acquisition	AC=MS:1002038;NT=label free sample	Orbitrap Exploris 240	AC=MS:1001251;NT=Trypsin	CD8_F8.raw	ftp://massive-ftp.ucsd.edu/v06/MSV000093644/library/Human_Immune_Cell_DDA/CD8%20T%20cell/CD8_F8.raw	MASSIVE	CD8 T cell
PXD047742-Sample-63	Homo sapiens	blood	CD8 T cell	CD8 T cell	normal	normal	DDA library	not available	not available	not available	adult	not available	63	CD8 T cell-DDAlibrary-63	2	9	proteomic profiling by mass spectrometry	data-dependent acquisition	AC=MS:1002038;NT=label free sample	Orbitrap Exploris 240	AC=MS:1001251;NT=Trypsin	CD8_F9.raw	ftp://massive-ftp.ucsd.edu/v06/MSV000093644/library/Human_Immune_Cell_DDA/CD8%20T%20cell/CD8_F9.raw	MASSIVE	CD8 T cell
PXD047742-Sample-63	Homo sapiens	blood	CD8 T cell	CD8 T cell	normal	normal	DDA library	not available	not available	not available	adult	not available	63	CD8 T cell-DDAlibrary-63	2	10	proteomic profiling by mass spectrometry	data-dependent acquisition	AC=MS:1002038;NT=label free sample	Orbitrap Exploris 240	AC=MS:1001251;NT=Trypsin	CD8_F10.raw	ftp://massive-ftp.ucsd.edu/v06/MSV000093644/library/Human_Immune_Cell_DDA/CD8%20T%20cell/CD8_F10.raw	MASSIVE	CD8 T cell
PXD047742-Sample-63	Homo sapiens	blood	CD8 T cell	CD8 T cell	normal	normal	DDA library	not available	not available	not available	adult	not available	63	CD8 T cell-DDAlibrary-63	2	11	proteomic profiling by mass spectrometry	data-dependent acquisition	AC=MS:1002038;NT=label free sample	Orbitrap Exploris 240	AC=MS:1001251;NT=Trypsin	CD8_F11.raw	ftp://massive-ftp.ucsd.edu/v06/MSV000093644/library/Human_Immune_Cell_DDA/CD8%20T%20cell/CD8_F11.raw	MASSIVE	CD8 T cell
PXD047742-Sample-63	Homo sapiens	blood	CD8 T cell	CD8 T cell	normal	normal	DDA library	not available	not available	not available	adult	not available	63	CD8 T cell-DDAlibrary-63	2	12	proteomic profiling by mass spectrometry	data-dependent acquisition	AC=MS:1002038;NT=label free sample	Orbitrap Exploris 240	AC=MS:1001251;NT=Trypsin	CD8_F12.raw	ftp://massive-ftp.ucsd.edu/v06/MSV000093644/library/Human_Immune_Cell_DDA/CD8%20T%20cell/CD8_F12.raw	MASSIVE	CD8 T cell
PXD047742-Sample-63	Homo sapiens	blood	CD8 T cell	CD8 T cell	normal	normal	DDA library	not available	not available	not available	adult	not available	63	CD8 T cell-DDAlibrary-63	2	13	proteomic profiling by mass spectrometry	data-dependent acquisition	AC=MS:1002038;NT=label free sample	Orbitrap Exploris 240	AC=MS:1001251;NT=Trypsin	CD8_F13.raw	ftp://massive-ftp.ucsd.edu/v06/MSV000093644/library/Human_Immune_Cell_DDA/CD8%20T%20cell/CD8_F13.raw	MASSIVE	CD8 T cell
PXD047742-Sample-63	Homo sapiens	blood	CD8 T cell	CD8 T cell	normal	normal	DDA library	not available	not available	not available	adult	not available	63	CD8 T cell-DDAlibrary-63	2	14	proteomic profiling by mass spectrometry	data-dependent acquisition	AC=MS:1002038;NT=label free sample	Orbitrap Exploris 240	AC=MS:1001251;NT=Trypsin	CD8_F14.raw	ftp://massive-ftp.ucsd.edu/v06/MSV000093644/library/Human_Immune_Cell_DDA/CD8%20T%20cell/CD8_F14.raw	MASSIVE	CD8 T cell
PXD047742-Sample-63	Homo sapiens	blood	CD8 T cell	CD8 T cell	normal	normal	DDA library	not available	not available	not available	adult	not available	63	CD8 T cell-DDAlibrary-63	2	15	proteomic profiling by mass spectrometry	data-dependent acquisition	AC=MS:1002038;NT=label free sample	Orbitrap Exploris 240	AC=MS:1001251;NT=Trypsin	CD8_F15.raw	ftp://massive-ftp.ucsd.edu/v06/MSV000093644/library/Human_Immune_Cell_DDA/CD8%20T%20cell/CD8_F15.raw	MASSIVE	CD8 T cell
PXD047742-Sample-63	Homo sapiens	blood	CD8 T cell	CD8 T cell	normal	normal	DDA library	not available	not available	not available	adult	not available	63	CD8 T cell-DDAlibrary-63	2	16	proteomic profiling by mass spectrometry	data-dependent acquisition	AC=MS:1002038;NT=label free sample	Orbitrap Exploris 240	AC=MS:1001251;NT=Trypsin	CD8_F16.raw	ftp://massive-ftp.ucsd.edu/v06/MSV000093644/library/Human_Immune_Cell_DDA/CD8%20T%20cell/CD8_F16.raw	MASSIVE	CD8 T cell
PXD047742-Sample-63	Homo sapiens	blood	CD8 T cell	CD8 T cell	normal	normal	DDA library	not available	not available	not available	adult	not available	63	CD8 T cell-DDAlibrary-63	2	17	proteomic profiling by mass spectrometry	data-dependent acquisition	AC=MS:1002038;NT=label free sample	Orbitrap Exploris 240	AC=MS:1001251;NT=Trypsin	CD8_F17.raw	ftp://massive-ftp.ucsd.edu/v06/MSV000093644/library/Human_Immune_Cell_DDA/CD8%20T%20cell/CD8_F17.raw	MASSIVE	CD8 T cell
PXD047742-Sample-63	Homo sapiens	blood	CD8 T cell	CD8 T cell	normal	normal	DDA library	not available	not available	not available	adult	not available	63	CD8 T cell-DDAlibrary-63	2	18	proteomic profiling by mass spectrometry	data-dependent acquisition	AC=MS:1002038;NT=label free sample	Orbitrap Exploris 240	AC=MS:1001251;NT=Trypsin	CD8_F18.raw	ftp://massive-ftp.ucsd.edu/v06/MSV000093644/library/Human_Immune_Cell_DDA/CD8%20T%20cell/CD8_F18.raw	MASSIVE	CD8 T cell
PXD047742-Sample-63	Homo sapiens	blood	CD8 T cell	CD8 T cell	normal	normal	DDA library	not available	not available	not available	adult	not available	63	CD8 T cell-DDAlibrary-63	2	19	proteomic profiling by mass spectrometry	data-dependent acquisition	AC=MS:1002038;NT=label free sample	Orbitrap Exploris 240	AC=MS:1001251;NT=Trypsin	CD8_F19.raw	ftp://massive-ftp.ucsd.edu/v06/MSV000093644/library/Human_Immune_Cell_DDA/CD8%20T%20cell/CD8_F19.raw	MASSIVE	CD8 T cell
PXD047742-Sample-63	Homo sapiens	blood	CD8 T cell	CD8 T cell	normal	normal	DDA library	not available	not available	not available	adult	not available	63	CD8 T cell-DDAlibrary-63	2	20	proteomic profiling by mass spectrometry	data-dependent acquisition	AC=MS:1002038;NT=label free sample	Orbitrap Exploris 240	AC=MS:1001251;NT=Trypsin	CD8_F20.raw	ftp://massive-ftp.ucsd.edu/v06/MSV000093644/library/Human_Immune_Cell_DDA/CD8%20T%20cell/CD8_F20.raw	MASSIVE	CD8 T cell
PXD047742-Sample-63	Homo sapiens	blood	CD8 T cell	CD8 T cell	normal	normal	DDA library	not available	not available	not available	adult	not available	63	CD8 T cell-DDAlibrary-63	2	21	proteomic profiling by mass spectrometry	data-dependent acquisition	AC=MS:1002038;NT=label free sample	Orbitrap Exploris 240	AC=MS:1001251;NT=Trypsin	CD8_F21.raw	ftp://massive-ftp.ucsd.edu/v06/MSV000093644/library/Human_Immune_Cell_DDA/CD8%20T%20cell/CD8_F21.raw	MASSIVE	CD8 T cell
PXD047742-Sample-63	Homo sapiens	blood	CD8 T cell	CD8 T cell	normal	normal	DDA library	not available	not available	not available	adult	not available	63	CD8 T cell-DDAlibrary-63	2	22	proteomic profiling by mass spectrometry	data-dependent acquisition	AC=MS:1002038;NT=label free sample	Orbitrap Exploris 240	AC=MS:1001251;NT=Trypsin	CD8_F22.raw	ftp://massive-ftp.ucsd.edu/v06/MSV000093644/library/Human_Immune_Cell_DDA/CD8%20T%20cell/CD8_F22.raw	MASSIVE	CD8 T cell
PXD047742-Sample-63	Homo sapiens	blood	CD8 T cell	CD8 T cell	normal	normal	DDA library	not available	not available	not available	adult	not available	63	CD8 T cell-DDAlibrary-63	2	23	proteomic profiling by mass spectrometry	data-dependent acquisition	AC=MS:1002038;NT=label free sample	Orbitrap Exploris 240	AC=MS:1001251;NT=Trypsin	CD8_F23.raw	ftp://massive-ftp.ucsd.edu/v06/MSV000093644/library/Human_Immune_Cell_DDA/CD8%20T%20cell/CD8_F23.raw	MASSIVE	CD8 T cell
PXD047742-Sample-63	Homo sapiens	blood	CD8 T cell	CD8 T cell	normal	normal	DDA library	not available	not available	not available	adult	not available	63	CD8 T cell-DDAlibrary-63	2	24	proteomic profiling by mass spectrometry	data-dependent acquisition	AC=MS:1002038;NT=label free sample	Orbitrap Exploris 240	AC=MS:1001251;NT=Trypsin	CD8_F24.raw	ftp://massive-ftp.ucsd.edu/v06/MSV000093644/library/Human_Immune_Cell_DDA/CD8%20T%20cell/CD8_F24.raw	MASSIVE	CD8 T cell
PXD047742-Sample-64	Homo sapiens	blood	Daudi B cell	Daudi B cell	normal	normal	normal	not available	not available	not available	adult	not available	64	Daudi B cell-DDAlibrary-64	1	1	proteomic profiling by mass spectrometry	data-dependent acquisition	AC=MS:1002038;NT=label free sample	Orbitrap Exploris 240	AC=MS:1001251;NT=Trypsin	Daudi_F1.raw	ftp://massive-ftp.ucsd.edu/v06/MSV000093644/raw/Daudi_F1.raw	MASSIVE	Daudi B cell
PXD047742-Sample-64	Homo sapiens	blood	Daudi B cell	Daudi B cell	normal	normal	normal	not available	not available	not available	adult	not available	64	Daudi B cell-DDAlibrary-64	1	2	proteomic profiling by mass spectrometry	data-dependent acquisition	AC=MS:1002038;NT=label free sample	Orbitrap Exploris 240	AC=MS:1001251;NT=Trypsin	Daudi_F2.raw	ftp://massive-ftp.ucsd.edu/v06/MSV000093644/raw/Daudi_F2.raw	MASSIVE	Daudi B cell
PXD047742-Sample-64	Homo sapiens	blood	Daudi B cell	Daudi B cell	normal	normal	normal	not available	not available	not available	adult	not available	64	Daudi B cell-DDAlibrary-64	1	3	proteomic profiling by mass spectrometry	data-dependent acquisition	AC=MS:1002038;NT=label free sample	Orbitrap Exploris 240	AC=MS:1001251;NT=Trypsin	Daudi_F3.raw	ftp://massive-ftp.ucsd.edu/v06/MSV000093644/raw/Daudi_F3.raw	MASSIVE	Daudi B cell
PXD047742-Sample-64	Homo sapiens	blood	Daudi B cell	Daudi B cell	normal	normal	normal	not available	not available	not available	adult	not available	64	Daudi B cell-DDAlibrary-64	1	4	proteomic profiling by mass spectrometry	data-dependent acquisition	AC=MS:1002038;NT=label free sample	Orbitrap Exploris 240	AC=MS:1001251;NT=Trypsin	Daudi_F4.raw	ftp://massive-ftp.ucsd.edu/v06/MSV000093644/raw/Daudi_F4.raw	MASSIVE	Daudi B cell
PXD047742-Sample-64	Homo sapiens	blood	Daudi B cell	Daudi B cell	normal	normal	normal	not available	not available	not available	adult	not available	64	Daudi B cell-DDAlibrary-64	1	5	proteomic profiling by mass spectrometry	data-dependent acquisition	AC=MS:1002038;NT=label free sample	Orbitrap Exploris 240	AC=MS:1001251;NT=Trypsin	Daudi_F5.raw	ftp://massive-ftp.ucsd.edu/v06/MSV000093644/raw/Daudi_F5.raw	MASSIVE	Daudi B cell
PXD047742-Sample-64	Homo sapiens	blood	Daudi B cell	Daudi B cell	normal	normal	normal	not available	not available	not available	adult	not available	64	Daudi B cell-DDAlibrary-64	1	6	proteomic profiling by mass spectrometry	data-dependent acquisition	AC=MS:1002038;NT=label free sample	Orbitrap Exploris 240	AC=MS:1001251;NT=Trypsin	Daudi_F6.raw	ftp://massive-ftp.ucsd.edu/v06/MSV000093644/raw/Daudi_F6.raw	MASSIVE	Daudi B cell
PXD047742-Sample-64	Homo sapiens	blood	Daudi B cell	Daudi B cell	normal	normal	normal	not available	not available	not available	adult	not available	64	Daudi B cell-DDAlibrary-64	1	7	proteomic profiling by mass spectrometry	data-dependent acquisition	AC=MS:1002038;NT=label free sample	Orbitrap Exploris 240	AC=MS:1001251;NT=Trypsin	Daudi_F7.raw	ftp://massive-ftp.ucsd.edu/v06/MSV000093644/raw/Daudi_F7.raw	MASSIVE	Daudi B cell
PXD047742-Sample-64	Homo sapiens	blood	Daudi B cell	Daudi B cell	normal	normal	normal	not available	not available	not available	adult	not available	64	Daudi B cell-DDAlibrary-64	1	8	proteomic profiling by mass spectrometry	data-dependent acquisition	AC=MS:1002038;NT=label free sample	Orbitrap Exploris 240	AC=MS:1001251;NT=Trypsin	Daudi_F8.raw	ftp://massive-ftp.ucsd.edu/v06/MSV000093644/raw/Daudi_F8.raw	MASSIVE	Daudi B cell
PXD047742-Sample-64	Homo sapiens	blood	Daudi B cell	Daudi B cell	normal	normal	normal	not available	not available	not available	adult	not available	64	Daudi B cell-DDAlibrary-64	1	9	proteomic profiling by mass spectrometry	data-dependent acquisition	AC=MS:1002038;NT=label free sample	Orbitrap Exploris 240	AC=MS:1001251;NT=Trypsin	Daudi_F9.raw	ftp://massive-ftp.ucsd.edu/v06/MSV000093644/raw/Daudi_F9.raw	MASSIVE	Daudi B cell
PXD047742-Sample-64	Homo sapiens	blood	Daudi B cell	Daudi B cell	normal	normal	normal	not available	not available	not available	adult	not available	64	Daudi B cell-DDAlibrary-64	1	10	proteomic profiling by mass spectrometry	data-dependent acquisition	AC=MS:1002038;NT=label free sample	Orbitrap Exploris 240	AC=MS:1001251;NT=Trypsin	Daudi_F10.raw	ftp://massive-ftp.ucsd.edu/v06/MSV000093644/raw/Daudi_F10.raw	MASSIVE	Daudi B cell
PXD047742-Sample-64	Homo sapiens	blood	Daudi B cell	Daudi B cell	normal	normal	normal	not available	not available	not available	adult	not available	64	Daudi B cell-DDAlibrary-64	1	11	proteomic profiling by mass spectrometry	data-dependent acquisition	AC=MS:1002038;NT=label free sample	Orbitrap Exploris 240	AC=MS:1001251;NT=Trypsin	Daudi_F11.raw	ftp://massive-ftp.ucsd.edu/v06/MSV000093644/raw/Daudi_F11.raw	MASSIVE	Daudi B cell
PXD047742-Sample-64	Homo sapiens	blood	Daudi B cell	Daudi B cell	normal	normal	normal	not available	not available	not available	adult	not available	64	Daudi B cell-DDAlibrary-64	1	12	proteomic profiling by mass spectrometry	data-dependent acquisition	AC=MS:1002038;NT=label free sample	Orbitrap Exploris 240	AC=MS:1001251;NT=Trypsin	Daudi_F12.raw	ftp://massive-ftp.ucsd.edu/v06/MSV000093644/raw/Daudi_F12.raw	MASSIVE	Daudi B cell
PXD047742-Sample-64	Homo sapiens	blood	Daudi B cell	Daudi B cell	normal	normal	DDA library	not available	not available	not available	adult	not available	64	Daudi B cell-DDAlibrary-64	2	1	proteomic profiling by mass spectrometry	data-dependent acquisition	AC=MS:1002038;NT=label free sample	Q-Exactive Plus	AC=MS:1001251;NT=Trypsin	Daudi_F1.raw	ftp://massive-ftp.ucsd.edu/v06/MSV000093644/library/Human_Immune_Cell_DDA/Daudi/Daudi_F1.raw	MASSIVE	Daudi B cell
PXD047742-Sample-64	Homo sapiens	blood	Daudi B cell	Daudi B cell	normal	normal	DDA library	not available	not available	not available	adult	not available	64	Daudi B cell-DDAlibrary-64	2	2	proteomic profiling by mass spectrometry	data-dependent acquisition	AC=MS:1002038;NT=label free sample	Q-Exactive Plus	AC=MS:1001251;NT=Trypsin	Daudi_F2.raw	ftp://massive-ftp.ucsd.edu/v06/MSV000093644/library/Human_Immune_Cell_DDA/Daudi/Daudi_F2.raw	MASSIVE	Daudi B cell
PXD047742-Sample-64	Homo sapiens	blood	Daudi B cell	Daudi B cell	normal	normal	DDA library	not available	not available	not available	adult	not available	64	Daudi B cell-DDAlibrary-64	2	3	proteomic profiling by mass spectrometry	data-dependent acquisition	AC=MS:1002038;NT=label free sample	Q-Exactive Plus	AC=MS:1001251;NT=Trypsin	Daudi_F3.raw	ftp://massive-ftp.ucsd.edu/v06/MSV000093644/library/Human_Immune_Cell_DDA/Daudi/Daudi_F3.raw	MASSIVE	Daudi B cell
PXD047742-Sample-64	Homo sapiens	blood	Daudi B cell	Daudi B cell	normal	normal	DDA library	not available	not available	not available	adult	not available	64	Daudi B cell-DDAlibrary-64	2	4	proteomic profiling by mass spectrometry	data-dependent acquisition	AC=MS:1002038;NT=label free sample	Q-Exactive Plus	AC=MS:1001251;NT=Trypsin	Daudi_F4.raw	ftp://massive-ftp.ucsd.edu/v06/MSV000093644/library/Human_Immune_Cell_DDA/Daudi/Daudi_F4.raw	MASSIVE	Daudi B cell
PXD047742-Sample-64	Homo sapiens	blood	Daudi B cell	Daudi B cell	normal	normal	DDA library	not available	not available	not available	adult	not available	64	Daudi B cell-DDAlibrary-64	2	5	proteomic profiling by mass spectrometry	data-dependent acquisition	AC=MS:1002038;NT=label free sample	Q-Exactive Plus	AC=MS:1001251;NT=Trypsin	Daudi_F5.raw	ftp://massive-ftp.ucsd.edu/v06/MSV000093644/library/Human_Immune_Cell_DDA/Daudi/Daudi_F5.raw	MASSIVE	Daudi B cell
PXD047742-Sample-64	Homo sapiens	blood	Daudi B cell	Daudi B cell	normal	normal	DDA library	not available	not available	not available	adult	not available	64	Daudi B cell-DDAlibrary-64	2	6	proteomic profiling by mass spectrometry	data-dependent acquisition	AC=MS:1002038;NT=label free sample	Q-Exactive Plus	AC=MS:1001251;NT=Trypsin	Daudi_F6.raw	ftp://massive-ftp.ucsd.edu/v06/MSV000093644/library/Human_Immune_Cell_DDA/Daudi/Daudi_F6.raw	MASSIVE	Daudi B cell
PXD047742-Sample-64	Homo sapiens	blood	Daudi B cell	Daudi B cell	normal	normal	DDA library	not available	not available	not available	adult	not available	64	Daudi B cell-DDAlibrary-64	2	7	proteomic profiling by mass spectrometry	data-dependent acquisition	AC=MS:1002038;NT=label free sample	Q-Exactive Plus	AC=MS:1001251;NT=Trypsin	Daudi_F7.raw	ftp://massive-ftp.ucsd.edu/v06/MSV000093644/library/Human_Immune_Cell_DDA/Daudi/Daudi_F7.raw	MASSIVE	Daudi B cell
PXD047742-Sample-64	Homo sapiens	blood	Daudi B cell	Daudi B cell	normal	normal	DDA library	not available	not available	not available	adult	not available	64	Daudi B cell-DDAlibrary-64	2	8	proteomic profiling by mass spectrometry	data-dependent acquisition	AC=MS:1002038;NT=label free sample	Q-Exactive Plus	AC=MS:1001251;NT=Trypsin	Daudi_F8.raw	ftp://massive-ftp.ucsd.edu/v06/MSV000093644/library/Human_Immune_Cell_DDA/Daudi/Daudi_F8.raw	MASSIVE	Daudi B cell
PXD047742-Sample-64	Homo sapiens	blood	Daudi B cell	Daudi B cell	normal	normal	DDA library	not available	not available	not available	adult	not available	64	Daudi B cell-DDAlibrary-64	2	9	proteomic profiling by mass spectrometry	data-dependent acquisition	AC=MS:1002038;NT=label free sample	Q-Exactive Plus	AC=MS:1001251;NT=Trypsin	Daudi_F9.raw	ftp://massive-ftp.ucsd.edu/v06/MSV000093644/library/Human_Immune_Cell_DDA/Daudi/Daudi_F9.raw	MASSIVE	Daudi B cell
PXD047742-Sample-64	Homo sapiens	blood	Daudi B cell	Daudi B cell	normal	normal	DDA library	not available	not available	not available	adult	not available	64	Daudi B cell-DDAlibrary-64	2	10	proteomic profiling by mass spectrometry	data-dependent acquisition	AC=MS:1002038;NT=label free sample	Q-Exactive Plus	AC=MS:1001251;NT=Trypsin	Daudi_F10.raw	ftp://massive-ftp.ucsd.edu/v06/MSV000093644/library/Human_Immune_Cell_DDA/Daudi/Daudi_F10.raw	MASSIVE	Daudi B cell
PXD047742-Sample-64	Homo sapiens	blood	Daudi B cell	Daudi B cell	normal	normal	DDA library	not available	not available	not available	adult	not available	64	Daudi B cell-DDAlibrary-64	2	11	proteomic profiling by mass spectrometry	data-dependent acquisition	AC=MS:1002038;NT=label free sample	Q-Exactive Plus	AC=MS:1001251;NT=Trypsin	Daudi_F11.raw	ftp://massive-ftp.ucsd.edu/v06/MSV000093644/library/Human_Immune_Cell_DDA/Daudi/Daudi_F11.raw	MASSIVE	Daudi B cell
PXD047742-Sample-64	Homo sapiens	blood	Daudi B cell	Daudi B cell	normal	normal	DDA library	not available	not available	not available	adult	not available	64	Daudi B cell-DDAlibrary-64	2	12	proteomic profiling by mass spectrometry	data-dependent acquisition	AC=MS:1002038;NT=label free sample	Q-Exactive Plus	AC=MS:1001251;NT=Trypsin	Daudi_F12.raw	ftp://massive-ftp.ucsd.edu/v06/MSV000093644/library/Human_Immune_Cell_DDA/Daudi/Daudi_F12.raw	MASSIVE	Daudi B cell
PXD047742-Sample-65	Homo sapiens	blood	Jurkat T cell	Jurkat T cell	normal	normal	normal	not available	not available	not available	adult	not available	65	Jurkat T cell-DDAlibrary-65	1	1	proteomic profiling by mass spectrometry	data-dependent acquisition	AC=MS:1002038;NT=label free sample	Orbitrap Exploris 240	AC=MS:1001251;NT=Trypsin	Jurkat_F1.raw	ftp://massive-ftp.ucsd.edu/v06/MSV000093644/raw/Jurkat_F1.raw	MASSIVE	Jurkat T cell
PXD047742-Sample-65	Homo sapiens	blood	Jurkat T cell	Jurkat T cell	normal	normal	normal	not available	not available	not available	adult	not available	65	Jurkat T cell-DDAlibrary-65	1	2	proteomic profiling by mass spectrometry	data-dependent acquisition	AC=MS:1002038;NT=label free sample	Orbitrap Exploris 240	AC=MS:1001251;NT=Trypsin	Jurkat_F2.raw	ftp://massive-ftp.ucsd.edu/v06/MSV000093644/raw/Jurkat_F2.raw	MASSIVE	Jurkat T cell
PXD047742-Sample-65	Homo sapiens	blood	Jurkat T cell	Jurkat T cell	normal	normal	normal	not available	not available	not available	adult	not available	65	Jurkat T cell-DDAlibrary-65	1	3	proteomic profiling by mass spectrometry	data-dependent acquisition	AC=MS:1002038;NT=label free sample	Orbitrap Exploris 240	AC=MS:1001251;NT=Trypsin	Jurkat_F3.raw	ftp://massive-ftp.ucsd.edu/v06/MSV000093644/raw/Jurkat_F3.raw	MASSIVE	Jurkat T cell
PXD047742-Sample-65	Homo sapiens	blood	Jurkat T cell	Jurkat T cell	normal	normal	normal	not available	not available	not available	adult	not available	65	Jurkat T cell-DDAlibrary-65	1	4	proteomic profiling by mass spectrometry	data-dependent acquisition	AC=MS:1002038;NT=label free sample	Orbitrap Exploris 240	AC=MS:1001251;NT=Trypsin	Jurkat_F4.raw	ftp://massive-ftp.ucsd.edu/v06/MSV000093644/raw/Jurkat_F4.raw	MASSIVE	Jurkat T cell
PXD047742-Sample-65	Homo sapiens	blood	Jurkat T cell	Jurkat T cell	normal	normal	normal	not available	not available	not available	adult	not available	65	Jurkat T cell-DDAlibrary-65	1	5	proteomic profiling by mass spectrometry	data-dependent acquisition	AC=MS:1002038;NT=label free sample	Orbitrap Exploris 240	AC=MS:1001251;NT=Trypsin	Jurkat_F5.raw	ftp://massive-ftp.ucsd.edu/v06/MSV000093644/raw/Jurkat_F5.raw	MASSIVE	Jurkat T cell
PXD047742-Sample-65	Homo sapiens	blood	Jurkat T cell	Jurkat T cell	normal	normal	normal	not available	not available	not available	adult	not available	65	Jurkat T cell-DDAlibrary-65	1	6	proteomic profiling by mass spectrometry	data-dependent acquisition	AC=MS:1002038;NT=label free sample	Orbitrap Exploris 240	AC=MS:1001251;NT=Trypsin	Jurkat_F6.raw	ftp://massive-ftp.ucsd.edu/v06/MSV000093644/raw/Jurkat_F6.raw	MASSIVE	Jurkat T cell
PXD047742-Sample-65	Homo sapiens	blood	Jurkat T cell	Jurkat T cell	normal	normal	normal	not available	not available	not available	adult	not available	65	Jurkat T cell-DDAlibrary-65	1	7	proteomic profiling by mass spectrometry	data-dependent acquisition	AC=MS:1002038;NT=label free sample	Orbitrap Exploris 240	AC=MS:1001251;NT=Trypsin	Jurkat_F7.raw	ftp://massive-ftp.ucsd.edu/v06/MSV000093644/raw/Jurkat_F7.raw	MASSIVE	Jurkat T cell
PXD047742-Sample-65	Homo sapiens	blood	Jurkat T cell	Jurkat T cell	normal	normal	normal	not available	not available	not available	adult	not available	65	Jurkat T cell-DDAlibrary-65	1	8	proteomic profiling by mass spectrometry	data-dependent acquisition	AC=MS:1002038;NT=label free sample	Orbitrap Exploris 240	AC=MS:1001251;NT=Trypsin	Jurkat_F8.raw	ftp://massive-ftp.ucsd.edu/v06/MSV000093644/raw/Jurkat_F8.raw	MASSIVE	Jurkat T cell
PXD047742-Sample-65	Homo sapiens	blood	Jurkat T cell	Jurkat T cell	normal	normal	normal	not available	not available	not available	adult	not available	65	Jurkat T cell-DDAlibrary-65	1	9	proteomic profiling by mass spectrometry	data-dependent acquisition	AC=MS:1002038;NT=label free sample	Orbitrap Exploris 240	AC=MS:1001251;NT=Trypsin	Jurkat_F9.raw	ftp://massive-ftp.ucsd.edu/v06/MSV000093644/raw/Jurkat_F9.raw	MASSIVE	Jurkat T cell
PXD047742-Sample-65	Homo sapiens	blood	Jurkat T cell	Jurkat T cell	normal	normal	normal	not available	not available	not available	adult	not available	65	Jurkat T cell-DDAlibrary-65	1	10	proteomic profiling by mass spectrometry	data-dependent acquisition	AC=MS:1002038;NT=label free sample	Orbitrap Exploris 240	AC=MS:1001251;NT=Trypsin	Jurkat_F10.raw	ftp://massive-ftp.ucsd.edu/v06/MSV000093644/raw/Jurkat_F10.raw	MASSIVE	Jurkat T cell
PXD047742-Sample-65	Homo sapiens	blood	Jurkat T cell	Jurkat T cell	normal	normal	normal	not available	not available	not available	adult	not available	65	Jurkat T cell-DDAlibrary-65	1	11	proteomic profiling by mass spectrometry	data-dependent acquisition	AC=MS:1002038;NT=label free sample	Orbitrap Exploris 240	AC=MS:1001251;NT=Trypsin	Jurkat_F11.raw	ftp://massive-ftp.ucsd.edu/v06/MSV000093644/raw/Jurkat_F11.raw	MASSIVE	Jurkat T cell
PXD047742-Sample-65	Homo sapiens	blood	Jurkat T cell	Jurkat T cell	normal	normal	normal	not available	not available	not available	adult	not available	65	Jurkat T cell-DDAlibrary-65	1	12	proteomic profiling by mass spectrometry	data-dependent acquisition	AC=MS:1002038;NT=label free sample	Orbitrap Exploris 240	AC=MS:1001251;NT=Trypsin	Jurkat_F12.raw	ftp://massive-ftp.ucsd.edu/v06/MSV000093644/raw/Jurkat_F12.raw	MASSIVE	Jurkat T cell
PXD047742-Sample-65	Homo sapiens	blood	Jurkat T cell	Jurkat T cell	normal	normal	DDA library	not available	not available	not available	adult	not available	65	Jurkat T cell-DDAlibrary-65	2	1	proteomic profiling by mass spectrometry	data-dependent acquisition	AC=MS:1002038;NT=label free sample	Q-Exactive Plus	AC=MS:1001251;NT=Trypsin	Jurkat_F1.raw	ftp://massive-ftp.ucsd.edu/v06/MSV000093644/library/Human_Immune_Cell_DDA/Jurkat/Jurkat_F1.raw	MASSIVE	Jurkat T cell
PXD047742-Sample-65	Homo sapiens	blood	Jurkat T cell	Jurkat T cell	normal	normal	DDA library	not available	not available	not available	adult	not available	65	Jurkat T cell-DDAlibrary-65	2	2	proteomic profiling by mass spectrometry	data-dependent acquisition	AC=MS:1002038;NT=label free sample	Q-Exactive Plus	AC=MS:1001251;NT=Trypsin	Jurkat_F2.raw	ftp://massive-ftp.ucsd.edu/v06/MSV000093644/library/Human_Immune_Cell_DDA/Jurkat/Jurkat_F2.raw	MASSIVE	Jurkat T cell
PXD047742-Sample-65	Homo sapiens	blood	Jurkat T cell	Jurkat T cell	normal	normal	DDA library	not available	not available	not available	adult	not available	65	Jurkat T cell-DDAlibrary-65	2	3	proteomic profiling by mass spectrometry	data-dependent acquisition	AC=MS:1002038;NT=label free sample	Q-Exactive Plus	AC=MS:1001251;NT=Trypsin	Jurkat_F3.raw	ftp://massive-ftp.ucsd.edu/v06/MSV000093644/library/Human_Immune_Cell_DDA/Jurkat/Jurkat_F3.raw	MASSIVE	Jurkat T cell
PXD047742-Sample-65	Homo sapiens	blood	Jurkat T cell	Jurkat T cell	normal	normal	DDA library	not available	not available	not available	adult	not available	65	Jurkat T cell-DDAlibrary-65	2	4	proteomic profiling by mass spectrometry	data-dependent acquisition	AC=MS:1002038;NT=label free sample	Q-Exactive Plus	AC=MS:1001251;NT=Trypsin	Jurkat_F4.raw	ftp://massive-ftp.ucsd.edu/v06/MSV000093644/library/Human_Immune_Cell_DDA/Jurkat/Jurkat_F4.raw	MASSIVE	Jurkat T cell
PXD047742-Sample-65	Homo sapiens	blood	Jurkat T cell	Jurkat T cell	normal	normal	DDA library	not available	not available	not available	adult	not available	65	Jurkat T cell-DDAlibrary-65	2	5	proteomic profiling by mass spectrometry	data-dependent acquisition	AC=MS:1002038;NT=label free sample	Q-Exactive Plus	AC=MS:1001251;NT=Trypsin	Jurkat_F5.raw	ftp://massive-ftp.ucsd.edu/v06/MSV000093644/library/Human_Immune_Cell_DDA/Jurkat/Jurkat_F5.raw	MASSIVE	Jurkat T cell
PXD047742-Sample-65	Homo sapiens	blood	Jurkat T cell	Jurkat T cell	normal	normal	DDA library	not available	not available	not available	adult	not available	65	Jurkat T cell-DDAlibrary-65	2	6	proteomic profiling by mass spectrometry	data-dependent acquisition	AC=MS:1002038;NT=label free sample	Q-Exactive Plus	AC=MS:1001251;NT=Trypsin	Jurkat_F6.raw	ftp://massive-ftp.ucsd.edu/v06/MSV000093644/library/Human_Immune_Cell_DDA/Jurkat/Jurkat_F6.raw	MASSIVE	Jurkat T cell
PXD047742-Sample-65	Homo sapiens	blood	Jurkat T cell	Jurkat T cell	normal	normal	DDA library	not available	not available	not available	adult	not available	65	Jurkat T cell-DDAlibrary-65	2	7	proteomic profiling by mass spectrometry	data-dependent acquisition	AC=MS:1002038;NT=label free sample	Q-Exactive Plus	AC=MS:1001251;NT=Trypsin	Jurkat_F7.raw	ftp://massive-ftp.ucsd.edu/v06/MSV000093644/library/Human_Immune_Cell_DDA/Jurkat/Jurkat_F7.raw	MASSIVE	Jurkat T cell
PXD047742-Sample-65	Homo sapiens	blood	Jurkat T cell	Jurkat T cell	normal	normal	DDA library	not available	not available	not available	adult	not available	65	Jurkat T cell-DDAlibrary-65	2	8	proteomic profiling by mass spectrometry	data-dependent acquisition	AC=MS:1002038;NT=label free sample	Q-Exactive Plus	AC=MS:1001251;NT=Trypsin	Jurkat_F8.raw	ftp://massive-ftp.ucsd.edu/v06/MSV000093644/library/Human_Immune_Cell_DDA/Jurkat/Jurkat_F8.raw	MASSIVE	Jurkat T cell
PXD047742-Sample-65	Homo sapiens	blood	Jurkat T cell	Jurkat T cell	normal	normal	DDA library	not available	not available	not available	adult	not available	65	Jurkat T cell-DDAlibrary-65	2	9	proteomic profiling by mass spectrometry	data-dependent acquisition	AC=MS:1002038;NT=label free sample	Q-Exactive Plus	AC=MS:1001251;NT=Trypsin	Jurkat_F9.raw	ftp://massive-ftp.ucsd.edu/v06/MSV000093644/library/Human_Immune_Cell_DDA/Jurkat/Jurkat_F9.raw	MASSIVE	Jurkat T cell
PXD047742-Sample-65	Homo sapiens	blood	Jurkat T cell	Jurkat T cell	normal	normal	DDA library	not available	not available	not available	adult	not available	65	Jurkat T cell-DDAlibrary-65	2	10	proteomic profiling by mass spectrometry	data-dependent acquisition	AC=MS:1002038;NT=label free sample	Q-Exactive Plus	AC=MS:1001251;NT=Trypsin	Jurkat_F10.raw	ftp://massive-ftp.ucsd.edu/v06/MSV000093644/library/Human_Immune_Cell_DDA/Jurkat/Jurkat_F10.raw	MASSIVE	Jurkat T cell
PXD047742-Sample-65	Homo sapiens	blood	Jurkat T cell	Jurkat T cell	normal	normal	DDA library	not available	not available	not available	adult	not available	65	Jurkat T cell-DDAlibrary-65	2	11	proteomic profiling by mass spectrometry	data-dependent acquisition	AC=MS:1002038;NT=label free sample	Q-Exactive Plus	AC=MS:1001251;NT=Trypsin	Jurkat_F11.raw	ftp://massive-ftp.ucsd.edu/v06/MSV000093644/library/Human_Immune_Cell_DDA/Jurkat/Jurkat_F11.raw	MASSIVE	Jurkat T cell
PXD047742-Sample-65	Homo sapiens	blood	Jurkat T cell	Jurkat T cell	normal	normal	DDA library	not available	not available	not available	adult	not available	65	Jurkat T cell-DDAlibrary-65	2	12	proteomic profiling by mass spectrometry	data-dependent acquisition	AC=MS:1002038;NT=label free sample	Q-Exactive Plus	AC=MS:1001251;NT=Trypsin	Jurkat_F12.raw	ftp://massive-ftp.ucsd.edu/v06/MSV000093644/library/Human_Immune_Cell_DDA/Jurkat/Jurkat_F12.raw	MASSIVE	Jurkat T cell
PXD047742-Sample-66	Homo sapiens	blood	Molt-4 T lymphoblast	Molt-4 T lymphoblast	normal	normal	normal	not available	not available	not available	adult	not available	66	Molt-4 T lymphoblast-DDAlibrary-66	1	1	proteomic profiling by mass spectrometry	data-dependent acquisition	AC=MS:1002038;NT=label free sample	Orbitrap Exploris 240	AC=MS:1001251;NT=Trypsin	Molt-4_F1.raw	ftp://massive-ftp.ucsd.edu/v06/MSV000093644/raw/Molt-4_F1.raw	MASSIVE	Molt-4 T lymphoblast
PXD047742-Sample-66	Homo sapiens	blood	Molt-4 T lymphoblast	Molt-4 T lymphoblast	normal	normal	normal	not available	not available	not available	adult	not available	66	Molt-4 T lymphoblast-DDAlibrary-66	1	2	proteomic profiling by mass spectrometry	data-dependent acquisition	AC=MS:1002038;NT=label free sample	Orbitrap Exploris 240	AC=MS:1001251;NT=Trypsin	Molt-4_F2.raw	ftp://massive-ftp.ucsd.edu/v06/MSV000093644/raw/Molt-4_F2.raw	MASSIVE	Molt-4 T lymphoblast
PXD047742-Sample-66	Homo sapiens	blood	Molt-4 T lymphoblast	Molt-4 T lymphoblast	normal	normal	normal	not available	not available	not available	adult	not available	66	Molt-4 T lymphoblast-DDAlibrary-66	1	3	proteomic profiling by mass spectrometry	data-dependent acquisition	AC=MS:1002038;NT=label free sample	Orbitrap Exploris 240	AC=MS:1001251;NT=Trypsin	Molt-4_F3.raw	ftp://massive-ftp.ucsd.edu/v06/MSV000093644/raw/Molt-4_F3.raw	MASSIVE	Molt-4 T lymphoblast
PXD047742-Sample-66	Homo sapiens	blood	Molt-4 T lymphoblast	Molt-4 T lymphoblast	normal	normal	normal	not available	not available	not available	adult	not available	66	Molt-4 T lymphoblast-DDAlibrary-66	1	4	proteomic profiling by mass spectrometry	data-dependent acquisition	AC=MS:1002038;NT=label free sample	Orbitrap Exploris 240	AC=MS:1001251;NT=Trypsin	Molt-4_F4.raw	ftp://massive-ftp.ucsd.edu/v06/MSV000093644/raw/Molt-4_F4.raw	MASSIVE	Molt-4 T lymphoblast
PXD047742-Sample-66	Homo sapiens	blood	Molt-4 T lymphoblast	Molt-4 T lymphoblast	normal	normal	normal	not available	not available	not available	adult	not available	66	Molt-4 T lymphoblast-DDAlibrary-66	1	5	proteomic profiling by mass spectrometry	data-dependent acquisition	AC=MS:1002038;NT=label free sample	Orbitrap Exploris 240	AC=MS:1001251;NT=Trypsin	Molt-4_F5.raw	ftp://massive-ftp.ucsd.edu/v06/MSV000093644/raw/Molt-4_F5.raw	MASSIVE	Molt-4 T lymphoblast
PXD047742-Sample-66	Homo sapiens	blood	Molt-4 T lymphoblast	Molt-4 T lymphoblast	normal	normal	normal	not available	not available	not available	adult	not available	66	Molt-4 T lymphoblast-DDAlibrary-66	1	6	proteomic profiling by mass spectrometry	data-dependent acquisition	AC=MS:1002038;NT=label free sample	Orbitrap Exploris 240	AC=MS:1001251;NT=Trypsin	Molt-4_F6.raw	ftp://massive-ftp.ucsd.edu/v06/MSV000093644/raw/Molt-4_F6.raw	MASSIVE	Molt-4 T lymphoblast
PXD047742-Sample-66	Homo sapiens	blood	Molt-4 T lymphoblast	Molt-4 T lymphoblast	normal	normal	normal	not available	not available	not available	adult	not available	66	Molt-4 T lymphoblast-DDAlibrary-66	1	7	proteomic profiling by mass spectrometry	data-dependent acquisition	AC=MS:1002038;NT=label free sample	Orbitrap Exploris 240	AC=MS:1001251;NT=Trypsin	Molt-4_F7.raw	ftp://massive-ftp.ucsd.edu/v06/MSV000093644/raw/Molt-4_F7.raw	MASSIVE	Molt-4 T lymphoblast
PXD047742-Sample-66	Homo sapiens	blood	Molt-4 T lymphoblast	Molt-4 T lymphoblast	normal	normal	normal	not available	not available	not available	adult	not available	66	Molt-4 T lymphoblast-DDAlibrary-66	1	8	proteomic profiling by mass spectrometry	data-dependent acquisition	AC=MS:1002038;NT=label free sample	Orbitrap Exploris 240	AC=MS:1001251;NT=Trypsin	Molt-4_F8.raw	ftp://massive-ftp.ucsd.edu/v06/MSV000093644/raw/Molt-4_F8.raw	MASSIVE	Molt-4 T lymphoblast
PXD047742-Sample-66	Homo sapiens	blood	Molt-4 T lymphoblast	Molt-4 T lymphoblast	normal	normal	normal	not available	not available	not available	adult	not available	66	Molt-4 T lymphoblast-DDAlibrary-66	1	9	proteomic profiling by mass spectrometry	data-dependent acquisition	AC=MS:1002038;NT=label free sample	Orbitrap Exploris 240	AC=MS:1001251;NT=Trypsin	Molt-4_F9.raw	ftp://massive-ftp.ucsd.edu/v06/MSV000093644/raw/Molt-4_F9.raw	MASSIVE	Molt-4 T lymphoblast
PXD047742-Sample-66	Homo sapiens	blood	Molt-4 T lymphoblast	Molt-4 T lymphoblast	normal	normal	normal	not available	not available	not available	adult	not available	66	Molt-4 T lymphoblast-DDAlibrary-66	1	10	proteomic profiling by mass spectrometry	data-dependent acquisition	AC=MS:1002038;NT=label free sample	Orbitrap Exploris 240	AC=MS:1001251;NT=Trypsin	Molt-4_F10.raw	ftp://massive-ftp.ucsd.edu/v06/MSV000093644/raw/Molt-4_F10.raw	MASSIVE	Molt-4 T lymphoblast
PXD047742-Sample-66	Homo sapiens	blood	Molt-4 T lymphoblast	Molt-4 T lymphoblast	normal	normal	normal	not available	not available	not available	adult	not available	66	Molt-4 T lymphoblast-DDAlibrary-66	1	11	proteomic profiling by mass spectrometry	data-dependent acquisition	AC=MS:1002038;NT=label free sample	Orbitrap Exploris 240	AC=MS:1001251;NT=Trypsin	Molt-4_F11.raw	ftp://massive-ftp.ucsd.edu/v06/MSV000093644/raw/Molt-4_F11.raw	MASSIVE	Molt-4 T lymphoblast
PXD047742-Sample-66	Homo sapiens	blood	Molt-4 T lymphoblast	Molt-4 T lymphoblast	normal	normal	normal	not available	not available	not available	adult	not available	66	Molt-4 T lymphoblast-DDAlibrary-66	1	12	proteomic profiling by mass spectrometry	data-dependent acquisition	AC=MS:1002038;NT=label free sample	Orbitrap Exploris 240	AC=MS:1001251;NT=Trypsin	Molt-4_F12.raw	ftp://massive-ftp.ucsd.edu/v06/MSV000093644/raw/Molt-4_F12.raw	MASSIVE	Molt-4 T lymphoblast
PXD047742-Sample-66	Homo sapiens	blood	Molt-4 T lymphoblast	Molt-4 T lymphoblast	normal	normal	DDA library	not available	not available	not available	adult	not available	66	Molt-4 T lymphoblast-DDAlibrary-66	2	1	proteomic profiling by mass spectrometry	data-dependent acquisition	AC=MS:1002038;NT=label free sample	Q-Exactive Plus	AC=MS:1001251;NT=Trypsin	Molt-4_F1.raw	ftp://massive-ftp.ucsd.edu/v06/MSV000093644/library/Human_Immune_Cell_DDA/Molt-4/Molt-4_F1.raw	MASSIVE	Molt-4 T lymphoblast
PXD047742-Sample-66	Homo sapiens	blood	Molt-4 T lymphoblast	Molt-4 T lymphoblast	normal	normal	DDA library	not available	not available	not available	adult	not available	66	Molt-4 T lymphoblast-DDAlibrary-66	2	2	proteomic profiling by mass spectrometry	data-dependent acquisition	AC=MS:1002038;NT=label free sample	Q-Exactive Plus	AC=MS:1001251;NT=Trypsin	Molt-4_F2.raw	ftp://massive-ftp.ucsd.edu/v06/MSV000093644/library/Human_Immune_Cell_DDA/Molt-4/Molt-4_F2.raw	MASSIVE	Molt-4 T lymphoblast
PXD047742-Sample-66	Homo sapiens	blood	Molt-4 T lymphoblast	Molt-4 T lymphoblast	normal	normal	DDA library	not available	not available	not available	adult	not available	66	Molt-4 T lymphoblast-DDAlibrary-66	2	3	proteomic profiling by mass spectrometry	data-dependent acquisition	AC=MS:1002038;NT=label free sample	Q-Exactive Plus	AC=MS:1001251;NT=Trypsin	Molt-4_F3.raw	ftp://massive-ftp.ucsd.edu/v06/MSV000093644/library/Human_Immune_Cell_DDA/Molt-4/Molt-4_F3.raw	MASSIVE	Molt-4 T lymphoblast
PXD047742-Sample-66	Homo sapiens	blood	Molt-4 T lymphoblast	Molt-4 T lymphoblast	normal	normal	DDA library	not available	not available	not available	adult	not available	66	Molt-4 T lymphoblast-DDAlibrary-66	2	4	proteomic profiling by mass spectrometry	data-dependent acquisition	AC=MS:1002038;NT=label free sample	Q-Exactive Plus	AC=MS:1001251;NT=Trypsin	Molt-4_F4.raw	ftp://massive-ftp.ucsd.edu/v06/MSV000093644/library/Human_Immune_Cell_DDA/Molt-4/Molt-4_F4.raw	MASSIVE	Molt-4 T lymphoblast
PXD047742-Sample-66	Homo sapiens	blood	Molt-4 T lymphoblast	Molt-4 T lymphoblast	normal	normal	DDA library	not available	not available	not available	adult	not available	66	Molt-4 T lymphoblast-DDAlibrary-66	2	5	proteomic profiling by mass spectrometry	data-dependent acquisition	AC=MS:1002038;NT=label free sample	Q-Exactive Plus	AC=MS:1001251;NT=Trypsin	Molt-4_F5.raw	ftp://massive-ftp.ucsd.edu/v06/MSV000093644/library/Human_Immune_Cell_DDA/Molt-4/Molt-4_F5.raw	MASSIVE	Molt-4 T lymphoblast
PXD047742-Sample-66	Homo sapiens	blood	Molt-4 T lymphoblast	Molt-4 T lymphoblast	normal	normal	DDA library	not available	not available	not available	adult	not available	66	Molt-4 T lymphoblast-DDAlibrary-66	2	6	proteomic profiling by mass spectrometry	data-dependent acquisition	AC=MS:1002038;NT=label free sample	Q-Exactive Plus	AC=MS:1001251;NT=Trypsin	Molt-4_F6.raw	ftp://massive-ftp.ucsd.edu/v06/MSV000093644/library/Human_Immune_Cell_DDA/Molt-4/Molt-4_F6.raw	MASSIVE	Molt-4 T lymphoblast
PXD047742-Sample-66	Homo sapiens	blood	Molt-4 T lymphoblast	Molt-4 T lymphoblast	normal	normal	DDA library	not available	not available	not available	adult	not available	66	Molt-4 T lymphoblast-DDAlibrary-66	2	7	proteomic profiling by mass spectrometry	data-dependent acquisition	AC=MS:1002038;NT=label free sample	Q-Exactive Plus	AC=MS:1001251;NT=Trypsin	Molt-4_F7.raw	ftp://massive-ftp.ucsd.edu/v06/MSV000093644/library/Human_Immune_Cell_DDA/Molt-4/Molt-4_F7.raw	MASSIVE	Molt-4 T lymphoblast
PXD047742-Sample-66	Homo sapiens	blood	Molt-4 T lymphoblast	Molt-4 T lymphoblast	normal	normal	DDA library	not available	not available	not available	adult	not available	66	Molt-4 T lymphoblast-DDAlibrary-66	2	8	proteomic profiling by mass spectrometry	data-dependent acquisition	AC=MS:1002038;NT=label free sample	Q-Exactive Plus	AC=MS:1001251;NT=Trypsin	Molt-4_F8.raw	ftp://massive-ftp.ucsd.edu/v06/MSV000093644/library/Human_Immune_Cell_DDA/Molt-4/Molt-4_F8.raw	MASSIVE	Molt-4 T lymphoblast
PXD047742-Sample-66	Homo sapiens	blood	Molt-4 T lymphoblast	Molt-4 T lymphoblast	normal	normal	DDA library	not available	not available	not available	adult	not available	66	Molt-4 T lymphoblast-DDAlibrary-66	2	9	proteomic profiling by mass spectrometry	data-dependent acquisition	AC=MS:1002038;NT=label free sample	Q-Exactive Plus	AC=MS:1001251;NT=Trypsin	Molt-4_F9.raw	ftp://massive-ftp.ucsd.edu/v06/MSV000093644/library/Human_Immune_Cell_DDA/Molt-4/Molt-4_F9.raw	MASSIVE	Molt-4 T lymphoblast
PXD047742-Sample-66	Homo sapiens	blood	Molt-4 T lymphoblast	Molt-4 T lymphoblast	normal	normal	DDA library	not available	not available	not available	adult	not available	66	Molt-4 T lymphoblast-DDAlibrary-66	2	10	proteomic profiling by mass spectrometry	data-dependent acquisition	AC=MS:1002038;NT=label free sample	Q-Exactive Plus	AC=MS:1001251;NT=Trypsin	Molt-4_F10.raw	ftp://massive-ftp.ucsd.edu/v06/MSV000093644/library/Human_Immune_Cell_DDA/Molt-4/Molt-4_F10.raw	MASSIVE	Molt-4 T lymphoblast
PXD047742-Sample-66	Homo sapiens	blood	Molt-4 T lymphoblast	Molt-4 T lymphoblast	normal	normal	DDA library	not available	not available	not available	adult	not available	66	Molt-4 T lymphoblast-DDAlibrary-66	2	11	proteomic profiling by mass spectrometry	data-dependent acquisition	AC=MS:1002038;NT=label free sample	Q-Exactive Plus	AC=MS:1001251;NT=Trypsin	Molt-4_F11.raw	ftp://massive-ftp.ucsd.edu/v06/MSV000093644/library/Human_Immune_Cell_DDA/Molt-4/Molt-4_F11.raw	MASSIVE	Molt-4 T lymphoblast
PXD047742-Sample-66	Homo sapiens	blood	Molt-4 T lymphoblast	Molt-4 T lymphoblast	normal	normal	DDA library	not available	not available	not available	adult	not available	66	Molt-4 T lymphoblast-DDAlibrary-66	2	12	proteomic profiling by mass spectrometry	data-dependent acquisition	AC=MS:1002038;NT=label free sample	Q-Exactive Plus	AC=MS:1001251;NT=Trypsin	Molt-4_F12.raw	ftp://massive-ftp.ucsd.edu/v06/MSV000093644/library/Human_Immune_Cell_DDA/Molt-4/Molt-4_F12.raw	MASSIVE	Molt-4 T lymphoblast
PXD047742-Sample-67	Homo sapiens	blood	NK cell	NK cell	normal	normal	normal	not available	not available	not available	adult	not available	67	NK cell-DDAlibrary-67	1	1	proteomic profiling by mass spectrometry	data-dependent acquisition	AC=MS:1002038;NT=label free sample	Orbitrap Exploris 240	AC=MS:1001251;NT=Trypsin	NK_F1.raw	ftp://massive-ftp.ucsd.edu/v06/MSV000093644/raw/NK_F1.raw	MASSIVE	NK cell
PXD047742-Sample-67	Homo sapiens	blood	NK cell	NK cell	normal	normal	normal	not available	not available	not available	adult	not available	67	NK cell-DDAlibrary-67	1	2	proteomic profiling by mass spectrometry	data-dependent acquisition	AC=MS:1002038;NT=label free sample	Orbitrap Exploris 240	AC=MS:1001251;NT=Trypsin	NK_F2.raw	ftp://massive-ftp.ucsd.edu/v06/MSV000093644/raw/NK_F2.raw	MASSIVE	NK cell
PXD047742-Sample-67	Homo sapiens	blood	NK cell	NK cell	normal	normal	normal	not available	not available	not available	adult	not available	67	NK cell-DDAlibrary-67	1	3	proteomic profiling by mass spectrometry	data-dependent acquisition	AC=MS:1002038;NT=label free sample	Orbitrap Exploris 240	AC=MS:1001251;NT=Trypsin	NK_F3.raw	ftp://massive-ftp.ucsd.edu/v06/MSV000093644/raw/NK_F3.raw	MASSIVE	NK cell
PXD047742-Sample-67	Homo sapiens	blood	NK cell	NK cell	normal	normal	normal	not available	not available	not available	adult	not available	67	NK cell-DDAlibrary-67	1	4	proteomic profiling by mass spectrometry	data-dependent acquisition	AC=MS:1002038;NT=label free sample	Orbitrap Exploris 240	AC=MS:1001251;NT=Trypsin	NK_F4.raw	ftp://massive-ftp.ucsd.edu/v06/MSV000093644/raw/NK_F4.raw	MASSIVE	NK cell
PXD047742-Sample-67	Homo sapiens	blood	NK cell	NK cell	normal	normal	normal	not available	not available	not available	adult	not available	67	NK cell-DDAlibrary-67	1	5	proteomic profiling by mass spectrometry	data-dependent acquisition	AC=MS:1002038;NT=label free sample	Orbitrap Exploris 240	AC=MS:1001251;NT=Trypsin	NK_F5.raw	ftp://massive-ftp.ucsd.edu/v06/MSV000093644/raw/NK_F5.raw	MASSIVE	NK cell
PXD047742-Sample-67	Homo sapiens	blood	NK cell	NK cell	normal	normal	normal	not available	not available	not available	adult	not available	67	NK cell-DDAlibrary-67	1	6	proteomic profiling by mass spectrometry	data-dependent acquisition	AC=MS:1002038;NT=label free sample	Orbitrap Exploris 240	AC=MS:1001251;NT=Trypsin	NK_F6.raw	ftp://massive-ftp.ucsd.edu/v06/MSV000093644/raw/NK_F6.raw	MASSIVE	NK cell
PXD047742-Sample-67	Homo sapiens	blood	NK cell	NK cell	normal	normal	normal	not available	not available	not available	adult	not available	67	NK cell-DDAlibrary-67	1	7	proteomic profiling by mass spectrometry	data-dependent acquisition	AC=MS:1002038;NT=label free sample	Orbitrap Exploris 240	AC=MS:1001251;NT=Trypsin	NK_F7.raw	ftp://massive-ftp.ucsd.edu/v06/MSV000093644/raw/NK_F7.raw	MASSIVE	NK cell
PXD047742-Sample-67	Homo sapiens	blood	NK cell	NK cell	normal	normal	normal	not available	not available	not available	adult	not available	67	NK cell-DDAlibrary-67	1	8	proteomic profiling by mass spectrometry	data-dependent acquisition	AC=MS:1002038;NT=label free sample	Orbitrap Exploris 240	AC=MS:1001251;NT=Trypsin	NK_F8.raw	ftp://massive-ftp.ucsd.edu/v06/MSV000093644/raw/NK_F8.raw	MASSIVE	NK cell
PXD047742-Sample-67	Homo sapiens	blood	NK cell	NK cell	normal	normal	normal	not available	not available	not available	adult	not available	67	NK cell-DDAlibrary-67	1	9	proteomic profiling by mass spectrometry	data-dependent acquisition	AC=MS:1002038;NT=label free sample	Orbitrap Exploris 240	AC=MS:1001251;NT=Trypsin	NK_F9.raw	ftp://massive-ftp.ucsd.edu/v06/MSV000093644/raw/NK_F9.raw	MASSIVE	NK cell
PXD047742-Sample-67	Homo sapiens	blood	NK cell	NK cell	normal	normal	normal	not available	not available	not available	adult	not available	67	NK cell-DDAlibrary-67	1	10	proteomic profiling by mass spectrometry	data-dependent acquisition	AC=MS:1002038;NT=label free sample	Orbitrap Exploris 240	AC=MS:1001251;NT=Trypsin	NK_F10.raw	ftp://massive-ftp.ucsd.edu/v06/MSV000093644/raw/NK_F10.raw	MASSIVE	NK cell
PXD047742-Sample-67	Homo sapiens	blood	NK cell	NK cell	normal	normal	normal	not available	not available	not available	adult	not available	67	NK cell-DDAlibrary-67	1	11	proteomic profiling by mass spectrometry	data-dependent acquisition	AC=MS:1002038;NT=label free sample	Orbitrap Exploris 240	AC=MS:1001251;NT=Trypsin	NK_F11.raw	ftp://massive-ftp.ucsd.edu/v06/MSV000093644/raw/NK_F11.raw	MASSIVE	NK cell
PXD047742-Sample-67	Homo sapiens	blood	NK cell	NK cell	normal	normal	normal	not available	not available	not available	adult	not available	67	NK cell-DDAlibrary-67	1	12	proteomic profiling by mass spectrometry	data-dependent acquisition	AC=MS:1002038;NT=label free sample	Orbitrap Exploris 240	AC=MS:1001251;NT=Trypsin	NK_F12.raw	ftp://massive-ftp.ucsd.edu/v06/MSV000093644/raw/NK_F12.raw	MASSIVE	NK cell
PXD047742-Sample-67	Homo sapiens	blood	NK cell	NK cell	normal	normal	normal	not available	not available	not available	adult	not available	67	NK cell-DDAlibrary-67	1	13	proteomic profiling by mass spectrometry	data-dependent acquisition	AC=MS:1002038;NT=label free sample	Orbitrap Exploris 240	AC=MS:1001251;NT=Trypsin	NK_F13.raw	ftp://massive-ftp.ucsd.edu/v06/MSV000093644/raw/NK_F13.raw	MASSIVE	NK cell
PXD047742-Sample-67	Homo sapiens	blood	NK cell	NK cell	normal	normal	normal	not available	not available	not available	adult	not available	67	NK cell-DDAlibrary-67	1	14	proteomic profiling by mass spectrometry	data-dependent acquisition	AC=MS:1002038;NT=label free sample	Orbitrap Exploris 240	AC=MS:1001251;NT=Trypsin	NK_F14.raw	ftp://massive-ftp.ucsd.edu/v06/MSV000093644/raw/NK_F14.raw	MASSIVE	NK cell
PXD047742-Sample-67	Homo sapiens	blood	NK cell	NK cell	normal	normal	normal	not available	not available	not available	adult	not available	67	NK cell-DDAlibrary-67	1	15	proteomic profiling by mass spectrometry	data-dependent acquisition	AC=MS:1002038;NT=label free sample	Orbitrap Exploris 240	AC=MS:1001251;NT=Trypsin	NK_F15.raw	ftp://massive-ftp.ucsd.edu/v06/MSV000093644/raw/NK_F15.raw	MASSIVE	NK cell
PXD047742-Sample-67	Homo sapiens	blood	NK cell	NK cell	normal	normal	normal	not available	not available	not available	adult	not available	67	NK cell-DDAlibrary-67	1	16	proteomic profiling by mass spectrometry	data-dependent acquisition	AC=MS:1002038;NT=label free sample	Orbitrap Exploris 240	AC=MS:1001251;NT=Trypsin	NK_F16.raw	ftp://massive-ftp.ucsd.edu/v06/MSV000093644/raw/NK_F16.raw	MASSIVE	NK cell
PXD047742-Sample-67	Homo sapiens	blood	NK cell	NK cell	normal	normal	normal	not available	not available	not available	adult	not available	67	NK cell-DDAlibrary-67	1	17	proteomic profiling by mass spectrometry	data-dependent acquisition	AC=MS:1002038;NT=label free sample	Orbitrap Exploris 240	AC=MS:1001251;NT=Trypsin	NK_F17.raw	ftp://massive-ftp.ucsd.edu/v06/MSV000093644/raw/NK_F17.raw	MASSIVE	NK cell
PXD047742-Sample-67	Homo sapiens	blood	NK cell	NK cell	normal	normal	normal	not available	not available	not available	adult	not available	67	NK cell-DDAlibrary-67	1	18	proteomic profiling by mass spectrometry	data-dependent acquisition	AC=MS:1002038;NT=label free sample	Orbitrap Exploris 240	AC=MS:1001251;NT=Trypsin	NK_F18.raw	ftp://massive-ftp.ucsd.edu/v06/MSV000093644/raw/NK_F18.raw	MASSIVE	NK cell
PXD047742-Sample-67	Homo sapiens	blood	NK cell	NK cell	normal	normal	normal	not available	not available	not available	adult	not available	67	NK cell-DDAlibrary-67	1	19	proteomic profiling by mass spectrometry	data-dependent acquisition	AC=MS:1002038;NT=label free sample	Orbitrap Exploris 240	AC=MS:1001251;NT=Trypsin	NK_F19.raw	ftp://massive-ftp.ucsd.edu/v06/MSV000093644/raw/NK_F19.raw	MASSIVE	NK cell
PXD047742-Sample-67	Homo sapiens	blood	NK cell	NK cell	normal	normal	normal	not available	not available	not available	adult	not available	67	NK cell-DDAlibrary-67	1	20	proteomic profiling by mass spectrometry	data-dependent acquisition	AC=MS:1002038;NT=label free sample	Orbitrap Exploris 240	AC=MS:1001251;NT=Trypsin	NK_F20.raw	ftp://massive-ftp.ucsd.edu/v06/MSV000093644/raw/NK_F20.raw	MASSIVE	NK cell
PXD047742-Sample-67	Homo sapiens	blood	NK cell	NK cell	normal	normal	normal	not available	not available	not available	adult	not available	67	NK cell-DDAlibrary-67	1	21	proteomic profiling by mass spectrometry	data-dependent acquisition	AC=MS:1002038;NT=label free sample	Orbitrap Exploris 240	AC=MS:1001251;NT=Trypsin	NK_F21.raw	ftp://massive-ftp.ucsd.edu/v06/MSV000093644/raw/NK_F21.raw	MASSIVE	NK cell
PXD047742-Sample-67	Homo sapiens	blood	NK cell	NK cell	normal	normal	normal	not available	not available	not available	adult	not available	67	NK cell-DDAlibrary-67	1	22	proteomic profiling by mass spectrometry	data-dependent acquisition	AC=MS:1002038;NT=label free sample	Orbitrap Exploris 240	AC=MS:1001251;NT=Trypsin	NK_F22.raw	ftp://massive-ftp.ucsd.edu/v06/MSV000093644/raw/NK_F22.raw	MASSIVE	NK cell
PXD047742-Sample-67	Homo sapiens	blood	NK cell	NK cell	normal	normal	normal	not available	not available	not available	adult	not available	67	NK cell-DDAlibrary-67	1	23	proteomic profiling by mass spectrometry	data-dependent acquisition	AC=MS:1002038;NT=label free sample	Orbitrap Exploris 240	AC=MS:1001251;NT=Trypsin	NK_F23.raw	ftp://massive-ftp.ucsd.edu/v06/MSV000093644/raw/NK_F23.raw	MASSIVE	NK cell
PXD047742-Sample-67	Homo sapiens	blood	NK cell	NK cell	normal	normal	normal	not available	not available	not available	adult	not available	67	NK cell-DDAlibrary-67	1	24	proteomic profiling by mass spectrometry	data-dependent acquisition	AC=MS:1002038;NT=label free sample	Orbitrap Exploris 240	AC=MS:1001251;NT=Trypsin	NK_F24.raw	ftp://massive-ftp.ucsd.edu/v06/MSV000093644/raw/NK_F24.raw	MASSIVE	NK cell
PXD047742-Sample-67	Homo sapiens	blood	NK cell	NK cell	normal	normal	DDA library	not available	not available	not available	adult	not available	67	NK cell-DDAlibrary-67	2	1	proteomic profiling by mass spectrometry	data-dependent acquisition	AC=MS:1002038;NT=label free sample	Orbitrap Exploris 240	AC=MS:1001251;NT=Trypsin	NK_F1.raw	ftp://massive-ftp.ucsd.edu/v06/MSV000093644/library/Human_Immune_Cell_DDA/NK%20cell/NK_F1.raw	MASSIVE	NK cell
PXD047742-Sample-67	Homo sapiens	blood	NK cell	NK cell	normal	normal	DDA library	not available	not available	not available	adult	not available	67	NK cell-DDAlibrary-67	2	2	proteomic profiling by mass spectrometry	data-dependent acquisition	AC=MS:1002038;NT=label free sample	Orbitrap Exploris 240	AC=MS:1001251;NT=Trypsin	NK_F2.raw	ftp://massive-ftp.ucsd.edu/v06/MSV000093644/library/Human_Immune_Cell_DDA/NK%20cell/NK_F2.raw	MASSIVE	NK cell
PXD047742-Sample-67	Homo sapiens	blood	NK cell	NK cell	normal	normal	DDA library	not available	not available	not available	adult	not available	67	NK cell-DDAlibrary-67	2	3	proteomic profiling by mass spectrometry	data-dependent acquisition	AC=MS:1002038;NT=label free sample	Orbitrap Exploris 240	AC=MS:1001251;NT=Trypsin	NK_F3.raw	ftp://massive-ftp.ucsd.edu/v06/MSV000093644/library/Human_Immune_Cell_DDA/NK%20cell/NK_F3.raw	MASSIVE	NK cell
PXD047742-Sample-67	Homo sapiens	blood	NK cell	NK cell	normal	normal	DDA library	not available	not available	not available	adult	not available	67	NK cell-DDAlibrary-67	2	4	proteomic profiling by mass spectrometry	data-dependent acquisition	AC=MS:1002038;NT=label free sample	Orbitrap Exploris 240	AC=MS:1001251;NT=Trypsin	NK_F4.raw	ftp://massive-ftp.ucsd.edu/v06/MSV000093644/library/Human_Immune_Cell_DDA/NK%20cell/NK_F4.raw	MASSIVE	NK cell
PXD047742-Sample-67	Homo sapiens	blood	NK cell	NK cell	normal	normal	DDA library	not available	not available	not available	adult	not available	67	NK cell-DDAlibrary-67	2	5	proteomic profiling by mass spectrometry	data-dependent acquisition	AC=MS:1002038;NT=label free sample	Orbitrap Exploris 240	AC=MS:1001251;NT=Trypsin	NK_F5.raw	ftp://massive-ftp.ucsd.edu/v06/MSV000093644/library/Human_Immune_Cell_DDA/NK%20cell/NK_F5.raw	MASSIVE	NK cell
PXD047742-Sample-67	Homo sapiens	blood	NK cell	NK cell	normal	normal	DDA library	not available	not available	not available	adult	not available	67	NK cell-DDAlibrary-67	2	6	proteomic profiling by mass spectrometry	data-dependent acquisition	AC=MS:1002038;NT=label free sample	Orbitrap Exploris 240	AC=MS:1001251;NT=Trypsin	NK_F6.raw	ftp://massive-ftp.ucsd.edu/v06/MSV000093644/library/Human_Immune_Cell_DDA/NK%20cell/NK_F6.raw	MASSIVE	NK cell
PXD047742-Sample-67	Homo sapiens	blood	NK cell	NK cell	normal	normal	DDA library	not available	not available	not available	adult	not available	67	NK cell-DDAlibrary-67	2	7	proteomic profiling by mass spectrometry	data-dependent acquisition	AC=MS:1002038;NT=label free sample	Orbitrap Exploris 240	AC=MS:1001251;NT=Trypsin	NK_F7.raw	ftp://massive-ftp.ucsd.edu/v06/MSV000093644/library/Human_Immune_Cell_DDA/NK%20cell/NK_F7.raw	MASSIVE	NK cell
PXD047742-Sample-67	Homo sapiens	blood	NK cell	NK cell	normal	normal	DDA library	not available	not available	not available	adult	not available	67	NK cell-DDAlibrary-67	2	8	proteomic profiling by mass spectrometry	data-dependent acquisition	AC=MS:1002038;NT=label free sample	Orbitrap Exploris 240	AC=MS:1001251;NT=Trypsin	NK_F8.raw	ftp://massive-ftp.ucsd.edu/v06/MSV000093644/library/Human_Immune_Cell_DDA/NK%20cell/NK_F8.raw	MASSIVE	NK cell
PXD047742-Sample-67	Homo sapiens	blood	NK cell	NK cell	normal	normal	DDA library	not available	not available	not available	adult	not available	67	NK cell-DDAlibrary-67	2	9	proteomic profiling by mass spectrometry	data-dependent acquisition	AC=MS:1002038;NT=label free sample	Orbitrap Exploris 240	AC=MS:1001251;NT=Trypsin	NK_F9.raw	ftp://massive-ftp.ucsd.edu/v06/MSV000093644/library/Human_Immune_Cell_DDA/NK%20cell/NK_F9.raw	MASSIVE	NK cell
PXD047742-Sample-67	Homo sapiens	blood	NK cell	NK cell	normal	normal	DDA library	not available	not available	not available	adult	not available	67	NK cell-DDAlibrary-67	2	10	proteomic profiling by mass spectrometry	data-dependent acquisition	AC=MS:1002038;NT=label free sample	Orbitrap Exploris 240	AC=MS:1001251;NT=Trypsin	NK_F10.raw	ftp://massive-ftp.ucsd.edu/v06/MSV000093644/library/Human_Immune_Cell_DDA/NK%20cell/NK_F10.raw	MASSIVE	NK cell
PXD047742-Sample-67	Homo sapiens	blood	NK cell	NK cell	normal	normal	DDA library	not available	not available	not available	adult	not available	67	NK cell-DDAlibrary-67	2	11	proteomic profiling by mass spectrometry	data-dependent acquisition	AC=MS:1002038;NT=label free sample	Orbitrap Exploris 240	AC=MS:1001251;NT=Trypsin	NK_F11.raw	ftp://massive-ftp.ucsd.edu/v06/MSV000093644/library/Human_Immune_Cell_DDA/NK%20cell/NK_F11.raw	MASSIVE	NK cell
PXD047742-Sample-67	Homo sapiens	blood	NK cell	NK cell	normal	normal	DDA library	not available	not available	not available	adult	not available	67	NK cell-DDAlibrary-67	2	12	proteomic profiling by mass spectrometry	data-dependent acquisition	AC=MS:1002038;NT=label free sample	Orbitrap Exploris 240	AC=MS:1001251;NT=Trypsin	NK_F12.raw	ftp://massive-ftp.ucsd.edu/v06/MSV000093644/library/Human_Immune_Cell_DDA/NK%20cell/NK_F12.raw	MASSIVE	NK cell
PXD047742-Sample-67	Homo sapiens	blood	NK cell	NK cell	normal	normal	DDA library	not available	not available	not available	adult	not available	67	NK cell-DDAlibrary-67	2	13	proteomic profiling by mass spectrometry	data-dependent acquisition	AC=MS:1002038;NT=label free sample	Orbitrap Exploris 240	AC=MS:1001251;NT=Trypsin	NK_F13.raw	ftp://massive-ftp.ucsd.edu/v06/MSV000093644/library/Human_Immune_Cell_DDA/NK%20cell/NK_F13.raw	MASSIVE	NK cell
PXD047742-Sample-67	Homo sapiens	blood	NK cell	NK cell	normal	normal	DDA library	not available	not available	not available	adult	not available	67	NK cell-DDAlibrary-67	2	14	proteomic profiling by mass spectrometry	data-dependent acquisition	AC=MS:1002038;NT=label free sample	Orbitrap Exploris 240	AC=MS:1001251;NT=Trypsin	NK_F14.raw	ftp://massive-ftp.ucsd.edu/v06/MSV000093644/library/Human_Immune_Cell_DDA/NK%20cell/NK_F14.raw	MASSIVE	NK cell
PXD047742-Sample-67	Homo sapiens	blood	NK cell	NK cell	normal	normal	DDA library	not available	not available	not available	adult	not available	67	NK cell-DDAlibrary-67	2	15	proteomic profiling by mass spectrometry	data-dependent acquisition	AC=MS:1002038;NT=label free sample	Orbitrap Exploris 240	AC=MS:1001251;NT=Trypsin	NK_F15.raw	ftp://massive-ftp.ucsd.edu/v06/MSV000093644/library/Human_Immune_Cell_DDA/NK%20cell/NK_F15.raw	MASSIVE	NK cell
PXD047742-Sample-67	Homo sapiens	blood	NK cell	NK cell	normal	normal	DDA library	not available	not available	not available	adult	not available	67	NK cell-DDAlibrary-67	2	16	proteomic profiling by mass spectrometry	data-dependent acquisition	AC=MS:1002038;NT=label free sample	Orbitrap Exploris 240	AC=MS:1001251;NT=Trypsin	NK_F16.raw	ftp://massive-ftp.ucsd.edu/v06/MSV000093644/library/Human_Immune_Cell_DDA/NK%20cell/NK_F16.raw	MASSIVE	NK cell
PXD047742-Sample-67	Homo sapiens	blood	NK cell	NK cell	normal	normal	DDA library	not available	not available	not available	adult	not available	67	NK cell-DDAlibrary-67	2	17	proteomic profiling by mass spectrometry	data-dependent acquisition	AC=MS:1002038;NT=label free sample	Orbitrap Exploris 240	AC=MS:1001251;NT=Trypsin	NK_F17.raw	ftp://massive-ftp.ucsd.edu/v06/MSV000093644/library/Human_Immune_Cell_DDA/NK%20cell/NK_F17.raw	MASSIVE	NK cell
PXD047742-Sample-67	Homo sapiens	blood	NK cell	NK cell	normal	normal	DDA library	not available	not available	not available	adult	not available	67	NK cell-DDAlibrary-67	2	18	proteomic profiling by mass spectrometry	data-dependent acquisition	AC=MS:1002038;NT=label free sample	Orbitrap Exploris 240	AC=MS:1001251;NT=Trypsin	NK_F18.raw	ftp://massive-ftp.ucsd.edu/v06/MSV000093644/library/Human_Immune_Cell_DDA/NK%20cell/NK_F18.raw	MASSIVE	NK cell
PXD047742-Sample-67	Homo sapiens	blood	NK cell	NK cell	normal	normal	DDA library	not available	not available	not available	adult	not available	67	NK cell-DDAlibrary-67	2	19	proteomic profiling by mass spectrometry	data-dependent acquisition	AC=MS:1002038;NT=label free sample	Orbitrap Exploris 240	AC=MS:1001251;NT=Trypsin	NK_F19.raw	ftp://massive-ftp.ucsd.edu/v06/MSV000093644/library/Human_Immune_Cell_DDA/NK%20cell/NK_F19.raw	MASSIVE	NK cell
PXD047742-Sample-67	Homo sapiens	blood	NK cell	NK cell	normal	normal	DDA library	not available	not available	not available	adult	not available	67	NK cell-DDAlibrary-67	2	20	proteomic profiling by mass spectrometry	data-dependent acquisition	AC=MS:1002038;NT=label free sample	Orbitrap Exploris 240	AC=MS:1001251;NT=Trypsin	NK_F20.raw	ftp://massive-ftp.ucsd.edu/v06/MSV000093644/library/Human_Immune_Cell_DDA/NK%20cell/NK_F20.raw	MASSIVE	NK cell
PXD047742-Sample-67	Homo sapiens	blood	NK cell	NK cell	normal	normal	DDA library	not available	not available	not available	adult	not available	67	NK cell-DDAlibrary-67	2	21	proteomic profiling by mass spectrometry	data-dependent acquisition	AC=MS:1002038;NT=label free sample	Orbitrap Exploris 240	AC=MS:1001251;NT=Trypsin	NK_F21.raw	ftp://massive-ftp.ucsd.edu/v06/MSV000093644/library/Human_Immune_Cell_DDA/NK%20cell/NK_F21.raw	MASSIVE	NK cell
PXD047742-Sample-67	Homo sapiens	blood	NK cell	NK cell	normal	normal	DDA library	not available	not available	not available	adult	not available	67	NK cell-DDAlibrary-67	2	22	proteomic profiling by mass spectrometry	data-dependent acquisition	AC=MS:1002038;NT=label free sample	Orbitrap Exploris 240	AC=MS:1001251;NT=Trypsin	NK_F22.raw	ftp://massive-ftp.ucsd.edu/v06/MSV000093644/library/Human_Immune_Cell_DDA/NK%20cell/NK_F22.raw	MASSIVE	NK cell
PXD047742-Sample-67	Homo sapiens	blood	NK cell	NK cell	normal	normal	DDA library	not available	not available	not available	adult	not available	67	NK cell-DDAlibrary-67	2	23	proteomic profiling by mass spectrometry	data-dependent acquisition	AC=MS:1002038;NT=label free sample	Orbitrap Exploris 240	AC=MS:1001251;NT=Trypsin	NK_F23.raw	ftp://massive-ftp.ucsd.edu/v06/MSV000093644/library/Human_Immune_Cell_DDA/NK%20cell/NK_F23.raw	MASSIVE	NK cell
PXD047742-Sample-67	Homo sapiens	blood	NK cell	NK cell	normal	normal	DDA library	not available	not available	not available	adult	not available	67	NK cell-DDAlibrary-67	2	24	proteomic profiling by mass spectrometry	data-dependent acquisition	AC=MS:1002038;NT=label free sample	Orbitrap Exploris 240	AC=MS:1001251;NT=Trypsin	NK_F24.raw	ftp://massive-ftp.ucsd.edu/v06/MSV000093644/library/Human_Immune_Cell_DDA/NK%20cell/NK_F24.raw	MASSIVE	NK cell
PXD047742-Sample-68	Homo sapiens	blood	Peripheral Blood Mononuclear Cell	Peripheral Blood Mononuclear Cell	normal	normal	normal	not available	not available	not available	adult	not available	68	Peripheral Blood Mononuclear Cell-DDAlibrary-68	1	1	proteomic profiling by mass spectrometry	data-dependent acquisition	AC=MS:1002038;NT=label free sample	Orbitrap Exploris 240	AC=MS:1001251;NT=Trypsin	PBMC_F1.raw	ftp://massive-ftp.ucsd.edu/v06/MSV000093644/raw/PBMC_F1.raw	MASSIVE	Peripheral Blood Mononuclear Cell
PXD047742-Sample-68	Homo sapiens	blood	Peripheral Blood Mononuclear Cell	Peripheral Blood Mononuclear Cell	normal	normal	normal	not available	not available	not available	adult	not available	68	Peripheral Blood Mononuclear Cell-DDAlibrary-68	1	2	proteomic profiling by mass spectrometry	data-dependent acquisition	AC=MS:1002038;NT=label free sample	Orbitrap Exploris 240	AC=MS:1001251;NT=Trypsin	PBMC_F2.raw	ftp://massive-ftp.ucsd.edu/v06/MSV000093644/raw/PBMC_F2.raw	MASSIVE	Peripheral Blood Mononuclear Cell
PXD047742-Sample-68	Homo sapiens	blood	Peripheral Blood Mononuclear Cell	Peripheral Blood Mononuclear Cell	normal	normal	normal	not available	not available	not available	adult	not available	68	Peripheral Blood Mononuclear Cell-DDAlibrary-68	1	3	proteomic profiling by mass spectrometry	data-dependent acquisition	AC=MS:1002038;NT=label free sample	Orbitrap Exploris 240	AC=MS:1001251;NT=Trypsin	PBMC_F3.raw	ftp://massive-ftp.ucsd.edu/v06/MSV000093644/raw/PBMC_F3.raw	MASSIVE	Peripheral Blood Mononuclear Cell
PXD047742-Sample-68	Homo sapiens	blood	Peripheral Blood Mononuclear Cell	Peripheral Blood Mononuclear Cell	normal	normal	normal	not available	not available	not available	adult	not available	68	Peripheral Blood Mononuclear Cell-DDAlibrary-68	1	4	proteomic profiling by mass spectrometry	data-dependent acquisition	AC=MS:1002038;NT=label free sample	Orbitrap Exploris 240	AC=MS:1001251;NT=Trypsin	PBMC_F4.raw	ftp://massive-ftp.ucsd.edu/v06/MSV000093644/raw/PBMC_F4.raw	MASSIVE	Peripheral Blood Mononuclear Cell
PXD047742-Sample-68	Homo sapiens	blood	Peripheral Blood Mononuclear Cell	Peripheral Blood Mononuclear Cell	normal	normal	normal	not available	not available	not available	adult	not available	68	Peripheral Blood Mononuclear Cell-DDAlibrary-68	1	5	proteomic profiling by mass spectrometry	data-dependent acquisition	AC=MS:1002038;NT=label free sample	Orbitrap Exploris 240	AC=MS:1001251;NT=Trypsin	PBMC_F5.raw	ftp://massive-ftp.ucsd.edu/v06/MSV000093644/raw/PBMC_F5.raw	MASSIVE	Peripheral Blood Mononuclear Cell
PXD047742-Sample-68	Homo sapiens	blood	Peripheral Blood Mononuclear Cell	Peripheral Blood Mononuclear Cell	normal	normal	normal	not available	not available	not available	adult	not available	68	Peripheral Blood Mononuclear Cell-DDAlibrary-68	1	6	proteomic profiling by mass spectrometry	data-dependent acquisition	AC=MS:1002038;NT=label free sample	Orbitrap Exploris 240	AC=MS:1001251;NT=Trypsin	PBMC_F6.raw	ftp://massive-ftp.ucsd.edu/v06/MSV000093644/raw/PBMC_F6.raw	MASSIVE	Peripheral Blood Mononuclear Cell
PXD047742-Sample-68	Homo sapiens	blood	Peripheral Blood Mononuclear Cell	Peripheral Blood Mononuclear Cell	normal	normal	normal	not available	not available	not available	adult	not available	68	Peripheral Blood Mononuclear Cell-DDAlibrary-68	1	7	proteomic profiling by mass spectrometry	data-dependent acquisition	AC=MS:1002038;NT=label free sample	Orbitrap Exploris 240	AC=MS:1001251;NT=Trypsin	PBMC_F7.raw	ftp://massive-ftp.ucsd.edu/v06/MSV000093644/raw/PBMC_F7.raw	MASSIVE	Peripheral Blood Mononuclear Cell
PXD047742-Sample-68	Homo sapiens	blood	Peripheral Blood Mononuclear Cell	Peripheral Blood Mononuclear Cell	normal	normal	normal	not available	not available	not available	adult	not available	68	Peripheral Blood Mononuclear Cell-DDAlibrary-68	1	8	proteomic profiling by mass spectrometry	data-dependent acquisition	AC=MS:1002038;NT=label free sample	Orbitrap Exploris 240	AC=MS:1001251;NT=Trypsin	PBMC_F8.raw	ftp://massive-ftp.ucsd.edu/v06/MSV000093644/raw/PBMC_F8.raw	MASSIVE	Peripheral Blood Mononuclear Cell
PXD047742-Sample-68	Homo sapiens	blood	Peripheral Blood Mononuclear Cell	Peripheral Blood Mononuclear Cell	normal	normal	normal	not available	not available	not available	adult	not available	68	Peripheral Blood Mononuclear Cell-DDAlibrary-68	1	9	proteomic profiling by mass spectrometry	data-dependent acquisition	AC=MS:1002038;NT=label free sample	Orbitrap Exploris 240	AC=MS:1001251;NT=Trypsin	PBMC_F9.raw	ftp://massive-ftp.ucsd.edu/v06/MSV000093644/raw/PBMC_F9.raw	MASSIVE	Peripheral Blood Mononuclear Cell
PXD047742-Sample-68	Homo sapiens	blood	Peripheral Blood Mononuclear Cell	Peripheral Blood Mononuclear Cell	normal	normal	normal	not available	not available	not available	adult	not available	68	Peripheral Blood Mononuclear Cell-DDAlibrary-68	1	10	proteomic profiling by mass spectrometry	data-dependent acquisition	AC=MS:1002038;NT=label free sample	Orbitrap Exploris 240	AC=MS:1001251;NT=Trypsin	PBMC_F10.raw	ftp://massive-ftp.ucsd.edu/v06/MSV000093644/raw/PBMC_F10.raw	MASSIVE	Peripheral Blood Mononuclear Cell
PXD047742-Sample-68	Homo sapiens	blood	Peripheral Blood Mononuclear Cell	Peripheral Blood Mononuclear Cell	normal	normal	normal	not available	not available	not available	adult	not available	68	Peripheral Blood Mononuclear Cell-DDAlibrary-68	1	11	proteomic profiling by mass spectrometry	data-dependent acquisition	AC=MS:1002038;NT=label free sample	Orbitrap Exploris 240	AC=MS:1001251;NT=Trypsin	PBMC_F11.raw	ftp://massive-ftp.ucsd.edu/v06/MSV000093644/raw/PBMC_F11.raw	MASSIVE	Peripheral Blood Mononuclear Cell
PXD047742-Sample-68	Homo sapiens	blood	Peripheral Blood Mononuclear Cell	Peripheral Blood Mononuclear Cell	normal	normal	normal	not available	not available	not available	adult	not available	68	Peripheral Blood Mononuclear Cell-DDAlibrary-68	1	12	proteomic profiling by mass spectrometry	data-dependent acquisition	AC=MS:1002038;NT=label free sample	Orbitrap Exploris 240	AC=MS:1001251;NT=Trypsin	PBMC_F12.raw	ftp://massive-ftp.ucsd.edu/v06/MSV000093644/raw/PBMC_F12.raw	MASSIVE	Peripheral Blood Mononuclear Cell
PXD047742-Sample-68	Homo sapiens	blood	Peripheral Blood Mononuclear Cell	Peripheral Blood Mononuclear Cell	normal	normal	DDA library	not available	not available	not available	adult	not available	68	Peripheral Blood Mononuclear Cell-DDAlibrary-68	2	1	proteomic profiling by mass spectrometry	data-dependent acquisition	AC=MS:1002038;NT=label free sample	Q-Exactive Plus	AC=MS:1001251;NT=Trypsin	PBMC_F1.raw	ftp://massive-ftp.ucsd.edu/v06/MSV000093644/library/Human_Immune_Cell_DDA/PBMC/PBMC_F1.raw	MASSIVE	Peripheral Blood Mononuclear Cell
PXD047742-Sample-68	Homo sapiens	blood	Peripheral Blood Mononuclear Cell	Peripheral Blood Mononuclear Cell	normal	normal	DDA library	not available	not available	not available	adult	not available	68	Peripheral Blood Mononuclear Cell-DDAlibrary-68	2	2	proteomic profiling by mass spectrometry	data-dependent acquisition	AC=MS:1002038;NT=label free sample	Q-Exactive Plus	AC=MS:1001251;NT=Trypsin	PBMC_F2.raw	ftp://massive-ftp.ucsd.edu/v06/MSV000093644/library/Human_Immune_Cell_DDA/PBMC/PBMC_F2.raw	MASSIVE	Peripheral Blood Mononuclear Cell
PXD047742-Sample-68	Homo sapiens	blood	Peripheral Blood Mononuclear Cell	Peripheral Blood Mononuclear Cell	normal	normal	DDA library	not available	not available	not available	adult	not available	68	Peripheral Blood Mononuclear Cell-DDAlibrary-68	2	3	proteomic profiling by mass spectrometry	data-dependent acquisition	AC=MS:1002038;NT=label free sample	Q-Exactive Plus	AC=MS:1001251;NT=Trypsin	PBMC_F3.raw	ftp://massive-ftp.ucsd.edu/v06/MSV000093644/library/Human_Immune_Cell_DDA/PBMC/PBMC_F3.raw	MASSIVE	Peripheral Blood Mononuclear Cell
PXD047742-Sample-68	Homo sapiens	blood	Peripheral Blood Mononuclear Cell	Peripheral Blood Mononuclear Cell	normal	normal	DDA library	not available	not available	not available	adult	not available	68	Peripheral Blood Mononuclear Cell-DDAlibrary-68	2	4	proteomic profiling by mass spectrometry	data-dependent acquisition	AC=MS:1002038;NT=label free sample	Q-Exactive Plus	AC=MS:1001251;NT=Trypsin	PBMC_F4.raw	ftp://massive-ftp.ucsd.edu/v06/MSV000093644/library/Human_Immune_Cell_DDA/PBMC/PBMC_F4.raw	MASSIVE	Peripheral Blood Mononuclear Cell
PXD047742-Sample-68	Homo sapiens	blood	Peripheral Blood Mononuclear Cell	Peripheral Blood Mononuclear Cell	normal	normal	DDA library	not available	not available	not available	adult	not available	68	Peripheral Blood Mononuclear Cell-DDAlibrary-68	2	5	proteomic profiling by mass spectrometry	data-dependent acquisition	AC=MS:1002038;NT=label free sample	Q-Exactive Plus	AC=MS:1001251;NT=Trypsin	PBMC_F5.raw	ftp://massive-ftp.ucsd.edu/v06/MSV000093644/library/Human_Immune_Cell_DDA/PBMC/PBMC_F5.raw	MASSIVE	Peripheral Blood Mononuclear Cell
PXD047742-Sample-68	Homo sapiens	blood	Peripheral Blood Mononuclear Cell	Peripheral Blood Mononuclear Cell	normal	normal	DDA library	not available	not available	not available	adult	not available	68	Peripheral Blood Mononuclear Cell-DDAlibrary-68	2	6	proteomic profiling by mass spectrometry	data-dependent acquisition	AC=MS:1002038;NT=label free sample	Q-Exactive Plus	AC=MS:1001251;NT=Trypsin	PBMC_F6.raw	ftp://massive-ftp.ucsd.edu/v06/MSV000093644/library/Human_Immune_Cell_DDA/PBMC/PBMC_F6.raw	MASSIVE	Peripheral Blood Mononuclear Cell
PXD047742-Sample-68	Homo sapiens	blood	Peripheral Blood Mononuclear Cell	Peripheral Blood Mononuclear Cell	normal	normal	DDA library	not available	not available	not available	adult	not available	68	Peripheral Blood Mononuclear Cell-DDAlibrary-68	2	7	proteomic profiling by mass spectrometry	data-dependent acquisition	AC=MS:1002038;NT=label free sample	Q-Exactive Plus	AC=MS:1001251;NT=Trypsin	PBMC_F7.raw	ftp://massive-ftp.ucsd.edu/v06/MSV000093644/library/Human_Immune_Cell_DDA/PBMC/PBMC_F7.raw	MASSIVE	Peripheral Blood Mononuclear Cell
PXD047742-Sample-68	Homo sapiens	blood	Peripheral Blood Mononuclear Cell	Peripheral Blood Mononuclear Cell	normal	normal	DDA library	not available	not available	not available	adult	not available	68	Peripheral Blood Mononuclear Cell-DDAlibrary-68	2	8	proteomic profiling by mass spectrometry	data-dependent acquisition	AC=MS:1002038;NT=label free sample	Q-Exactive Plus	AC=MS:1001251;NT=Trypsin	PBMC_F8.raw	ftp://massive-ftp.ucsd.edu/v06/MSV000093644/library/Human_Immune_Cell_DDA/PBMC/PBMC_F8.raw	MASSIVE	Peripheral Blood Mononuclear Cell
PXD047742-Sample-68	Homo sapiens	blood	Peripheral Blood Mononuclear Cell	Peripheral Blood Mononuclear Cell	normal	normal	DDA library	not available	not available	not available	adult	not available	68	Peripheral Blood Mononuclear Cell-DDAlibrary-68	2	9	proteomic profiling by mass spectrometry	data-dependent acquisition	AC=MS:1002038;NT=label free sample	Q-Exactive Plus	AC=MS:1001251;NT=Trypsin	PBMC_F9.raw	ftp://massive-ftp.ucsd.edu/v06/MSV000093644/library/Human_Immune_Cell_DDA/PBMC/PBMC_F9.raw	MASSIVE	Peripheral Blood Mononuclear Cell
PXD047742-Sample-68	Homo sapiens	blood	Peripheral Blood Mononuclear Cell	Peripheral Blood Mononuclear Cell	normal	normal	DDA library	not available	not available	not available	adult	not available	68	Peripheral Blood Mononuclear Cell-DDAlibrary-68	2	10	proteomic profiling by mass spectrometry	data-dependent acquisition	AC=MS:1002038;NT=label free sample	Q-Exactive Plus	AC=MS:1001251;NT=Trypsin	PBMC_F10.raw	ftp://massive-ftp.ucsd.edu/v06/MSV000093644/library/Human_Immune_Cell_DDA/PBMC/PBMC_F10.raw	MASSIVE	Peripheral Blood Mononuclear Cell
PXD047742-Sample-68	Homo sapiens	blood	Peripheral Blood Mononuclear Cell	Peripheral Blood Mononuclear Cell	normal	normal	DDA library	not available	not available	not available	adult	not available	68	Peripheral Blood Mononuclear Cell-DDAlibrary-68	2	11	proteomic profiling by mass spectrometry	data-dependent acquisition	AC=MS:1002038;NT=label free sample	Q-Exactive Plus	AC=MS:1001251;NT=Trypsin	PBMC_F11.raw	ftp://massive-ftp.ucsd.edu/v06/MSV000093644/library/Human_Immune_Cell_DDA/PBMC/PBMC_F11.raw	MASSIVE	Peripheral Blood Mononuclear Cell
PXD047742-Sample-68	Homo sapiens	blood	Peripheral Blood Mononuclear Cell	Peripheral Blood Mononuclear Cell	normal	normal	DDA library	not available	not available	not available	adult	not available	68	Peripheral Blood Mononuclear Cell-DDAlibrary-68	2	12	proteomic profiling by mass spectrometry	data-dependent acquisition	AC=MS:1002038;NT=label free sample	Q-Exactive Plus	AC=MS:1001251;NT=Trypsin	PBMC_F12.raw	ftp://massive-ftp.ucsd.edu/v06/MSV000093644/library/Human_Immune_Cell_DDA/PBMC/PBMC_F12.raw	MASSIVE	Peripheral Blood Mononuclear Cell
PXD047742-Sample-69	Homo sapiens	blood	Ramos B cell	Ramos B cell	normal	normal	normal	not available	not available	not available	adult	not available	69	Ramos B cell-DDAlibrary-69	1	1	proteomic profiling by mass spectrometry	data-dependent acquisition	AC=MS:1002038;NT=label free sample	Orbitrap Exploris 240	AC=MS:1001251;NT=Trypsin	Ramos_F1.raw	ftp://massive-ftp.ucsd.edu/v06/MSV000093644/raw/Ramos_F1.raw	MASSIVE	Ramos B cell
PXD047742-Sample-69	Homo sapiens	blood	Ramos B cell	Ramos B cell	normal	normal	normal	not available	not available	not available	adult	not available	69	Ramos B cell-DDAlibrary-69	1	2	proteomic profiling by mass spectrometry	data-dependent acquisition	AC=MS:1002038;NT=label free sample	Orbitrap Exploris 240	AC=MS:1001251;NT=Trypsin	Ramos_F2.raw	ftp://massive-ftp.ucsd.edu/v06/MSV000093644/raw/Ramos_F2.raw	MASSIVE	Ramos B cell
PXD047742-Sample-69	Homo sapiens	blood	Ramos B cell	Ramos B cell	normal	normal	normal	not available	not available	not available	adult	not available	69	Ramos B cell-DDAlibrary-69	1	3	proteomic profiling by mass spectrometry	data-dependent acquisition	AC=MS:1002038;NT=label free sample	Orbitrap Exploris 240	AC=MS:1001251;NT=Trypsin	Ramos_F3.raw	ftp://massive-ftp.ucsd.edu/v06/MSV000093644/raw/Ramos_F3.raw	MASSIVE	Ramos B cell
PXD047742-Sample-69	Homo sapiens	blood	Ramos B cell	Ramos B cell	normal	normal	normal	not available	not available	not available	adult	not available	69	Ramos B cell-DDAlibrary-69	1	4	proteomic profiling by mass spectrometry	data-dependent acquisition	AC=MS:1002038;NT=label free sample	Orbitrap Exploris 240	AC=MS:1001251;NT=Trypsin	Ramos_F4.raw	ftp://massive-ftp.ucsd.edu/v06/MSV000093644/raw/Ramos_F4.raw	MASSIVE	Ramos B cell
PXD047742-Sample-69	Homo sapiens	blood	Ramos B cell	Ramos B cell	normal	normal	normal	not available	not available	not available	adult	not available	69	Ramos B cell-DDAlibrary-69	1	5	proteomic profiling by mass spectrometry	data-dependent acquisition	AC=MS:1002038;NT=label free sample	Orbitrap Exploris 240	AC=MS:1001251;NT=Trypsin	Ramos_F5.raw	ftp://massive-ftp.ucsd.edu/v06/MSV000093644/raw/Ramos_F5.raw	MASSIVE	Ramos B cell
PXD047742-Sample-69	Homo sapiens	blood	Ramos B cell	Ramos B cell	normal	normal	normal	not available	not available	not available	adult	not available	69	Ramos B cell-DDAlibrary-69	1	6	proteomic profiling by mass spectrometry	data-dependent acquisition	AC=MS:1002038;NT=label free sample	Orbitrap Exploris 240	AC=MS:1001251;NT=Trypsin	Ramos_F6.raw	ftp://massive-ftp.ucsd.edu/v06/MSV000093644/raw/Ramos_F6.raw	MASSIVE	Ramos B cell
PXD047742-Sample-69	Homo sapiens	blood	Ramos B cell	Ramos B cell	normal	normal	normal	not available	not available	not available	adult	not available	69	Ramos B cell-DDAlibrary-69	1	7	proteomic profiling by mass spectrometry	data-dependent acquisition	AC=MS:1002038;NT=label free sample	Orbitrap Exploris 240	AC=MS:1001251;NT=Trypsin	Ramos_F7.raw	ftp://massive-ftp.ucsd.edu/v06/MSV000093644/raw/Ramos_F7.raw	MASSIVE	Ramos B cell
PXD047742-Sample-69	Homo sapiens	blood	Ramos B cell	Ramos B cell	normal	normal	normal	not available	not available	not available	adult	not available	69	Ramos B cell-DDAlibrary-69	1	8	proteomic profiling by mass spectrometry	data-dependent acquisition	AC=MS:1002038;NT=label free sample	Orbitrap Exploris 240	AC=MS:1001251;NT=Trypsin	Ramos_F8.raw	ftp://massive-ftp.ucsd.edu/v06/MSV000093644/raw/Ramos_F8.raw	MASSIVE	Ramos B cell
PXD047742-Sample-69	Homo sapiens	blood	Ramos B cell	Ramos B cell	normal	normal	normal	not available	not available	not available	adult	not available	69	Ramos B cell-DDAlibrary-69	1	9	proteomic profiling by mass spectrometry	data-dependent acquisition	AC=MS:1002038;NT=label free sample	Orbitrap Exploris 240	AC=MS:1001251;NT=Trypsin	Ramos_F9.raw	ftp://massive-ftp.ucsd.edu/v06/MSV000093644/raw/Ramos_F9.raw	MASSIVE	Ramos B cell
PXD047742-Sample-69	Homo sapiens	blood	Ramos B cell	Ramos B cell	normal	normal	normal	not available	not available	not available	adult	not available	69	Ramos B cell-DDAlibrary-69	1	10	proteomic profiling by mass spectrometry	data-dependent acquisition	AC=MS:1002038;NT=label free sample	Orbitrap Exploris 240	AC=MS:1001251;NT=Trypsin	Ramos_F10.raw	ftp://massive-ftp.ucsd.edu/v06/MSV000093644/raw/Ramos_F10.raw	MASSIVE	Ramos B cell
PXD047742-Sample-69	Homo sapiens	blood	Ramos B cell	Ramos B cell	normal	normal	normal	not available	not available	not available	adult	not available	69	Ramos B cell-DDAlibrary-69	1	11	proteomic profiling by mass spectrometry	data-dependent acquisition	AC=MS:1002038;NT=label free sample	Orbitrap Exploris 240	AC=MS:1001251;NT=Trypsin	Ramos_F11.raw	ftp://massive-ftp.ucsd.edu/v06/MSV000093644/raw/Ramos_F11.raw	MASSIVE	Ramos B cell
PXD047742-Sample-69	Homo sapiens	blood	Ramos B cell	Ramos B cell	normal	normal	normal	not available	not available	not available	adult	not available	69	Ramos B cell-DDAlibrary-69	1	12	proteomic profiling by mass spectrometry	data-dependent acquisition	AC=MS:1002038;NT=label free sample	Orbitrap Exploris 240	AC=MS:1001251;NT=Trypsin	Ramos_F12.raw	ftp://massive-ftp.ucsd.edu/v06/MSV000093644/raw/Ramos_F12.raw	MASSIVE	Ramos B cell
PXD047742-Sample-69	Homo sapiens	blood	Ramos B cell	Ramos B cell	normal	normal	DDA library	not available	not available	not available	adult	not available	69	Ramos B cell-DDAlibrary-69	2	1	proteomic profiling by mass spectrometry	data-dependent acquisition	AC=MS:1002038;NT=label free sample	Q-Exactive Plus	AC=MS:1001251;NT=Trypsin	Ramos_F1.raw	ftp://massive-ftp.ucsd.edu/v06/MSV000093644/library/Human_Immune_Cell_DDA/Ramos/Ramos_F1.raw	MASSIVE	Ramos B cell
PXD047742-Sample-69	Homo sapiens	blood	Ramos B cell	Ramos B cell	normal	normal	DDA library	not available	not available	not available	adult	not available	69	Ramos B cell-DDAlibrary-69	2	2	proteomic profiling by mass spectrometry	data-dependent acquisition	AC=MS:1002038;NT=label free sample	Q-Exactive Plus	AC=MS:1001251;NT=Trypsin	Ramos_F2.raw	ftp://massive-ftp.ucsd.edu/v06/MSV000093644/library/Human_Immune_Cell_DDA/Ramos/Ramos_F2.raw	MASSIVE	Ramos B cell
PXD047742-Sample-69	Homo sapiens	blood	Ramos B cell	Ramos B cell	normal	normal	DDA library	not available	not available	not available	adult	not available	69	Ramos B cell-DDAlibrary-69	2	3	proteomic profiling by mass spectrometry	data-dependent acquisition	AC=MS:1002038;NT=label free sample	Q-Exactive Plus	AC=MS:1001251;NT=Trypsin	Ramos_F3.raw	ftp://massive-ftp.ucsd.edu/v06/MSV000093644/library/Human_Immune_Cell_DDA/Ramos/Ramos_F3.raw	MASSIVE	Ramos B cell
PXD047742-Sample-69	Homo sapiens	blood	Ramos B cell	Ramos B cell	normal	normal	DDA library	not available	not available	not available	adult	not available	69	Ramos B cell-DDAlibrary-69	2	4	proteomic profiling by mass spectrometry	data-dependent acquisition	AC=MS:1002038;NT=label free sample	Q-Exactive Plus	AC=MS:1001251;NT=Trypsin	Ramos_F4.raw	ftp://massive-ftp.ucsd.edu/v06/MSV000093644/library/Human_Immune_Cell_DDA/Ramos/Ramos_F4.raw	MASSIVE	Ramos B cell
PXD047742-Sample-69	Homo sapiens	blood	Ramos B cell	Ramos B cell	normal	normal	DDA library	not available	not available	not available	adult	not available	69	Ramos B cell-DDAlibrary-69	2	5	proteomic profiling by mass spectrometry	data-dependent acquisition	AC=MS:1002038;NT=label free sample	Q-Exactive Plus	AC=MS:1001251;NT=Trypsin	Ramos_F5.raw	ftp://massive-ftp.ucsd.edu/v06/MSV000093644/library/Human_Immune_Cell_DDA/Ramos/Ramos_F5.raw	MASSIVE	Ramos B cell
PXD047742-Sample-69	Homo sapiens	blood	Ramos B cell	Ramos B cell	normal	normal	DDA library	not available	not available	not available	adult	not available	69	Ramos B cell-DDAlibrary-69	2	6	proteomic profiling by mass spectrometry	data-dependent acquisition	AC=MS:1002038;NT=label free sample	Q-Exactive Plus	AC=MS:1001251;NT=Trypsin	Ramos_F6.raw	ftp://massive-ftp.ucsd.edu/v06/MSV000093644/library/Human_Immune_Cell_DDA/Ramos/Ramos_F6.raw	MASSIVE	Ramos B cell
PXD047742-Sample-69	Homo sapiens	blood	Ramos B cell	Ramos B cell	normal	normal	DDA library	not available	not available	not available	adult	not available	69	Ramos B cell-DDAlibrary-69	2	7	proteomic profiling by mass spectrometry	data-dependent acquisition	AC=MS:1002038;NT=label free sample	Q-Exactive Plus	AC=MS:1001251;NT=Trypsin	Ramos_F7.raw	ftp://massive-ftp.ucsd.edu/v06/MSV000093644/library/Human_Immune_Cell_DDA/Ramos/Ramos_F7.raw	MASSIVE	Ramos B cell
PXD047742-Sample-69	Homo sapiens	blood	Ramos B cell	Ramos B cell	normal	normal	DDA library	not available	not available	not available	adult	not available	69	Ramos B cell-DDAlibrary-69	2	8	proteomic profiling by mass spectrometry	data-dependent acquisition	AC=MS:1002038;NT=label free sample	Q-Exactive Plus	AC=MS:1001251;NT=Trypsin	Ramos_F8.raw	ftp://massive-ftp.ucsd.edu/v06/MSV000093644/library/Human_Immune_Cell_DDA/Ramos/Ramos_F8.raw	MASSIVE	Ramos B cell
PXD047742-Sample-69	Homo sapiens	blood	Ramos B cell	Ramos B cell	normal	normal	DDA library	not available	not available	not available	adult	not available	69	Ramos B cell-DDAlibrary-69	2	9	proteomic profiling by mass spectrometry	data-dependent acquisition	AC=MS:1002038;NT=label free sample	Q-Exactive Plus	AC=MS:1001251;NT=Trypsin	Ramos_F9.raw	ftp://massive-ftp.ucsd.edu/v06/MSV000093644/library/Human_Immune_Cell_DDA/Ramos/Ramos_F9.raw	MASSIVE	Ramos B cell
PXD047742-Sample-69	Homo sapiens	blood	Ramos B cell	Ramos B cell	normal	normal	DDA library	not available	not available	not available	adult	not available	69	Ramos B cell-DDAlibrary-69	2	10	proteomic profiling by mass spectrometry	data-dependent acquisition	AC=MS:1002038;NT=label free sample	Q-Exactive Plus	AC=MS:1001251;NT=Trypsin	Ramos_F10.raw	ftp://massive-ftp.ucsd.edu/v06/MSV000093644/library/Human_Immune_Cell_DDA/Ramos/Ramos_F10.raw	MASSIVE	Ramos B cell
PXD047742-Sample-69	Homo sapiens	blood	Ramos B cell	Ramos B cell	normal	normal	DDA library	not available	not available	not available	adult	not available	69	Ramos B cell-DDAlibrary-69	2	11	proteomic profiling by mass spectrometry	data-dependent acquisition	AC=MS:1002038;NT=label free sample	Q-Exactive Plus	AC=MS:1001251;NT=Trypsin	Ramos_F11.raw	ftp://massive-ftp.ucsd.edu/v06/MSV000093644/library/Human_Immune_Cell_DDA/Ramos/Ramos_F11.raw	MASSIVE	Ramos B cell
PXD047742-Sample-69	Homo sapiens	blood	Ramos B cell	Ramos B cell	normal	normal	DDA library	not available	not available	not available	adult	not available	69	Ramos B cell-DDAlibrary-69	2	12	proteomic profiling by mass spectrometry	data-dependent acquisition	AC=MS:1002038;NT=label free sample	Q-Exactive Plus	AC=MS:1001251;NT=Trypsin	Ramos_F12.raw	ftp://massive-ftp.ucsd.edu/v06/MSV000093644/library/Human_Immune_Cell_DDA/Ramos/Ramos_F12.raw	MASSIVE	Ramos B cell
PXD047742-Sample-70	Homo sapiens	blood	Stimulated_Jurkat T cell	Stimulated_Jurkat T cell	normal	normal	normal	not available	not available	not available	adult	not available	70	Stimulated_Jurkat T cell-DDAlibrary-70	1	1	proteomic profiling by mass spectrometry	data-dependent acquisition	AC=MS:1002038;NT=label free sample	Orbitrap Exploris 240	AC=MS:1001251;NT=Trypsin	Stimulated_Jurkat_F1.raw	ftp://massive-ftp.ucsd.edu/v06/MSV000093644/raw/Stimulated_Jurkat_F1.raw	MASSIVE	Stimulated_Jurkat T cell
PXD047742-Sample-70	Homo sapiens	blood	Stimulated_Jurkat T cell	Stimulated_Jurkat T cell	normal	normal	normal	not available	not available	not available	adult	not available	70	Stimulated_Jurkat T cell-DDAlibrary-70	1	2	proteomic profiling by mass spectrometry	data-dependent acquisition	AC=MS:1002038;NT=label free sample	Orbitrap Exploris 240	AC=MS:1001251;NT=Trypsin	Stimulated_Jurkat_F2.raw	ftp://massive-ftp.ucsd.edu/v06/MSV000093644/raw/Stimulated_Jurkat_F2.raw	MASSIVE	Stimulated_Jurkat T cell
PXD047742-Sample-70	Homo sapiens	blood	Stimulated_Jurkat T cell	Stimulated_Jurkat T cell	normal	normal	normal	not available	not available	not available	adult	not available	70	Stimulated_Jurkat T cell-DDAlibrary-70	1	3	proteomic profiling by mass spectrometry	data-dependent acquisition	AC=MS:1002038;NT=label free sample	Orbitrap Exploris 240	AC=MS:1001251;NT=Trypsin	Stimulated_Jurkat_F3.raw	ftp://massive-ftp.ucsd.edu/v06/MSV000093644/raw/Stimulated_Jurkat_F3.raw	MASSIVE	Stimulated_Jurkat T cell
PXD047742-Sample-70	Homo sapiens	blood	Stimulated_Jurkat T cell	Stimulated_Jurkat T cell	normal	normal	normal	not available	not available	not available	adult	not available	70	Stimulated_Jurkat T cell-DDAlibrary-70	1	4	proteomic profiling by mass spectrometry	data-dependent acquisition	AC=MS:1002038;NT=label free sample	Orbitrap Exploris 240	AC=MS:1001251;NT=Trypsin	Stimulated_Jurkat_F4.raw	ftp://massive-ftp.ucsd.edu/v06/MSV000093644/raw/Stimulated_Jurkat_F4.raw	MASSIVE	Stimulated_Jurkat T cell
PXD047742-Sample-70	Homo sapiens	blood	Stimulated_Jurkat T cell	Stimulated_Jurkat T cell	normal	normal	normal	not available	not available	not available	adult	not available	70	Stimulated_Jurkat T cell-DDAlibrary-70	1	5	proteomic profiling by mass spectrometry	data-dependent acquisition	AC=MS:1002038;NT=label free sample	Orbitrap Exploris 240	AC=MS:1001251;NT=Trypsin	Stimulated_Jurkat_F5.raw	ftp://massive-ftp.ucsd.edu/v06/MSV000093644/raw/Stimulated_Jurkat_F5.raw	MASSIVE	Stimulated_Jurkat T cell
PXD047742-Sample-70	Homo sapiens	blood	Stimulated_Jurkat T cell	Stimulated_Jurkat T cell	normal	normal	normal	not available	not available	not available	adult	not available	70	Stimulated_Jurkat T cell-DDAlibrary-70	1	6	proteomic profiling by mass spectrometry	data-dependent acquisition	AC=MS:1002038;NT=label free sample	Orbitrap Exploris 240	AC=MS:1001251;NT=Trypsin	Stimulated_Jurkat_F6.raw	ftp://massive-ftp.ucsd.edu/v06/MSV000093644/raw/Stimulated_Jurkat_F6.raw	MASSIVE	Stimulated_Jurkat T cell
PXD047742-Sample-70	Homo sapiens	blood	Stimulated_Jurkat T cell	Stimulated_Jurkat T cell	normal	normal	normal	not available	not available	not available	adult	not available	70	Stimulated_Jurkat T cell-DDAlibrary-70	1	7	proteomic profiling by mass spectrometry	data-dependent acquisition	AC=MS:1002038;NT=label free sample	Orbitrap Exploris 240	AC=MS:1001251;NT=Trypsin	Stimulated_Jurkat_F7.raw	ftp://massive-ftp.ucsd.edu/v06/MSV000093644/raw/Stimulated_Jurkat_F7.raw	MASSIVE	Stimulated_Jurkat T cell
PXD047742-Sample-70	Homo sapiens	blood	Stimulated_Jurkat T cell	Stimulated_Jurkat T cell	normal	normal	normal	not available	not available	not available	adult	not available	70	Stimulated_Jurkat T cell-DDAlibrary-70	1	8	proteomic profiling by mass spectrometry	data-dependent acquisition	AC=MS:1002038;NT=label free sample	Orbitrap Exploris 240	AC=MS:1001251;NT=Trypsin	Stimulated_Jurkat_F8.raw	ftp://massive-ftp.ucsd.edu/v06/MSV000093644/raw/Stimulated_Jurkat_F8.raw	MASSIVE	Stimulated_Jurkat T cell
PXD047742-Sample-70	Homo sapiens	blood	Stimulated_Jurkat T cell	Stimulated_Jurkat T cell	normal	normal	normal	not available	not available	not available	adult	not available	70	Stimulated_Jurkat T cell-DDAlibrary-70	1	9	proteomic profiling by mass spectrometry	data-dependent acquisition	AC=MS:1002038;NT=label free sample	Orbitrap Exploris 240	AC=MS:1001251;NT=Trypsin	Stimulated_Jurkat_F9.raw	ftp://massive-ftp.ucsd.edu/v06/MSV000093644/raw/Stimulated_Jurkat_F9.raw	MASSIVE	Stimulated_Jurkat T cell
PXD047742-Sample-70	Homo sapiens	blood	Stimulated_Jurkat T cell	Stimulated_Jurkat T cell	normal	normal	normal	not available	not available	not available	adult	not available	70	Stimulated_Jurkat T cell-DDAlibrary-70	1	10	proteomic profiling by mass spectrometry	data-dependent acquisition	AC=MS:1002038;NT=label free sample	Orbitrap Exploris 240	AC=MS:1001251;NT=Trypsin	Stimulated_Jurkat_F10.raw	ftp://massive-ftp.ucsd.edu/v06/MSV000093644/raw/Stimulated_Jurkat_F10.raw	MASSIVE	Stimulated_Jurkat T cell
PXD047742-Sample-70	Homo sapiens	blood	Stimulated_Jurkat T cell	Stimulated_Jurkat T cell	normal	normal	normal	not available	not available	not available	adult	not available	70	Stimulated_Jurkat T cell-DDAlibrary-70	1	11	proteomic profiling by mass spectrometry	data-dependent acquisition	AC=MS:1002038;NT=label free sample	Orbitrap Exploris 240	AC=MS:1001251;NT=Trypsin	Stimulated_Jurkat_F11.raw	ftp://massive-ftp.ucsd.edu/v06/MSV000093644/raw/Stimulated_Jurkat_F11.raw	MASSIVE	Stimulated_Jurkat T cell
PXD047742-Sample-70	Homo sapiens	blood	Stimulated_Jurkat T cell	Stimulated_Jurkat T cell	normal	normal	normal	not available	not available	not available	adult	not available	70	Stimulated_Jurkat T cell-DDAlibrary-70	1	12	proteomic profiling by mass spectrometry	data-dependent acquisition	AC=MS:1002038;NT=label free sample	Orbitrap Exploris 240	AC=MS:1001251;NT=Trypsin	Stimulated_Jurkat_F12.raw	ftp://massive-ftp.ucsd.edu/v06/MSV000093644/raw/Stimulated_Jurkat_F12.raw	MASSIVE	Stimulated_Jurkat T cell
PXD047742-Sample-70	Homo sapiens	blood	Stimulated_Jurkat T cell	Stimulated_Jurkat T cell	normal	normal	DDA library	not available	not available	not available	adult	not available	70	Stimulated_Jurkat T cell-DDAlibrary-70	2	1	proteomic profiling by mass spectrometry	data-dependent acquisition	AC=MS:1002038;NT=label free sample	Q-Exactive Plus	AC=MS:1001251;NT=Trypsin	Stimulated_Jurkat_F1.raw	ftp://massive-ftp.ucsd.edu/v06/MSV000093644/library/Human_Immune_Cell_DDA/Stimulated%20Jurkat%20cell/Stimulated_Jurkat_F1.raw	MASSIVE	Stimulated_Jurkat T cell
PXD047742-Sample-70	Homo sapiens	blood	Stimulated_Jurkat T cell	Stimulated_Jurkat T cell	normal	normal	DDA library	not available	not available	not available	adult	not available	70	Stimulated_Jurkat T cell-DDAlibrary-70	2	2	proteomic profiling by mass spectrometry	data-dependent acquisition	AC=MS:1002038;NT=label free sample	Q-Exactive Plus	AC=MS:1001251;NT=Trypsin	Stimulated_Jurkat_F2.raw	ftp://massive-ftp.ucsd.edu/v06/MSV000093644/library/Human_Immune_Cell_DDA/Stimulated%20Jurkat%20cell/Stimulated_Jurkat_F2.raw	MASSIVE	Stimulated_Jurkat T cell
PXD047742-Sample-70	Homo sapiens	blood	Stimulated_Jurkat T cell	Stimulated_Jurkat T cell	normal	normal	DDA library	not available	not available	not available	adult	not available	70	Stimulated_Jurkat T cell-DDAlibrary-70	2	3	proteomic profiling by mass spectrometry	data-dependent acquisition	AC=MS:1002038;NT=label free sample	Q-Exactive Plus	AC=MS:1001251;NT=Trypsin	Stimulated_Jurkat_F3.raw	ftp://massive-ftp.ucsd.edu/v06/MSV000093644/library/Human_Immune_Cell_DDA/Stimulated%20Jurkat%20cell/Stimulated_Jurkat_F3.raw	MASSIVE	Stimulated_Jurkat T cell
PXD047742-Sample-70	Homo sapiens	blood	Stimulated_Jurkat T cell	Stimulated_Jurkat T cell	normal	normal	DDA library	not available	not available	not available	adult	not available	70	Stimulated_Jurkat T cell-DDAlibrary-70	2	4	proteomic profiling by mass spectrometry	data-dependent acquisition	AC=MS:1002038;NT=label free sample	Q-Exactive Plus	AC=MS:1001251;NT=Trypsin	Stimulated_Jurkat_F4.raw	ftp://massive-ftp.ucsd.edu/v06/MSV000093644/library/Human_Immune_Cell_DDA/Stimulated%20Jurkat%20cell/Stimulated_Jurkat_F4.raw	MASSIVE	Stimulated_Jurkat T cell
PXD047742-Sample-70	Homo sapiens	blood	Stimulated_Jurkat T cell	Stimulated_Jurkat T cell	normal	normal	DDA library	not available	not available	not available	adult	not available	70	Stimulated_Jurkat T cell-DDAlibrary-70	2	5	proteomic profiling by mass spectrometry	data-dependent acquisition	AC=MS:1002038;NT=label free sample	Q-Exactive Plus	AC=MS:1001251;NT=Trypsin	Stimulated_Jurkat_F5.raw	ftp://massive-ftp.ucsd.edu/v06/MSV000093644/library/Human_Immune_Cell_DDA/Stimulated%20Jurkat%20cell/Stimulated_Jurkat_F5.raw	MASSIVE	Stimulated_Jurkat T cell
PXD047742-Sample-70	Homo sapiens	blood	Stimulated_Jurkat T cell	Stimulated_Jurkat T cell	normal	normal	DDA library	not available	not available	not available	adult	not available	70	Stimulated_Jurkat T cell-DDAlibrary-70	2	6	proteomic profiling by mass spectrometry	data-dependent acquisition	AC=MS:1002038;NT=label free sample	Q-Exactive Plus	AC=MS:1001251;NT=Trypsin	Stimulated_Jurkat_F6.raw	ftp://massive-ftp.ucsd.edu/v06/MSV000093644/library/Human_Immune_Cell_DDA/Stimulated%20Jurkat%20cell/Stimulated_Jurkat_F6.raw	MASSIVE	Stimulated_Jurkat T cell
PXD047742-Sample-70	Homo sapiens	blood	Stimulated_Jurkat T cell	Stimulated_Jurkat T cell	normal	normal	DDA library	not available	not available	not available	adult	not available	70	Stimulated_Jurkat T cell-DDAlibrary-70	2	7	proteomic profiling by mass spectrometry	data-dependent acquisition	AC=MS:1002038;NT=label free sample	Q-Exactive Plus	AC=MS:1001251;NT=Trypsin	Stimulated_Jurkat_F7.raw	ftp://massive-ftp.ucsd.edu/v06/MSV000093644/library/Human_Immune_Cell_DDA/Stimulated%20Jurkat%20cell/Stimulated_Jurkat_F7.raw	MASSIVE	Stimulated_Jurkat T cell
PXD047742-Sample-70	Homo sapiens	blood	Stimulated_Jurkat T cell	Stimulated_Jurkat T cell	normal	normal	DDA library	not available	not available	not available	adult	not available	70	Stimulated_Jurkat T cell-DDAlibrary-70	2	8	proteomic profiling by mass spectrometry	data-dependent acquisition	AC=MS:1002038;NT=label free sample	Q-Exactive Plus	AC=MS:1001251;NT=Trypsin	Stimulated_Jurkat_F8.raw	ftp://massive-ftp.ucsd.edu/v06/MSV000093644/library/Human_Immune_Cell_DDA/Stimulated%20Jurkat%20cell/Stimulated_Jurkat_F8.raw	MASSIVE	Stimulated_Jurkat T cell
PXD047742-Sample-70	Homo sapiens	blood	Stimulated_Jurkat T cell	Stimulated_Jurkat T cell	normal	normal	DDA library	not available	not available	not available	adult	not available	70	Stimulated_Jurkat T cell-DDAlibrary-70	2	9	proteomic profiling by mass spectrometry	data-dependent acquisition	AC=MS:1002038;NT=label free sample	Q-Exactive Plus	AC=MS:1001251;NT=Trypsin	Stimulated_Jurkat_F9.raw	ftp://massive-ftp.ucsd.edu/v06/MSV000093644/library/Human_Immune_Cell_DDA/Stimulated%20Jurkat%20cell/Stimulated_Jurkat_F9.raw	MASSIVE	Stimulated_Jurkat T cell
PXD047742-Sample-70	Homo sapiens	blood	Stimulated_Jurkat T cell	Stimulated_Jurkat T cell	normal	normal	DDA library	not available	not available	not available	adult	not available	70	Stimulated_Jurkat T cell-DDAlibrary-70	2	10	proteomic profiling by mass spectrometry	data-dependent acquisition	AC=MS:1002038;NT=label free sample	Q-Exactive Plus	AC=MS:1001251;NT=Trypsin	Stimulated_Jurkat_F10.raw	ftp://massive-ftp.ucsd.edu/v06/MSV000093644/library/Human_Immune_Cell_DDA/Stimulated%20Jurkat%20cell/Stimulated_Jurkat_F10.raw	MASSIVE	Stimulated_Jurkat T cell
PXD047742-Sample-70	Homo sapiens	blood	Stimulated_Jurkat T cell	Stimulated_Jurkat T cell	normal	normal	DDA library	not available	not available	not available	adult	not available	70	Stimulated_Jurkat T cell-DDAlibrary-70	2	11	proteomic profiling by mass spectrometry	data-dependent acquisition	AC=MS:1002038;NT=label free sample	Q-Exactive Plus	AC=MS:1001251;NT=Trypsin	Stimulated_Jurkat_F11.raw	ftp://massive-ftp.ucsd.edu/v06/MSV000093644/library/Human_Immune_Cell_DDA/Stimulated%20Jurkat%20cell/Stimulated_Jurkat_F11.raw	MASSIVE	Stimulated_Jurkat T cell
PXD047742-Sample-70	Homo sapiens	blood	Stimulated_Jurkat T cell	Stimulated_Jurkat T cell	normal	normal	DDA library	not available	not available	not available	adult	not available	70	Stimulated_Jurkat T cell-DDAlibrary-70	2	12	proteomic profiling by mass spectrometry	data-dependent acquisition	AC=MS:1002038;NT=label free sample	Q-Exactive Plus	AC=MS:1001251;NT=Trypsin	Stimulated_Jurkat_F12.raw	ftp://massive-ftp.ucsd.edu/v06/MSV000093644/library/Human_Immune_Cell_DDA/Stimulated%20Jurkat%20cell/Stimulated_Jurkat_F12.raw	MASSIVE	Stimulated_Jurkat T cell
PXD047742-Sample-71	Homo sapiens	blood	THP-1 DC like monocyte	THP-1 DC like monocyte	normal	normal	normal	not available	not available	not available	adult	not available	71	THP-1 DC like monocyte-DDAlibrary-71	1	1	proteomic profiling by mass spectrometry	data-dependent acquisition	AC=MS:1002038;NT=label free sample	Orbitrap Exploris 240	AC=MS:1001251;NT=Trypsin	THP-1_F1.raw	ftp://massive-ftp.ucsd.edu/v06/MSV000093644/raw/THP-1_F1.raw	MASSIVE	THP-1 DC like monocyte
PXD047742-Sample-71	Homo sapiens	blood	THP-1 DC like monocyte	THP-1 DC like monocyte	normal	normal	normal	not available	not available	not available	adult	not available	71	THP-1 DC like monocyte-DDAlibrary-71	1	2	proteomic profiling by mass spectrometry	data-dependent acquisition	AC=MS:1002038;NT=label free sample	Orbitrap Exploris 240	AC=MS:1001251;NT=Trypsin	THP-1_F2.raw	ftp://massive-ftp.ucsd.edu/v06/MSV000093644/raw/THP-1_F2.raw	MASSIVE	THP-1 DC like monocyte
PXD047742-Sample-71	Homo sapiens	blood	THP-1 DC like monocyte	THP-1 DC like monocyte	normal	normal	normal	not available	not available	not available	adult	not available	71	THP-1 DC like monocyte-DDAlibrary-71	1	3	proteomic profiling by mass spectrometry	data-dependent acquisition	AC=MS:1002038;NT=label free sample	Orbitrap Exploris 240	AC=MS:1001251;NT=Trypsin	THP-1_F3.raw	ftp://massive-ftp.ucsd.edu/v06/MSV000093644/raw/THP-1_F3.raw	MASSIVE	THP-1 DC like monocyte
PXD047742-Sample-71	Homo sapiens	blood	THP-1 DC like monocyte	THP-1 DC like monocyte	normal	normal	normal	not available	not available	not available	adult	not available	71	THP-1 DC like monocyte-DDAlibrary-71	1	4	proteomic profiling by mass spectrometry	data-dependent acquisition	AC=MS:1002038;NT=label free sample	Orbitrap Exploris 240	AC=MS:1001251;NT=Trypsin	THP-1_F4.raw	ftp://massive-ftp.ucsd.edu/v06/MSV000093644/raw/THP-1_F4.raw	MASSIVE	THP-1 DC like monocyte
PXD047742-Sample-71	Homo sapiens	blood	THP-1 DC like monocyte	THP-1 DC like monocyte	normal	normal	normal	not available	not available	not available	adult	not available	71	THP-1 DC like monocyte-DDAlibrary-71	1	5	proteomic profiling by mass spectrometry	data-dependent acquisition	AC=MS:1002038;NT=label free sample	Orbitrap Exploris 240	AC=MS:1001251;NT=Trypsin	THP-1_F5.raw	ftp://massive-ftp.ucsd.edu/v06/MSV000093644/raw/THP-1_F5.raw	MASSIVE	THP-1 DC like monocyte
PXD047742-Sample-71	Homo sapiens	blood	THP-1 DC like monocyte	THP-1 DC like monocyte	normal	normal	normal	not available	not available	not available	adult	not available	71	THP-1 DC like monocyte-DDAlibrary-71	1	6	proteomic profiling by mass spectrometry	data-dependent acquisition	AC=MS:1002038;NT=label free sample	Orbitrap Exploris 240	AC=MS:1001251;NT=Trypsin	THP-1_F6.raw	ftp://massive-ftp.ucsd.edu/v06/MSV000093644/raw/THP-1_F6.raw	MASSIVE	THP-1 DC like monocyte
PXD047742-Sample-71	Homo sapiens	blood	THP-1 DC like monocyte	THP-1 DC like monocyte	normal	normal	normal	not available	not available	not available	adult	not available	71	THP-1 DC like monocyte-DDAlibrary-71	1	7	proteomic profiling by mass spectrometry	data-dependent acquisition	AC=MS:1002038;NT=label free sample	Orbitrap Exploris 240	AC=MS:1001251;NT=Trypsin	THP-1_F7.raw	ftp://massive-ftp.ucsd.edu/v06/MSV000093644/raw/THP-1_F7.raw	MASSIVE	THP-1 DC like monocyte
PXD047742-Sample-71	Homo sapiens	blood	THP-1 DC like monocyte	THP-1 DC like monocyte	normal	normal	normal	not available	not available	not available	adult	not available	71	THP-1 DC like monocyte-DDAlibrary-71	1	8	proteomic profiling by mass spectrometry	data-dependent acquisition	AC=MS:1002038;NT=label free sample	Orbitrap Exploris 240	AC=MS:1001251;NT=Trypsin	THP-1_F8.raw	ftp://massive-ftp.ucsd.edu/v06/MSV000093644/raw/THP-1_F8.raw	MASSIVE	THP-1 DC like monocyte
PXD047742-Sample-71	Homo sapiens	blood	THP-1 DC like monocyte	THP-1 DC like monocyte	normal	normal	normal	not available	not available	not available	adult	not available	71	THP-1 DC like monocyte-DDAlibrary-71	1	9	proteomic profiling by mass spectrometry	data-dependent acquisition	AC=MS:1002038;NT=label free sample	Orbitrap Exploris 240	AC=MS:1001251;NT=Trypsin	THP-1_F9.raw	ftp://massive-ftp.ucsd.edu/v06/MSV000093644/raw/THP-1_F9.raw	MASSIVE	THP-1 DC like monocyte
PXD047742-Sample-71	Homo sapiens	blood	THP-1 DC like monocyte	THP-1 DC like monocyte	normal	normal	normal	not available	not available	not available	adult	not available	71	THP-1 DC like monocyte-DDAlibrary-71	1	10	proteomic profiling by mass spectrometry	data-dependent acquisition	AC=MS:1002038;NT=label free sample	Orbitrap Exploris 240	AC=MS:1001251;NT=Trypsin	THP-1_F10.raw	ftp://massive-ftp.ucsd.edu/v06/MSV000093644/raw/THP-1_F10.raw	MASSIVE	THP-1 DC like monocyte
PXD047742-Sample-71	Homo sapiens	blood	THP-1 DC like monocyte	THP-1 DC like monocyte	normal	normal	normal	not available	not available	not available	adult	not available	71	THP-1 DC like monocyte-DDAlibrary-71	1	11	proteomic profiling by mass spectrometry	data-dependent acquisition	AC=MS:1002038;NT=label free sample	Orbitrap Exploris 240	AC=MS:1001251;NT=Trypsin	THP-1_F11.raw	ftp://massive-ftp.ucsd.edu/v06/MSV000093644/raw/THP-1_F11.raw	MASSIVE	THP-1 DC like monocyte
PXD047742-Sample-71	Homo sapiens	blood	THP-1 DC like monocyte	THP-1 DC like monocyte	normal	normal	normal	not available	not available	not available	adult	not available	71	THP-1 DC like monocyte-DDAlibrary-71	1	12	proteomic profiling by mass spectrometry	data-dependent acquisition	AC=MS:1002038;NT=label free sample	Orbitrap Exploris 240	AC=MS:1001251;NT=Trypsin	THP-1_F12.raw	ftp://massive-ftp.ucsd.edu/v06/MSV000093644/raw/THP-1_F12.raw	MASSIVE	THP-1 DC like monocyte
PXD047742-Sample-71	Homo sapiens	blood	THP-1 DC like monocyte	THP-1 DC like monocyte	normal	normal	DDA library	not available	not available	not available	adult	not available	71	THP-1 DC like monocyte-DDAlibrary-71	2	1	proteomic profiling by mass spectrometry	data-dependent acquisition	AC=MS:1002038;NT=label free sample	Q-Exactive Plus	AC=MS:1001251;NT=Trypsin	THP-1_F1.raw	ftp://massive-ftp.ucsd.edu/v06/MSV000093644/library/Human_Immune_Cell_DDA/THP-1/THP-1_F1.raw	MASSIVE	THP-1 DC like monocyte
PXD047742-Sample-71	Homo sapiens	blood	THP-1 DC like monocyte	THP-1 DC like monocyte	normal	normal	DDA library	not available	not available	not available	adult	not available	71	THP-1 DC like monocyte-DDAlibrary-71	2	2	proteomic profiling by mass spectrometry	data-dependent acquisition	AC=MS:1002038;NT=label free sample	Q-Exactive Plus	AC=MS:1001251;NT=Trypsin	THP-1_F2.raw	ftp://massive-ftp.ucsd.edu/v06/MSV000093644/library/Human_Immune_Cell_DDA/THP-1/THP-1_F2.raw	MASSIVE	THP-1 DC like monocyte
PXD047742-Sample-71	Homo sapiens	blood	THP-1 DC like monocyte	THP-1 DC like monocyte	normal	normal	DDA library	not available	not available	not available	adult	not available	71	THP-1 DC like monocyte-DDAlibrary-71	2	3	proteomic profiling by mass spectrometry	data-dependent acquisition	AC=MS:1002038;NT=label free sample	Q-Exactive Plus	AC=MS:1001251;NT=Trypsin	THP-1_F3.raw	ftp://massive-ftp.ucsd.edu/v06/MSV000093644/library/Human_Immune_Cell_DDA/THP-1/THP-1_F3.raw	MASSIVE	THP-1 DC like monocyte
PXD047742-Sample-71	Homo sapiens	blood	THP-1 DC like monocyte	THP-1 DC like monocyte	normal	normal	DDA library	not available	not available	not available	adult	not available	71	THP-1 DC like monocyte-DDAlibrary-71	2	4	proteomic profiling by mass spectrometry	data-dependent acquisition	AC=MS:1002038;NT=label free sample	Q-Exactive Plus	AC=MS:1001251;NT=Trypsin	THP-1_F4.raw	ftp://massive-ftp.ucsd.edu/v06/MSV000093644/library/Human_Immune_Cell_DDA/THP-1/THP-1_F4.raw	MASSIVE	THP-1 DC like monocyte
PXD047742-Sample-71	Homo sapiens	blood	THP-1 DC like monocyte	THP-1 DC like monocyte	normal	normal	DDA library	not available	not available	not available	adult	not available	71	THP-1 DC like monocyte-DDAlibrary-71	2	5	proteomic profiling by mass spectrometry	data-dependent acquisition	AC=MS:1002038;NT=label free sample	Q-Exactive Plus	AC=MS:1001251;NT=Trypsin	THP-1_F5.raw	ftp://massive-ftp.ucsd.edu/v06/MSV000093644/library/Human_Immune_Cell_DDA/THP-1/THP-1_F5.raw	MASSIVE	THP-1 DC like monocyte
PXD047742-Sample-71	Homo sapiens	blood	THP-1 DC like monocyte	THP-1 DC like monocyte	normal	normal	DDA library	not available	not available	not available	adult	not available	71	THP-1 DC like monocyte-DDAlibrary-71	2	6	proteomic profiling by mass spectrometry	data-dependent acquisition	AC=MS:1002038;NT=label free sample	Q-Exactive Plus	AC=MS:1001251;NT=Trypsin	THP-1_F6.raw	ftp://massive-ftp.ucsd.edu/v06/MSV000093644/library/Human_Immune_Cell_DDA/THP-1/THP-1_F6.raw	MASSIVE	THP-1 DC like monocyte
PXD047742-Sample-71	Homo sapiens	blood	THP-1 DC like monocyte	THP-1 DC like monocyte	normal	normal	DDA library	not available	not available	not available	adult	not available	71	THP-1 DC like monocyte-DDAlibrary-71	2	7	proteomic profiling by mass spectrometry	data-dependent acquisition	AC=MS:1002038;NT=label free sample	Q-Exactive Plus	AC=MS:1001251;NT=Trypsin	THP-1_F7.raw	ftp://massive-ftp.ucsd.edu/v06/MSV000093644/library/Human_Immune_Cell_DDA/THP-1/THP-1_F7.raw	MASSIVE	THP-1 DC like monocyte
PXD047742-Sample-71	Homo sapiens	blood	THP-1 DC like monocyte	THP-1 DC like monocyte	normal	normal	DDA library	not available	not available	not available	adult	not available	71	THP-1 DC like monocyte-DDAlibrary-71	2	8	proteomic profiling by mass spectrometry	data-dependent acquisition	AC=MS:1002038;NT=label free sample	Q-Exactive Plus	AC=MS:1001251;NT=Trypsin	THP-1_F8.raw	ftp://massive-ftp.ucsd.edu/v06/MSV000093644/library/Human_Immune_Cell_DDA/THP-1/THP-1_F8.raw	MASSIVE	THP-1 DC like monocyte
PXD047742-Sample-71	Homo sapiens	blood	THP-1 DC like monocyte	THP-1 DC like monocyte	normal	normal	DDA library	not available	not available	not available	adult	not available	71	THP-1 DC like monocyte-DDAlibrary-71	2	9	proteomic profiling by mass spectrometry	data-dependent acquisition	AC=MS:1002038;NT=label free sample	Q-Exactive Plus	AC=MS:1001251;NT=Trypsin	THP-1_F9.raw	ftp://massive-ftp.ucsd.edu/v06/MSV000093644/library/Human_Immune_Cell_DDA/THP-1/THP-1_F9.raw	MASSIVE	THP-1 DC like monocyte
PXD047742-Sample-71	Homo sapiens	blood	THP-1 DC like monocyte	THP-1 DC like monocyte	normal	normal	DDA library	not available	not available	not available	adult	not available	71	THP-1 DC like monocyte-DDAlibrary-71	2	10	proteomic profiling by mass spectrometry	data-dependent acquisition	AC=MS:1002038;NT=label free sample	Q-Exactive Plus	AC=MS:1001251;NT=Trypsin	THP-1_F10.raw	ftp://massive-ftp.ucsd.edu/v06/MSV000093644/library/Human_Immune_Cell_DDA/THP-1/THP-1_F10.raw	MASSIVE	THP-1 DC like monocyte
PXD047742-Sample-71	Homo sapiens	blood	THP-1 DC like monocyte	THP-1 DC like monocyte	normal	normal	DDA library	not available	not available	not available	adult	not available	71	THP-1 DC like monocyte-DDAlibrary-71	2	11	proteomic profiling by mass spectrometry	data-dependent acquisition	AC=MS:1002038;NT=label free sample	Q-Exactive Plus	AC=MS:1001251;NT=Trypsin	THP-1_F11.raw	ftp://massive-ftp.ucsd.edu/v06/MSV000093644/library/Human_Immune_Cell_DDA/THP-1/THP-1_F11.raw	MASSIVE	THP-1 DC like monocyte
PXD047742-Sample-71	Homo sapiens	blood	THP-1 DC like monocyte	THP-1 DC like monocyte	normal	normal	DDA library	not available	not available	not available	adult	not available	71	THP-1 DC like monocyte-DDAlibrary-71	2	12	proteomic profiling by mass spectrometry	data-dependent acquisition	AC=MS:1002038;NT=label free sample	Q-Exactive Plus	AC=MS:1001251;NT=Trypsin	THP-1_F12.raw	ftp://massive-ftp.ucsd.edu/v06/MSV000093644/library/Human_Immune_Cell_DDA/THP-1/THP-1_F12.raw	MASSIVE	THP-1 DC like monocyte